interval_start_utc,CAISO_TH_NP15_GEN-APND,ERCOT_HB_HOUSTON,ILLINOIS_ILLINOIS.HUB,ISONE_.H.INTERNAL_HUB,NYISO_CAPITL,OHIO_OHIO HUB,PJM_AECO,SPP_SPPSOUTH_HUB
2025-03-24 04:00:00+00:00,,,,38.61,55.15,26.13,28.05,
2025-03-24 04:05:00+00:00,,,,38.61,55.15,25.6,23.71,
2025-03-24 04:10:00+00:00,,,,38.61,57.74,26.26,24.71,
2025-03-24 04:15:00+00:00,,,,40.82,56.35,22.61,24.65,
2025-03-24 04:20:00+00:00,,,,38.59,55.1,22.5,24.52,
2025-03-24 04:25:00+00:00,,,,38.59,52.37,28.85,26.4,
2025-03-24 04:30:00+00:00,,,,38.62,52.32,26.5,24.1,
2025-03-24 04:35:00+00:00,,,,38.61,45.54,33.41,31.29,
2025-03-24 04:40:00+00:00,,,,38.61,45.5,29.53,31.98,
2025-03-24 04:45:00+00:00,,,,40.41,44.09,25.2,26.99,
2025-03-24 04:50:00+00:00,,,,38.68,44.09,32.17,28.52,
2025-03-24 04:55:00+00:00,,,,38.68,42.69,26.2,27.81,
2025-03-24 05:00:00+00:00,,27.25,19.62,38.68,40.89,33.93,36.28,25.5081
2025-03-24 05:05:00+00:00,,27.13,19.19,38.59,37.7,31.46,30.34,26.2109
2025-03-24 05:10:00+00:00,,28.25,18.33,38.59,37.77,28.52,30.48,26.2085
2025-03-24 05:15:00+00:00,,28.28,18.06,38.59,39.37,33.46,30.48,26.7354
2025-03-24 05:20:00+00:00,,28.56,16.02,38.62,39.37,28.49,30.51,26.0502
2025-03-24 05:25:00+00:00,,28.63,13.61,38.62,37.98,30.3,30.76,25.9796
2025-03-24 05:30:00+00:00,,28.72,17.71,36.78,39.41,30.3,30.76,25.6854
2025-03-24 05:35:00+00:00,,29.14,18.65,36.78,37.98,26.56,27.73,13.0021
2025-03-24 05:40:00+00:00,,29.41,17.88,34.67,37.85,29.46,30.53,25.7168
2025-03-24 05:45:00+00:00,,29.19,19.15,34.67,37.85,27.01,28.14,25.9046
2025-03-24 05:50:00+00:00,,29.11,18.31,34.79,37.6,32.66,30.64,25.8148
2025-03-24 05:55:00+00:00,,29.14,18.19,34.79,37.56,29.18,30.18,25.7037
2025-03-24 06:00:00+00:00,,28.89,19.07,35.8,37.36,26.99,28.01,25.042
2025-03-24 06:05:00+00:00,,28.88,10.28,35.8,37.28,26.65,27.59,24.9907
2025-03-24 06:10:00+00:00,,28.49,16.9,36.66,37.18,26.48,27.41,25.2851
2025-03-24 06:15:00+00:00,,27.5,19.38,36.67,37.22,23.8,25.05,26.1029
2025-03-24 06:20:00+00:00,,25.46,19.52,36.67,35.59,24.47,25.82,25.6754
2025-03-24 06:25:00+00:00,,25.03,19.44,36.7,32.98,22.85,24.2,25.2709
2025-03-24 06:30:00+00:00,,25.24,19.4,36.7,32.98,23.73,25.04,24.8818
2025-03-24 06:35:00+00:00,,25.75,19.43,35.42,32.98,25.23,26.46,24.9125
2025-03-24 06:40:00+00:00,,26.19,19.66,34.75,32.64,25.22,26.53,24.9256
2025-03-24 06:45:00+00:00,,27.65,20.09,33.27,32.64,24.81,26.14,25.1085
2025-03-24 06:50:00+00:00,,29.16,19.76,33.27,32.64,24.66,25.79,25.0051
2025-03-24 06:55:00+00:00,,28.11,20.88,34.04,31.29,24.74,26.11,25.5367
2025-03-24 07:00:00+00:00,33.82879,26.21,20.17,34.04,32.64,24.5,25.75,25.1412
2025-03-24 07:05:00+00:00,34.53201,26.25,19.76,32.73,31.29,24.83,25.79,24.9424
2025-03-24 07:10:00+00:00,32.59188,25.3,20.18,32.73,31.23,26.44,27.41,24.9631
2025-03-24 07:15:00+00:00,32.66328,25.27,20.4,32.13,31.29,26.11,27.41,25.2548
2025-03-24 07:20:00+00:00,32.66922,24.44,19.51,32.13,31.26,26.02,26.99,25.0259
2025-03-24 07:25:00+00:00,32.95478,24.51,20.26,31.86,31.23,26.03,27.59,24.6773
2025-03-24 07:30:00+00:00,32.7952,24.73,17.85,31.86,31.23,22.21,23.54,24.5976
2025-03-24 07:35:00+00:00,32.72066,24.11,19.16,31.45,31.23,23.97,25.22,24.4387
2025-03-24 07:40:00+00:00,32.28776,23.38,19.14,31.45,31.17,24.97,26.28,24.6201
2025-03-24 07:45:00+00:00,31.38341,23.14,20.25,31.65,31.17,24.86,26.36,24.513
2025-03-24 07:50:00+00:00,31.34114,22.9,19.65,31.67,31.17,29.07,30.25,24.4901
2025-03-24 07:55:00+00:00,31.34114,23,20.02,31.67,32.61,27.66,28.15,24.9837
2025-03-24 08:00:00+00:00,31.79871,21.3,19.64,31.67,34,24.69,25.62,25.4534
2025-03-24 08:05:00+00:00,31.79871,22.65,19.62,31.88,35.31,24.68,25.52,24.4038
2025-03-24 08:10:00+00:00,31.48255,22.68,19.78,31.88,35.25,24.36,25.2,24.6037
2025-03-24 08:15:00+00:00,31.40974,22.86,20.94,32.06,33.69,24.58,25.83,24.8422
2025-03-24 08:20:00+00:00,31.32987,23.03,20.58,32.06,33.69,27.18,27.52,24.6163
2025-03-24 08:25:00+00:00,31.10797,22.04,20.74,31.89,33.27,25.59,26.87,24.9158
2025-03-24 08:30:00+00:00,30.56758,22.15,20.52,31.89,34,23.75,24.95,24.9995
2025-03-24 08:35:00+00:00,30.95849,22.2,20.96,31.62,35.22,35.14,36.78,24.8968
2025-03-24 08:40:00+00:00,30.39295,22.41,20.71,31.62,35.34,28.12,28.15,25.0322
2025-03-24 08:45:00+00:00,30.46717,22.46,21.06,31.28,35.34,25.8,27.08,24.9318
2025-03-24 08:50:00+00:00,30.4446,21.94,21.06,31.28,36.97,26.23,27.47,24.8617
2025-03-24 08:55:00+00:00,30.4027,21.6,21.2,32.71,35.42,24.47,25.6,24.9187
2025-03-24 09:00:00+00:00,30.63122,21.59,20.49,32.39,37.38,29.27,26.92,25.1573
2025-03-24 09:05:00+00:00,30.42285,22.22,21.14,32.78,42.61,28.26,29.57,25.0299
2025-03-24 09:10:00+00:00,30.70634,22.91,20.97,32.78,37.7,30.9,32.38,25.142
2025-03-24 09:15:00+00:00,30.19181,23.51,21.2,38.75,37.67,30.64,30.82,25.3835
2025-03-24 09:20:00+00:00,29.68593,23.18,21.39,38.79,37.67,40.04,41.68,25.4297
2025-03-24 09:25:00+00:00,29.39067,22.86,21.91,38.76,37.59,137.11,63.39,40.5545
2025-03-24 09:30:00+00:00,28.88612,22.77,21.52,38.76,42.57,114.09,78.2,34.5953
2025-03-24 09:35:00+00:00,28.70932,22.7,18.55,38.75,41.89,192.71,184.15,29.1134
2025-03-24 09:40:00+00:00,28.5675,23.39,24.14,38.75,39.42,113.14,115.11,29.2882
2025-03-24 09:45:00+00:00,28.49722,22.84,25.23,38.75,42.57,51.68,51.8,27.6685
2025-03-24 09:50:00+00:00,28.40438,22.72,25.38,41.91,42.94,30.09,28.19,24.8164
2025-03-24 09:55:00+00:00,28.86774,22.5,25.97,41.91,34.99,34.62,29.69,25.5637
2025-03-24 10:00:00+00:00,30.50118,22.56,24.26,35,39.23,39.19,25.75,25.959
2025-03-24 10:05:00+00:00,30.50003,23.09,25.53,37.57,43.84,39.8,26.11,32.4808
2025-03-24 10:10:00+00:00,30.79391,23.76,29.45,40.88,43.84,40.53,30.5,32.7246
2025-03-24 10:15:00+00:00,30.6797,24.05,25.91,40.88,42.97,39.63,30.55,32.3446
2025-03-24 10:20:00+00:00,30.74935,23.87,27.03,47.79,46.64,67.11,36.52,32.9736
2025-03-24 10:25:00+00:00,30.79105,24.21,28.26,67.09,49.17,42.23,44.3,37.2045
2025-03-24 10:30:00+00:00,30.86449,24.47,30.24,67.11,50.33,77.43,32.88,39.2618
2025-03-24 10:35:00+00:00,30.97313,25.25,32.93,68.14,57.93,115.22,62.91,39.6753
2025-03-24 10:40:00+00:00,31.04991,27.51,31.08,68.14,55.87,63.19,52.66,41.1341
2025-03-24 10:45:00+00:00,31.09545,28.35,26.38,67.09,53.9,98.1,73.07,43.0028
2025-03-24 10:50:00+00:00,30.74688,28.38,28.46,67.03,55.88,101.98,68.94,41.4183
2025-03-24 10:55:00+00:00,30.31087,32.95,26.01,67.03,39.78,135.02,39.22,41.6985
2025-03-24 11:00:00+00:00,25.39918,29.52,26.2,57.51,41.77,107.47,41.61,24.156
2025-03-24 11:05:00+00:00,26.48095,30.92,30.84,57.51,45.37,97.15,87.66,20.5441
2025-03-24 11:10:00+00:00,27.85827,33.73,26.15,57.51,58.59,97.75,85.73,38.137
2025-03-24 11:15:00+00:00,28.50366,33.55,37.37,73.01,73.38,33.6,39.59,36.9769
2025-03-24 11:20:00+00:00,29.10522,34.54,34.72,60.48,93.62,103.61,64.72,35.4649
2025-03-24 11:25:00+00:00,29.57819,38.26,37.03,60.48,95.51,56.51,34.1,34.673
2025-03-24 11:30:00+00:00,29.88779,39.68,36.86,48.63,113.56,118.06,59.93,36.6843
2025-03-24 11:35:00+00:00,30.58566,35.75,39.63,58.12,104.77,145.76,121.72,30.5223
2025-03-24 11:40:00+00:00,30.59052,35.76,84.2,60.8,93.81,143.72,119.23,28.8343
2025-03-24 11:45:00+00:00,31.47422,36.91,173.24,60.8,73.61,96.41,82.43,33.2484
2025-03-24 11:50:00+00:00,31.53843,35.09,45.05,73.2,93.93,46.67,47.46,31.8536
2025-03-24 11:55:00+00:00,33.224,38.42,44.75,73.2,72.86,82.86,124.43,24.2924
2025-03-24 12:00:00+00:00,25.49961,35.26,51.35,68.08,61.84,67.71,86.63,18.6449
2025-03-24 12:05:00+00:00,25.80908,35.35,41.84,68.08,72.78,35.45,55.4,30.9286
2025-03-24 12:10:00+00:00,28.49466,38.23,48.07,73.76,80.35,43.47,83.61,33.8691
2025-03-24 12:15:00+00:00,27.90074,39.03,33.47,61.9,84.02,43.81,83.67,33.5186
2025-03-24 12:20:00+00:00,32.36068,39.02,32.07,61.9,87.47,43.24,46.9,26.7945
2025-03-24 12:25:00+00:00,32.21508,37.6,32.76,72.06,87.86,28.94,67.8,27.6235
2025-03-24 12:30:00+00:00,32.40411,35.5,32.16,64.87,87.88,29.34,56.65,26.9173
2025-03-24 12:35:00+00:00,32.82505,33.78,31.3,64.87,90.89,36.7,38.11,21.7573
2025-03-24 12:40:00+00:00,32.84274,32.99,31.04,66.92,77.72,40.17,43.16,50.8182
2025-03-24 12:45:00+00:00,33.38421,32.95,31.01,66.92,61.9,34.69,39.94,51.5578
2025-03-24 12:50:00+00:00,34.99227,30.84,24.68,69.29,61.96,35.38,47.66,24.5604
2025-03-24 12:55:00+00:00,37.69853,30.07,27.18,69.29,238.2,36.99,41.5,18.7432
2025-03-24 13:00:00+00:00,25.48748,32.6,32.04,68.65,187.87,48.18,45.45,8.3351
2025-03-24 13:05:00+00:00,28.40453,29.73,42.44,68.7,233.07,33.61,38.39,10.0847
2025-03-24 13:10:00+00:00,28.31985,23.97,28.13,68.06,249.5,37.42,42.86,15.3018
2025-03-24 13:15:00+00:00,30.11463,21.66,28.92,68.06,208.63,41.15,49.01,23.4947
2025-03-24 13:20:00+00:00,33.73338,19.74,33.5,66.9,158.53,41.74,47.89,26.0531
2025-03-24 13:25:00+00:00,34.64152,18.63,28.08,66.9,122.75,36.73,41.84,17.0242
2025-03-24 13:30:00+00:00,36.03009,18.61,22.29,67.87,69.52,36.2,38.56,19.5703
2025-03-24 13:35:00+00:00,37.90394,18.14,22.22,69.87,122.49,33.5,35.79,13.6922
2025-03-24 13:40:00+00:00,39.02918,17,23.67,70.03,137.34,29.02,34.62,15.4559
2025-03-24 13:45:00+00:00,40.62837,8.89,28.02,70.03,137.89,32.46,36.92,21.5057
2025-03-24 13:50:00+00:00,41.4036,7.14,51.7,69.6,132.53,33.33,48.75,23.2939
2025-03-24 13:55:00+00:00,41.4036,3.14,58.87,69.55,139.94,36.55,42.06,20.3133
2025-03-24 14:00:00+00:00,42.51535,2.92,55.08,69.55,286.05,33.43,50.4,13.9921
2025-03-24 14:05:00+00:00,41.09318,6.77,33.88,68.98,287.62,41.19,48,21.613
2025-03-24 14:10:00+00:00,40.59107,10.02,28.57,68.98,111.34,35.55,50.68,22.9865
2025-03-24 14:15:00+00:00,38.78766,7.34,23.4,63.65,99.92,87.33,119.53,26.4429
2025-03-24 14:20:00+00:00,38.93598,9.01,24.15,63.63,106.37,121.53,167.53,38.6494
2025-03-24 14:25:00+00:00,33.60408,1.99,25.22,63.63,111.14,249.8,313.88,76.9669
2025-03-24 14:30:00+00:00,32.28148,4.63,25.77,63.48,68.35,65.29,75.37,84.8413
2025-03-24 14:35:00+00:00,23.56814,2.33,52.84,69.43,68.29,32.22,37.41,448.0085
2025-03-24 14:40:00+00:00,19.32234,1.93,57.28,69.43,78.91,37.36,44.77,487.6434
2025-03-24 14:45:00+00:00,13.34875,0.01,62.34,69.33,95.6,41.12,42.6,480.2706
2025-03-24 14:50:00+00:00,12.69206,4.48,69.66,69.89,88.45,21.01,60.85,477.8673
2025-03-24 14:55:00+00:00,12.80105,4.2,67.8,69.89,93.45,39.95,109.11,88.6817
2025-03-24 15:00:00+00:00,16.29006,0.01,64.61,68.52,65.36,59.5,75.16,52.9993
2025-03-24 15:05:00+00:00,12.57842,0.01,61.94,68.58,65.27,41.2,102.28,33.4596
2025-03-24 15:10:00+00:00,10.33384,0.01,,68.96,58.79,47.02,118.72,28.7195
2025-03-24 15:15:00+00:00,6.75584,0,26.39,68.96,64.31,45.51,138.77,26.3583
2025-03-24 15:20:00+00:00,5.7889,0.01,23.09,71.96,64.21,63.8,137.54,26.7015
2025-03-24 15:25:00+00:00,4.92012,0.01,23.07,68.89,72.67,237.45,352.81,25.3579
2025-03-24 15:30:00+00:00,4.42801,0.01,24.18,68.89,65.82,52.98,124.2,25.4351
2025-03-24 15:35:00+00:00,1.36446,0.01,24.54,68.89,65.42,-5.16,59.91,25.865
2025-03-24 15:40:00+00:00,-2.34666,0.01,25.59,68.98,65.35,30.59,99.14,24.3918
2025-03-24 15:45:00+00:00,-2.89357,0,24.28,68.98,77.06,45.88,142.79,24.4283
2025-03-24 15:50:00+00:00,-3.30274,0,21.47,72,65.43,44.83,142.19,23.8311
2025-03-24 15:55:00+00:00,-3.15014,0,21.76,72.01,77.08,47.88,137.77,41.6029
2025-03-24 16:00:00+00:00,8.55206,0,20.74,72.01,65.71,54.46,116.52,21.9945
2025-03-24 16:05:00+00:00,10.59565,0,22.34,68.15,71.65,107.02,209.08,8.747
2025-03-24 16:10:00+00:00,16.74816,0,30.2,68.15,62.51,48.62,129,9.6217
2025-03-24 16:15:00+00:00,4.91455,0,33.59,72.07,59.12,57.9,141.51,10.5213
2025-03-24 16:20:00+00:00,3.43583,0,33.99,72.07,58.79,31.8,108.61,7.1957
2025-03-24 16:25:00+00:00,14.99636,0,26.75,67,69.46,44.27,94.59,5.1503
2025-03-24 16:30:00+00:00,4.04611,0.01,28.47,67,64.88,31.68,73.8,8.138
2025-03-24 16:35:00+00:00,3.89844,0.01,27.3,68.13,58.85,41.33,73.34,3.833
2025-03-24 16:40:00+00:00,6.17742,0,20.78,68.13,60.54,26.94,118.04,2.4696
2025-03-24 16:45:00+00:00,3.26511,0.01,20.77,72.18,64.14,28.36,129.03,4.7214
2025-03-24 16:50:00+00:00,4.95615,0.01,21.63,72.19,61.38,28.62,106.31,3.6593
2025-03-24 16:55:00+00:00,3.14536,0.18,20.95,72.19,75.75,23.72,130.21,4.112
2025-03-24 17:00:00+00:00,-1.88814,0.25,20.09,72.19,62.33,30.7,75.59,4.7302
2025-03-24 17:05:00+00:00,3.44498,0.34,21.75,72.25,57.99,25.25,108.63,2.6922
2025-03-24 17:10:00+00:00,-3.58439,0.35,21.39,72.23,56.78,24.6,75,2.854
2025-03-24 17:15:00+00:00,-4.6624,0.41,20.81,72.23,61.42,21.9,76.26,3.1998
2025-03-24 17:20:00+00:00,-4.8421,17.07,20.76,72.23,58.63,120.52,221.07,5.5385
2025-03-24 17:25:00+00:00,-4.85064,17.02,20.79,63.12,56.82,31.66,99.32,3.3678
2025-03-24 17:30:00+00:00,-2.37436,4.71,20.41,63.12,56.72,76.73,76.79,3.268
2025-03-24 17:35:00+00:00,-3.10928,17.22,20.27,67.01,55.14,65.32,61.56,0.1352
2025-03-24 17:40:00+00:00,-3.42212,23.17,20.95,67.01,58.63,52.3,52.47,0.509
2025-03-24 17:45:00+00:00,-5.14332,20.69,20.34,67.1,55.14,46.93,69.39,8.6861
2025-03-24 17:50:00+00:00,-7.40217,22.04,19.66,68.08,55.14,48.31,69.66,1.6526
2025-03-24 17:55:00+00:00,-2.54816,19.94,19.48,68.08,69.74,31.25,39.73,1.547
2025-03-24 18:00:00+00:00,1.38456,17.58,19.71,72.27,66.63,30.63,42.2,2.5374
2025-03-24 18:05:00+00:00,1.22062,17.35,19.79,72.27,72.19,42.69,57.26,-0.7252
2025-03-24 18:10:00+00:00,2.38443,22.7,20.29,63.38,63.5,41.97,60.68,1.2263
2025-03-24 18:15:00+00:00,0.49984,23.26,20.33,63.38,62.17,45.32,62.26,2.1145
2025-03-24 18:20:00+00:00,0.33389,22.92,20.68,56.68,63.3,32.49,46.68,-1.0419
2025-03-24 18:25:00+00:00,0.33075,22.16,21.06,56.68,72.97,42.46,43.62,1.2362
2025-03-24 18:30:00+00:00,-6.52305,22.79,20.51,56.68,89.23,40.29,39.46,1.1913
2025-03-24 18:35:00+00:00,-10.68959,25.59,20,57.18,71.94,36.39,35.38,1.512
2025-03-24 18:40:00+00:00,-12.2169,25.59,19.44,57.18,67.3,31.95,42.16,0.899
2025-03-24 18:45:00+00:00,-10.5943,27.69,19.59,56.62,60.49,32.28,37.06,-0.9469
2025-03-24 18:50:00+00:00,-10.5943,27.69,19.43,56.6,56.46,25.23,32.08,-5.9753
2025-03-24 18:55:00+00:00,-8.57821,27.72,19.73,56.58,52.9,27.39,36.24,-2.6582
2025-03-24 19:00:00+00:00,-10.77447,27.78,19.48,56.58,61.7,31.03,34.06,0.6342
2025-03-24 19:05:00+00:00,-11.51411,26.24,20.3,66.88,54.38,35.39,40.44,-0.6394
2025-03-24 19:10:00+00:00,-10.80095,26.2,19.69,66.88,55.08,35.63,35.17,-0.8191
2025-03-24 19:15:00+00:00,-10.80153,26.24,18.27,66.87,58.46,27.89,30.94,-0.4125
2025-03-24 19:20:00+00:00,-11.04934,27.07,18.44,66.89,57.83,31.14,48.33,1.9633
2025-03-24 19:25:00+00:00,-11.82772,25.52,18.49,66.89,60.17,33.09,40.08,1.6844
2025-03-24 19:30:00+00:00,-10.06417,25.63,19.79,66.94,60.01,30.27,32.38,0.024
2025-03-24 19:35:00+00:00,-10.7252,26.24,19.96,66.94,60.07,24.72,36.09,-0.526
2025-03-24 19:40:00+00:00,-11.66314,30.35,19.99,66.99,95.86,28.14,44.63,-1.0538
2025-03-24 19:45:00+00:00,-11.92774,27.61,21.2,66.99,105.01,23.71,38.89,0.1001
2025-03-24 19:50:00+00:00,-11.92774,28.1,20.56,66.91,104.91,29.98,34.08,2.0196
2025-03-24 19:55:00+00:00,-8.95416,27.63,20.36,66.91,94.07,15.72,41.66,7.0192
2025-03-24 20:00:00+00:00,-6.56854,27.38,19.79,63.36,72.67,27.37,32.02,18.5735
2025-03-24 20:05:00+00:00,-6.20941,28.16,19.52,63.36,65.06,28.59,36.01,1.67
2025-03-24 20:10:00+00:00,-3.05826,29.12,18.19,61.84,53.51,27.54,33.08,1.4129
2025-03-24 20:15:00+00:00,-5.4273,26.55,19.9,73.04,53.57,21.57,23.63,1.4827
2025-03-24 20:20:00+00:00,-7.78731,26.88,20.22,72.14,53.51,25.89,28.26,1.2324
2025-03-24 20:25:00+00:00,-8.78375,28.48,19.8,72.14,57.22,23.12,25.42,3.3343
2025-03-24 20:30:00+00:00,-6.95268,29.73,19.73,72.26,59.81,17.62,31.82,1.43
2025-03-24 20:35:00+00:00,-7.9033,30.22,20.88,72.26,98.35,23.88,29.81,1.6739
2025-03-24 20:40:00+00:00,-11.70601,30.67,20.02,75.92,59.65,27.36,29.58,1.8085
2025-03-24 20:45:00+00:00,-17.28016,29.89,20.95,75.92,61.2,26.34,28.51,6.1709
2025-03-24 20:50:00+00:00,-16.13605,30.08,20.65,75.91,94.42,28.44,28.32,5.6285
2025-03-24 20:55:00+00:00,-10.28272,30.09,21.17,75.91,73.03,25.65,28.22,8.9037
2025-03-24 21:00:00+00:00,-13.15075,28.69,20.38,75.91,70.78,24.14,32.51,15.6032
2025-03-24 21:05:00+00:00,-11.57197,28.47,20.61,67.99,72.98,24.09,30.47,6.9734
2025-03-24 21:10:00+00:00,-10.63563,31.03,20.56,73.3,56.51,22.1,31.73,26.6959
2025-03-24 21:15:00+00:00,-7.89164,31.14,20.3,73.3,72.96,31.49,31.15,25.4241
2025-03-24 21:20:00+00:00,-11.83076,31.47,21,73.3,62.17,35.5,34.01,24.0068
2025-03-24 21:25:00+00:00,-14.47221,30.28,20.26,72.4,59,26.63,28.42,22.7659
2025-03-24 21:30:00+00:00,-7.51094,25.56,21.19,72.4,63.92,27.84,28.21,27.1127
2025-03-24 21:35:00+00:00,-5.5504,15.9,21.29,77.49,62.3,29.79,29.44,25.7028
2025-03-24 21:40:00+00:00,-8.58106,20.11,20.88,72.48,62.35,31,36.94,23.7238
2025-03-24 21:45:00+00:00,-8.76878,25.57,20.81,72.45,74.07,27.39,26.08,25.3371
2025-03-24 21:50:00+00:00,-12.67731,25.63,20.61,72.49,61.61,37.09,28.62,26.4487
2025-03-24 21:55:00+00:00,-6.15912,25.55,20.95,72.49,64.25,34.75,28.83,25.8501
2025-03-24 22:00:00+00:00,-8.57824,25.23,20.55,57.94,60.13,28.43,26.15,25.8273
2025-03-24 22:05:00+00:00,-12.30262,25.37,20.71,53.24,57.19,24.67,26.82,26.8049
2025-03-24 22:10:00+00:00,-8.80051,25.54,20.69,47.87,73.67,30.62,26.83,26.1983
2025-03-24 22:15:00+00:00,-6.11538,31.18,25.38,47.87,60.72,25.52,25.17,25.7699
2025-03-24 22:20:00+00:00,-1.7027,31.5,26.19,47.31,59.92,23.6,24.45,23.8341
2025-03-24 22:25:00+00:00,-1.29604,26.51,23.25,47.31,60.25,25.48,25.02,26.6889
2025-03-24 22:30:00+00:00,-1.85457,26.75,24.63,47.26,58.81,34.95,29.31,31.2174
2025-03-24 22:35:00+00:00,-0.12941,28.9,27.46,50.85,58.79,24.57,22.8,34.1896
2025-03-24 22:40:00+00:00,-8.08072,30.51,29.48,50.87,58.87,42.44,28.33,26.6475
2025-03-24 22:45:00+00:00,-8.63168,28.81,32.31,50.87,60.3,41.17,32.46,29.9245
2025-03-24 22:50:00+00:00,-7.0796,32.05,27.3,50.85,60.25,40.6,29.28,29.4444
2025-03-24 22:55:00+00:00,-7.23994,42.18,25.66,50.85,59.95,34.3,27.75,30.417
2025-03-24 23:00:00+00:00,-11.32219,31.97,22.38,56.14,66.68,38.89,36.78,35.6624
2025-03-24 23:05:00+00:00,-13.97947,28.49,22.46,82.84,91.82,87.85,31.97,47.2826
2025-03-24 23:10:00+00:00,-14.71823,29.79,28.84,63.31,82.59,90.04,32.05,52.6793
2025-03-24 23:15:00+00:00,-18.99011,38.95,28,63.31,111.42,33.65,30.29,32.3399
2025-03-24 23:20:00+00:00,-22.22806,45.06,28.54,82.83,111.33,31.53,27.98,36.49
2025-03-24 23:25:00+00:00,-20.48321,75.47,28.41,63.31,111.22,34.41,30.1,35.4115
2025-03-24 23:30:00+00:00,-17.74187,101.49,32.41,63.31,99.47,27.76,28.44,47.138
2025-03-24 23:35:00+00:00,-14.19587,142.69,32.08,76.6,95.7,34.98,37.04,39.7712
2025-03-24 23:40:00+00:00,-8.03901,149.99,35.26,82.79,79.14,34.2,39.03,35.6618
2025-03-24 23:45:00+00:00,-6.60154,149.99,35.22,82.79,78.69,62.3,47.54,52.8085
2025-03-24 23:50:00+00:00,-6.50485,200.25,35.85,76.49,70.03,135.73,129.74,38.5791
2025-03-24 23:55:00+00:00,-7.66101,199.99,39.12,76.49,68.64,133.86,121.46,40.3524
2025-03-25 00:00:00+00:00,-18.67707,75,33.89,82.64,73.76,79.16,66.54,33.9529
2025-03-25 00:05:00+00:00,-19.15013,115.09,33.49,82.63,67.68,37.5,36.22,53.5763
2025-03-25 00:10:00+00:00,-19.77463,144.18,33.72,64.67,60.37,99.18,61.25,62.6738
2025-03-25 00:15:00+00:00,-6.99911,119.69,36.7,64.67,58.53,49.92,44.75,65.9562
2025-03-25 00:20:00+00:00,-1.5036,234.87,38.36,64.4,57.14,77.1,44.61,54.6434
2025-03-25 00:25:00+00:00,0.02409,128.41,36.41,64.4,56.88,64.99,55.75,48.2326
2025-03-25 00:30:00+00:00,5.48616,120.77,37.39,63.47,56.84,63.88,38.97,44.1619
2025-03-25 00:35:00+00:00,9.11383,115.38,36.12,61.48,54.22,99.79,52.44,56.4499
2025-03-25 00:40:00+00:00,16.22568,156.68,35.11,63.28,73.74,53.02,36.72,51.5194
2025-03-25 00:45:00+00:00,29.46301,204.24,44.82,63.28,67.85,59.52,44.03,63.1894
2025-03-25 00:50:00+00:00,41.18882,133.6,34.75,55.63,73.81,100.97,56.27,46.1193
2025-03-25 00:55:00+00:00,42.50844,133.17,38,46.85,63.98,39.02,39.84,48.1256
2025-03-25 01:00:00+00:00,25.17045,292.45,41.98,46.85,60.04,99.68,46.93,36.1807
2025-03-25 01:05:00+00:00,26.09405,385.71,43.61,61.29,60.31,100.7,53.47,44.8865
2025-03-25 01:10:00+00:00,29.22825,219.37,61.14,61.44,55.8,100.97,52.5,34.6866
2025-03-25 01:15:00+00:00,31.53371,150,44.03,83.1,46.15,52.81,36.6,40.9891
2025-03-25 01:20:00+00:00,34.8912,140.2,40.49,81.93,43.65,45.66,42.38,46.5335
2025-03-25 01:25:00+00:00,38.50507,110.43,36.84,81.93,45.98,62.8,54.92,46.8857
2025-03-25 01:30:00+00:00,32.18651,103.36,38.62,81.89,43.74,46.27,44.54,46.1478
2025-03-25 01:35:00+00:00,35.56047,102.43,33.42,81.91,43.74,67.55,46.62,46.0889
2025-03-25 01:40:00+00:00,42.57102,93.21,33.48,52.71,43.74,54.37,46.37,44.4615
2025-03-25 01:45:00+00:00,53.93466,79.5,33.76,52.71,39.76,52.53,37.98,42.7706
2025-03-25 01:50:00+00:00,54.7051,79.01,32.52,51.62,43.74,41.65,33.87,40.103
2025-03-25 01:55:00+00:00,54.84541,79.56,31.82,46.7,53.73,41.65,33.87,43.2364
2025-03-25 02:00:00+00:00,39.65441,100.04,32.61,46.7,44.58,54.75,43.68,43.0841
2025-03-25 02:05:00+00:00,40.08834,104.12,36.2,42.09,44.58,142.13,129.17,40.6689
2025-03-25 02:10:00+00:00,40.34705,94.89,34.3,49.64,46.42,205.44,125.23,41.0676
2025-03-25 02:15:00+00:00,39.89784,89.4,28.73,49.64,44.73,49.86,32.88,44.2768
2025-03-25 02:20:00+00:00,40.14685,66.96,32.31,39.49,43.95,51.86,35.58,33.4347
2025-03-25 02:25:00+00:00,39.72207,50.75,31.15,55.76,43.61,43.84,35.19,27.6463
2025-03-25 02:30:00+00:00,41.29423,64.79,30.19,55.76,44.57,38.15,28.26,27.3954
2025-03-25 02:35:00+00:00,41.24409,57.84,32.24,61.88,43.95,40.12,31.51,29.6135
2025-03-25 02:40:00+00:00,41.53468,42.51,32.42,60.25,43.45,28.62,25.67,27.7723
2025-03-25 02:45:00+00:00,39.11734,38.4,31.42,60.25,42.3,35.29,29.37,27.143
2025-03-25 02:50:00+00:00,39.24888,45.94,30.12,43.16,41.77,28.15,28.97,25.733
2025-03-25 02:55:00+00:00,39.34159,41.37,29.3,41.38,46.59,29.57,30.38,25.4362
2025-03-25 03:00:00+00:00,37.74711,39.99,29.4,41.38,46.5,27.84,27.78,27.0821
2025-03-25 03:05:00+00:00,37.51686,34.39,33.92,40.37,45.8,31.88,28.01,56.6881
2025-03-25 03:10:00+00:00,36.82002,31.19,32.51,41.05,46.5,28.5,27.54,54.5126
2025-03-25 03:15:00+00:00,37.24618,31.34,40.14,41.05,46.59,29.97,31.48,35.8147
2025-03-25 03:20:00+00:00,38.44759,31.55,62.38,36.83,44.16,33.89,29.02,28.428
2025-03-25 03:25:00+00:00,39.65096,33.35,72.83,40.93,42.55,27.87,27.26,26.4502
2025-03-25 03:30:00+00:00,36.57121,31.39,37.1,40.93,42.55,31.47,28.24,28.4106
2025-03-25 03:35:00+00:00,36.66505,27.72,34.84,40.75,42.09,26,28,25.8104
2025-03-25 03:40:00+00:00,36.1457,26.63,32.48,40.75,42.59,28.41,26.36,25.5542
2025-03-25 03:45:00+00:00,35.01622,29.12,30.19,39.45,42.17,28.21,27.45,26.9522
2025-03-25 03:50:00+00:00,35.36305,31.91,31.59,37.92,42.09,25.95,26.76,25.7597
2025-03-25 03:55:00+00:00,35.57904,29.57,30.29,37.18,49.81,31.14,26.34,25.8081
2025-03-25 04:00:00+00:00,40.06685,27.8,30.78,37.18,46.22,36.44,33.24,26.6628
2025-03-25 04:05:00+00:00,39.99371,27.56,31.24,39.46,44.74,36.54,26.84,24.8304
2025-03-25 04:10:00+00:00,40.80794,26.67,32.73,47.45,44.3,35.74,33.38,24.3249
2025-03-25 04:15:00+00:00,39.17495,26.25,31.07,47.45,42.29,30.33,27.56,32.9323
2025-03-25 04:20:00+00:00,40.39905,24.52,35.1,47.38,42.25,28.98,25.94,26.0233
2025-03-25 04:25:00+00:00,40.1739,24.25,32.95,43.51,40.06,32.82,25.28,29.3295
2025-03-25 04:30:00+00:00,39.3498,23.73,33.24,43.51,40.6,32.74,25.11,28.1193
2025-03-25 04:35:00+00:00,40.27258,23.82,30.54,43.51,37.92,32.33,26.29,28.0657
2025-03-25 04:40:00+00:00,40.35299,22.9,31.16,40.29,37.92,30.4,25.54,26.2584
2025-03-25 04:45:00+00:00,39.69852,22.48,30.82,40.29,37.63,32.18,26.11,21.726
2025-03-25 04:50:00+00:00,39.62336,22.23,30.57,38.25,37.53,32.6,25.94,24.4115
2025-03-25 04:55:00+00:00,39.47642,21.96,29.14,36.25,37.92,32.25,27.02,24.9626
2025-03-25 05:00:00+00:00,40.15226,21.87,29.69,39.46,39.38,37.15,26.05,23.3815
2025-03-25 05:05:00+00:00,40.1155,22.63,29.94,43.5,39.38,32.69,28.08,23.98
2025-03-25 05:10:00+00:00,39.39946,22.13,31.16,45.11,39.38,59.38,27.72,24.9367
2025-03-25 05:15:00+00:00,39.84058,22.19,27.98,45.11,39.38,40.41,37.85,27.1708
2025-03-25 05:20:00+00:00,39.32074,22.05,26.6,42.12,38.03,36.45,38.71,26.8182
2025-03-25 05:25:00+00:00,38.0872,21.72,28.28,42.11,39.31,34.28,35.52,26.5961
2025-03-25 05:30:00+00:00,36.97846,21.34,26.77,42.11,39.65,28.99,29.43,24.5089
2025-03-25 05:35:00+00:00,36.0789,21.34,26.38,42.06,38.03,33.91,32.57,24.3845
2025-03-25 05:40:00+00:00,36.10947,21.14,26.6,40.56,39.35,35.64,36.01,24.4171
2025-03-25 05:45:00+00:00,35.97814,20.73,26.61,40.56,39.7,33.32,29.47,24.3907
2025-03-25 05:50:00+00:00,35.88823,20.04,27.35,40.31,39.31,35.18,34.9,24.7866
2025-03-25 05:55:00+00:00,35.87485,20.04,26.75,39.49,46.31,28.1,26.66,27.733
2025-03-25 06:00:00+00:00,37.42798,21.59,26.47,39.49,46.78,31.27,27.46,26.4131
2025-03-25 06:05:00+00:00,37.16038,22.38,27.01,41.93,47.4,31.34,27.17,24.5281
2025-03-25 06:10:00+00:00,37.00746,21.41,26.23,39.51,46.78,31.38,27.49,24.4058
2025-03-25 06:15:00+00:00,36.6309,21.32,27.18,39.51,46.78,32.65,25.52,25.2514
2025-03-25 06:20:00+00:00,36.75874,21.13,26.56,44.88,46.73,31.16,26.06,24.152
2025-03-25 06:25:00+00:00,36.65398,21.28,28.17,44.88,46.22,32.89,26.46,24.6238
2025-03-25 06:30:00+00:00,36.2289,21.09,26.79,44.88,42.35,35.66,25.29,24.3022
2025-03-25 06:35:00+00:00,35.74114,20.71,26.78,44.87,42.25,33.46,26.41,24.482
2025-03-25 06:40:00+00:00,35.52614,20.25,26.72,44.85,42.25,36.63,25.48,25.6131
2025-03-25 06:45:00+00:00,34.85607,19.9,27.36,44.85,42.3,34.07,26.08,25.461
2025-03-25 06:50:00+00:00,34.85607,19.82,26.64,44.85,40.58,31.42,25.25,22.547
2025-03-25 06:55:00+00:00,35.00868,19.7,26.72,44.84,40.7,29.94,26.69,24.8251
2025-03-25 07:00:00+00:00,36.34723,19.8,26.77,44.84,40.74,32.83,25.47,25.474
2025-03-25 07:05:00+00:00,37.71973,19.28,27.33,39.51,40.74,32.84,26.33,24.3312
2025-03-25 07:10:00+00:00,37.09329,18.63,26.69,40.44,40.74,33.09,25.88,25.5212
2025-03-25 07:15:00+00:00,38.59227,19.3,26.59,40.44,42.41,32.26,26.43,24.1155
2025-03-25 07:20:00+00:00,38.59227,21.13,35.66,38.93,42.38,33.98,24.69,23.3098
2025-03-25 07:25:00+00:00,38.34038,21.14,28.33,39.07,42.55,32.98,25.2,23.3637
2025-03-25 07:30:00+00:00,35.67269,20.84,29.6,39.07,44.3,34.57,25.14,22.7402
2025-03-25 07:35:00+00:00,33.83967,20.58,24.39,41.8,44.35,34.71,26.63,22.8177
2025-03-25 07:40:00+00:00,34.72327,20.5,26.69,41.8,42.55,33.31,24.85,23.0407
2025-03-25 07:45:00+00:00,33.55791,20.32,27.04,41.85,40.63,32.29,25.8,23.0259
2025-03-25 07:50:00+00:00,33.75486,20.12,27.75,43.32,40.66,32.77,23.72,23.5663
2025-03-25 07:55:00+00:00,33.55791,20.12,27.75,44.82,38.36,23.27,25.09,26.4018
2025-03-25 08:00:00+00:00,34.98177,20.63,28.09,44.82,37.49,30.44,24.32,24.5489
2025-03-25 08:05:00+00:00,33.70879,20.64,27.51,44.85,37.63,31.17,24.52,23.9678
2025-03-25 08:10:00+00:00,34.19727,20.43,32.15,43.42,37.67,32.36,24.72,24.0273
2025-03-25 08:15:00+00:00,34.66332,20,42.51,43.42,38.03,27.5,36.75,24.2016
2025-03-25 08:20:00+00:00,32.86773,20.16,34.54,44.85,39.35,30.93,27.07,22.5629
2025-03-25 08:25:00+00:00,32.17963,20.13,27.45,44.86,39.35,32.03,28.11,23.1705
2025-03-25 08:30:00+00:00,31.84035,20,27.46,44.86,40.05,28.51,26.81,22.6096
2025-03-25 08:35:00+00:00,31.33931,20.16,29.36,44.91,40.05,33.17,30.69,23.6152
2025-03-25 08:40:00+00:00,31.278,20.37,31.81,44.93,39.91,26.88,28.84,23.8823
2025-03-25 08:45:00+00:00,30.97679,20.69,27.57,44.93,40.05,27.05,27.96,23.3803
2025-03-25 08:50:00+00:00,30.929,20.89,29.8,47.44,40.92,28.52,28.19,24.1617
2025-03-25 08:55:00+00:00,30.5562,20.71,28.1,47.44,34.68,26.16,27.02,23.341
2025-03-25 09:00:00+00:00,31.48167,20.65,28.87,47.44,37.42,29.95,30.98,23.4042
2025-03-25 09:05:00+00:00,31.1258,20.56,29.11,40.85,37.53,24.66,23.49,23.4765
2025-03-25 09:10:00+00:00,31.08704,20.51,29.41,40.89,37.67,28.61,27.47,23.4368
2025-03-25 09:15:00+00:00,31.1403,20.38,28.58,38.63,37.67,34.05,35.24,24.1828
2025-03-25 09:20:00+00:00,30.93499,20.33,31.34,40.94,39.01,39.09,40.39,26.6053
2025-03-25 09:25:00+00:00,30.86701,19.93,30.37,41.05,40.11,35.68,36.04,27.3825
2025-03-25 09:30:00+00:00,30.34776,20.57,28.95,41.05,42.25,43.69,40.71,32.0531
2025-03-25 09:35:00+00:00,30.39483,22.13,28.55,86.24,44.38,32.64,37.01,29.1712
2025-03-25 09:40:00+00:00,30.39483,21.48,28.19,86.24,46.35,41.73,36.5,29.4048
2025-03-25 09:45:00+00:00,30.26153,20.84,30.67,86.24,46.82,32.69,41.6,29.0445
2025-03-25 09:50:00+00:00,29.59819,21.23,29.45,86.24,46.82,37.75,39.44,32.1101
2025-03-25 09:55:00+00:00,29.13159,21.69,25.79,94.11,50.66,33.47,35.85,29.3265
2025-03-25 10:00:00+00:00,29.37364,21.18,29.2,48.04,97.52,32.33,33.24,28.8684
2025-03-25 10:05:00+00:00,29.67415,22.93,26.74,40.12,97.41,38.78,34.42,29.1435
2025-03-25 10:10:00+00:00,29.587,22.98,26.77,85.78,63.91,39.42,36.65,27.8623
2025-03-25 10:15:00+00:00,29.77821,23.05,26.84,85.78,70.3,35.95,37.4,28.5023
2025-03-25 10:20:00+00:00,29.83778,23.38,28.66,85.46,69.97,38.68,35.59,28.2436
2025-03-25 10:25:00+00:00,29.83778,23.29,29.99,85.77,77.1,52.52,53.69,27.6305
2025-03-25 10:30:00+00:00,30.29327,23.2,32.82,85.77,80.96,40.08,40.67,27.5928
2025-03-25 10:35:00+00:00,30.47863,23.34,,93.3,97.15,47.95,41.96,28.2638
2025-03-25 10:40:00+00:00,30.47863,23.32,32.03,95.64,75.15,61.33,64.19,28.7648
2025-03-25 10:45:00+00:00,30.45941,23.25,36.1,97.95,81.77,55.74,48.99,28.6442
2025-03-25 10:50:00+00:00,30.45941,24.12,32.18,86.12,74.94,61.81,67.09,28.6658
2025-03-25 10:55:00+00:00,30.46056,26.87,36.77,86.12,75.29,61.81,67.09,30.8309
2025-03-25 11:00:00+00:00,28.93825,24.11,31.55,108.18,94.84,36.74,39.63,30.9733
2025-03-25 11:05:00+00:00,28.93825,24.36,36.25,99.03,97.09,42.5,38.14,29.8063
2025-03-25 11:10:00+00:00,28.93825,25.14,37.81,93.33,112.09,41.87,42.58,32.4994
2025-03-25 11:15:00+00:00,29.02025,25.63,37.08,140.67,133.14,60.98,63.95,32.1941
2025-03-25 11:20:00+00:00,29.90476,27.78,39.45,140.73,75.51,56.94,43.27,33.5238
2025-03-25 11:25:00+00:00,29.57181,27.91,40.52,140.73,75.65,68.55,43.73,33.3946
2025-03-25 11:30:00+00:00,30.40653,26.93,46.22,140.97,75.58,68.26,45.4,33.7115
2025-03-25 11:35:00+00:00,30.7688,27.8,45.67,126.7,75.65,29.22,38.76,33.4478
2025-03-25 11:40:00+00:00,30.98743,28.87,42.37,126.7,75.51,51.13,43.47,41.9691
2025-03-25 11:45:00+00:00,31.23005,29.45,43.71,126.7,75.58,34.85,37.67,40.891
2025-03-25 11:50:00+00:00,31.56563,32.04,53.48,95.86,75.58,37.02,36.8,64.6202
2025-03-25 11:55:00+00:00,33.86215,32.11,43.69,95.86,113.84,53.34,39.02,48.0647
2025-03-25 12:00:00+00:00,23.98438,33.78,58.89,97.66,59.51,36.83,34.27,28.2797
2025-03-25 12:05:00+00:00,26.51136,36.32,80.02,97.66,60.63,34.76,35.64,43.7439
2025-03-25 12:10:00+00:00,28.04035,34.02,63.64,97.66,60.6,66.28,29.45,37.8504
2025-03-25 12:15:00+00:00,28.14713,33.82,153.28,89.06,61.59,47.81,37.67,37.2657
2025-03-25 12:20:00+00:00,29.20689,33.79,156.58,79.41,59.51,40.75,32.62,35.581
2025-03-25 12:25:00+00:00,29.55181,33.57,46.15,77.6,58.68,42.71,35.18,37.178
2025-03-25 12:30:00+00:00,30.10154,33.45,36.4,69.06,58.56,34.37,34.78,38.8418
2025-03-25 12:35:00+00:00,30.69743,33.95,32.41,75.88,58.68,35.05,28.63,62.5107
2025-03-25 12:40:00+00:00,31.08468,27.06,32.03,79.73,55.09,32.59,33.43,67.1936
2025-03-25 12:45:00+00:00,30.85284,26.62,28.24,67.81,52.43,29.41,28.35,54.1903
2025-03-25 12:50:00+00:00,32.1199,24.94,27.43,60.11,54.29,29.4,28.16,46.6035
2025-03-25 12:55:00+00:00,34.12078,23.45,27.28,60.11,66.42,40.15,32.18,35.4633
2025-03-25 13:00:00+00:00,26.21161,24.35,28.74,62.44,64.14,35.3,31.47,36.2652
2025-03-25 13:05:00+00:00,27.04705,24.96,31.07,61.83,61.5,31.82,31.43,36.9056
2025-03-25 13:10:00+00:00,28.6086,24.38,26.28,41.03,61.44,31.23,30.41,36.8814
2025-03-25 13:15:00+00:00,29.44109,22.54,27.91,41.03,54.94,30.76,28.28,28.0895
2025-03-25 13:20:00+00:00,29.66425,21.1,25.74,47.54,51.4,31.51,31.07,37.2759
2025-03-25 13:25:00+00:00,30.15201,20.49,25.44,46.46,46.85,36.92,26.47,34.8163
2025-03-25 13:30:00+00:00,30.81464,20.4,27.09,37.99,46.81,33.16,27.98,32.028
2025-03-25 13:35:00+00:00,31.55635,18.47,23.06,38.11,46.87,41.25,26.49,32.4695
2025-03-25 13:40:00+00:00,34.55833,17.29,23.31,34.72,49.66,29.96,26.07,32.905
2025-03-25 13:45:00+00:00,35.44863,15.02,25.54,34.7,44,27.63,24.69,35.0472
2025-03-25 13:50:00+00:00,37.31865,17.16,25.89,36.53,46.63,28.23,25.46,26.3895
2025-03-25 13:55:00+00:00,36.76815,16.28,26.24,34.91,45.15,23.78,23.76,24.6786
2025-03-25 14:00:00+00:00,52.02775,20.17,26.75,34.27,47.8,24.67,24.6,29.9447
2025-03-25 14:05:00+00:00,50.81462,19.26,36.31,35.1,44.57,23.73,23.72,27.0004
2025-03-25 14:10:00+00:00,44.82324,17.93,37.87,35.37,43.89,27.88,27.71,27.3096
2025-03-25 14:15:00+00:00,39.30244,17.81,31.81,35.37,37.39,28.41,26.32,26.4127
2025-03-25 14:20:00+00:00,34.26943,6.68,38.19,33.49,37.43,30.48,25.75,25.9666
2025-03-25 14:25:00+00:00,32.05898,8.29,28.18,33.49,37.47,27.89,25.26,43.312
2025-03-25 14:30:00+00:00,29.63332,9.23,34.21,35.11,36.99,30.14,24.23,44.7033
2025-03-25 14:35:00+00:00,21.43331,9.22,32.89,35.41,36.99,29.26,27.46,36.9248
2025-03-25 14:40:00+00:00,15.81123,8.25,25.83,35.41,39.33,31.06,24.68,62.486
2025-03-25 14:45:00+00:00,8.64381,9.33,26.05,36.11,37.68,28.55,24.41,48.1439
2025-03-25 14:50:00+00:00,5.63147,8.32,25.33,36.15,37.08,28.52,23.72,47.7451
2025-03-25 14:55:00+00:00,15.37737,5.66,25.12,36.12,39.43,28.77,28.58,59.6205
2025-03-25 15:00:00+00:00,25.94541,5.13,23.7,36.43,35.78,29.83,24.97,55.9824
2025-03-25 15:05:00+00:00,32.65062,6.51,30.34,36.43,37.28,23.97,22.51,58.8908
2025-03-25 15:10:00+00:00,38.75205,7.31,27.08,36.43,37.32,305.68,69.95,54.9851
2025-03-25 15:15:00+00:00,34.30223,7.09,28.17,37.31,37.17,32.82,27.31,55.0132
2025-03-25 15:20:00+00:00,26.47989,6.87,25.42,36.71,35.37,33.58,28.47,46.2492
2025-03-25 15:25:00+00:00,21.12573,6.8,25.03,37.32,36.79,31.89,27.69,47.529
2025-03-25 15:30:00+00:00,-8.01734,7.76,24.9,37.32,37.37,23.62,25.17,44.9312
2025-03-25 15:35:00+00:00,-3.62009,6.96,24.85,37.47,37.4,25.39,25.96,40.7958
2025-03-25 15:40:00+00:00,,10.69,24.63,35.49,35.92,27.1,25.63,42.524
2025-03-25 15:45:00+00:00,,10.93,25.08,35.49,37.47,23.52,24.76,43.1315
2025-03-25 15:50:00+00:00,,12.09,25.25,36.22,36.99,23.4,24.58,39.97
2025-03-25 15:55:00+00:00,-2.69341,11.66,25.7,36.08,39.88,22.9,24.76,51.1051
2025-03-25 16:00:00+00:00,6.28846,10.97,24.94,36.08,37.54,30.64,25.78,39.6007
2025-03-25 16:05:00+00:00,24.13968,10.09,23.71,35.57,37.49,23.81,22.93,39.6991
2025-03-25 16:10:00+00:00,23.48434,10.03,25.08,35.6,37.53,23.37,22.88,41.3705
2025-03-25 16:15:00+00:00,21.7963,10.83,28.71,35.6,37.49,22.49,22.54,47.7329
2025-03-25 16:20:00+00:00,21.17412,11.03,26.69,35.55,37.5,23.56,22.86,37.8684
2025-03-25 16:25:00+00:00,20.63233,12.66,26.63,35.55,37.55,23.56,23.02,38.9871
2025-03-25 16:30:00+00:00,18.39487,15.14,26.81,35.51,37.51,22.64,22.71,38.1167
2025-03-25 16:35:00+00:00,16.76237,15.85,22.25,,37.58,22.96,22.92,35.9079
2025-03-25 16:40:00+00:00,17.41022,16.41,22.93,35.35,37.51,22.31,22.41,38.2105
2025-03-25 16:45:00+00:00,8.99327,18.54,22.47,35.49,37.62,23.6,23.7,36.0474
2025-03-25 16:50:00+00:00,13.84803,18.65,28.9,35.52,37.62,22.85,22.84,40.4829
2025-03-25 16:55:00+00:00,6.02084,19.03,25.22,35.52,38.07,27.06,21.96,63.7223
2025-03-25 17:00:00+00:00,15.06406,19,33.61,35.78,39.56,23.16,22.81,145.8925
2025-03-25 17:05:00+00:00,15.01459,19.23,29.47,35.77,38.03,23.32,22.77,91.3781
2025-03-25 17:10:00+00:00,13.20942,20.47,24.49,35.77,38.03,23.59,23.91,49.8715
2025-03-25 17:15:00+00:00,12.61043,20.58,23.66,36.68,37.58,22.7,22,47.9978
2025-03-25 17:20:00+00:00,10.98877,22.72,24.05,36.68,37.57,29.57,23.59,44.4691
2025-03-25 17:25:00+00:00,10.12731,21.76,23.74,36.68,37.49,23.5,22.28,40.5502
2025-03-25 17:30:00+00:00,10.39691,23.18,24.03,35.72,37.49,23.32,22.42,37.9744
2025-03-25 17:35:00+00:00,8.17568,24.43,23.93,36.16,37.47,25,23.27,34.3096
2025-03-25 17:40:00+00:00,12.44275,25.01,24.58,36.16,37.51,23.55,22.37,53.509
2025-03-25 17:45:00+00:00,5.34618,25.81,24.49,35.76,37.55,24.92,22.06,35.867
2025-03-25 17:50:00+00:00,5.07179,26.17,33.97,35.76,37.51,23.43,21.91,49.0245
2025-03-25 17:55:00+00:00,4.78275,26.37,22.28,35.68,37.55,23.25,22.23,37.7402
2025-03-25 18:00:00+00:00,16.82842,23.84,25.25,35.68,36.1,23.23,21.48,43.0458
2025-03-25 18:05:00+00:00,15.58455,26.16,23.75,35.54,36.24,22.56,22.35,33.6599
2025-03-25 18:10:00+00:00,14.67783,26.08,29.35,35.54,36.1,21.98,21.89,54.0254
2025-03-25 18:15:00+00:00,11.04614,27.2,25.38,35.45,36.06,22.37,22.43,32.6607
2025-03-25 18:20:00+00:00,13.51192,25.1,30.92,35.58,36.18,21.93,22.25,49.9547
2025-03-25 18:25:00+00:00,13.49693,27.18,24.95,35.57,36.27,22.22,22.42,42.1619
2025-03-25 18:30:00+00:00,8.93564,25.79,24.21,35.57,37.42,22.69,22.5,44.7787
2025-03-25 18:35:00+00:00,8.6455,26.13,24.78,36.04,36.61,26.95,21.88,37.9018
2025-03-25 18:40:00+00:00,5.34155,27.46,23.59,36.04,37.46,23.08,22.16,40.9338
2025-03-25 18:45:00+00:00,5.9562,26.88,24.22,36.11,37.44,22.98,22.21,36.6777
2025-03-25 18:50:00+00:00,6.74519,27.06,24.45,36.11,36.46,25.11,22.25,37.4455
2025-03-25 18:55:00+00:00,6.31891,26.81,24.62,37.48,36.4,23.45,22.29,41.0519
2025-03-25 19:00:00+00:00,23.0649,26.02,25.64,37.5,36.5,23.16,22.54,37.3833
2025-03-25 19:05:00+00:00,19.35954,23.73,25.01,36.01,35.58,24.27,22.59,36.9414
2025-03-25 19:10:00+00:00,19.20056,26.08,24.36,36.01,36.71,22.5,25.47,35.1719
2025-03-25 19:15:00+00:00,18.55755,26.92,24.26,36.6,36.67,26.79,23.36,38.9497
2025-03-25 19:20:00+00:00,18.62923,28.83,25.53,38.11,36.3,25.07,23.8,37.0441
2025-03-25 19:25:00+00:00,17.86211,28.48,25.35,38.11,36.54,30.68,24.74,37.9969
2025-03-25 19:30:00+00:00,15.38443,28.54,27.18,38.17,37.55,29.64,24.02,56.8582
2025-03-25 19:35:00+00:00,15.29956,29.14,24.55,38.17,37.68,25.13,23.84,53.0328
2025-03-25 19:40:00+00:00,14.37448,32.31,24.85,37.83,34.36,24.58,25.21,40.2196
2025-03-25 19:45:00+00:00,17.36788,31.81,25.04,36.26,36.13,23.81,24.51,42.2283
2025-03-25 19:50:00+00:00,17.11294,30.92,24.12,36.26,37.44,24.45,25.05,39.2712
2025-03-25 19:55:00+00:00,17.86645,31.18,23.75,36.02,25.07,,,44.1649
2025-03-25 20:00:00+00:00,18.52422,30.71,24.33,36.02,30.94,34.41,26.89,44.5305
2025-03-25 20:05:00+00:00,16.05789,30.4,24.58,35.57,31.63,31.44,26.5,49.7119
2025-03-25 20:10:00+00:00,18.53059,29.87,24.64,33.85,30.85,32.39,26.4,55.277
2025-03-25 20:15:00+00:00,20.87321,30.59,23.69,35.54,30.85,31.41,27.59,38.5562
2025-03-25 20:20:00+00:00,22.45397,34.48,23.31,35.54,30.79,34.37,27.02,39.9167
2025-03-25 20:25:00+00:00,22.54289,35.5,23.5,35.18,32.33,26.75,27.73,36.9739
2025-03-25 20:30:00+00:00,20.61826,34.46,23.85,35.18,32.75,29.51,27.59,56.92
2025-03-25 20:35:00+00:00,20.11207,37.62,22.63,35.18,32.79,37.91,27.95,35.5424
2025-03-25 20:40:00+00:00,20.4104,43.13,23.47,34.43,35.41,51.6,33.58,101.6697
2025-03-25 20:45:00+00:00,22.03974,39.29,22.91,34.43,34.4,52.64,33.57,79.3334
2025-03-25 20:50:00+00:00,27.32953,40.365,25.64,35.14,34.4,43.88,28.37,131.4661
2025-03-25 20:55:00+00:00,27.9742,41.38,22.04,36.09,35.84,44.89,27.14,105.4451
2025-03-25 21:00:00+00:00,24.37785,42.31,23.94,36.09,37.23,36.28,28.01,124.4
2025-03-25 21:05:00+00:00,27.67796,29.28,22.92,34.4,37.41,35.27,31.79,183.1013
2025-03-25 21:10:00+00:00,28.01335,28.66,22.97,35.28,37.55,26.88,27.9,133.8622
2025-03-25 21:15:00+00:00,28.04796,31.02,23.03,35.28,39.66,26.9,28.09,202.176
2025-03-25 21:20:00+00:00,17.54386,31.14,21.89,35.05,39.62,27.93,29.64,228.1465
2025-03-25 21:25:00+00:00,27.06665,31.15,23.96,35.05,39.58,33.95,31.66,218.1959
2025-03-25 21:30:00+00:00,17.89441,36.16,17.84,35.24,37.68,37.85,39.27,186.5461
2025-03-25 21:35:00+00:00,17.11779,36.9,12.95,36.68,39.58,34.68,37.54,84.908
2025-03-25 21:40:00+00:00,16.6091,36.16,24.13,36.68,39.62,25.1,47.93,74.818
2025-03-25 21:45:00+00:00,14.41491,31.79,23.57,37.84,39.65,31.23,41.3,127.0958
2025-03-25 21:50:00+00:00,14.41804,33.43,20.87,37.84,39.65,34.98,39.25,127.3746
2025-03-25 21:55:00+00:00,16.56271,36.16,20.45,37.85,36.6,29.34,31.3,74.1702
2025-03-25 22:00:00+00:00,17.74707,30.86,22.28,37.85,34.46,28.2,31.06,48.8774
2025-03-25 22:05:00+00:00,17.10884,31.03,20.71,33.51,35.79,31.67,31.85,60.0949
2025-03-25 22:10:00+00:00,18.43042,32.59,21.58,35.38,35.87,29.07,31.61,122.5098
2025-03-25 22:15:00+00:00,19.31417,35.54,24.09,36.14,35.83,37.72,34.94,71.63
2025-03-25 22:20:00+00:00,20.32668,38.04,24.03,36.14,36.5,29.05,31.31,51.4398
2025-03-25 22:25:00+00:00,20.26233,38.94,25.95,37.87,36.94,51.5,52.99,45.7072
2025-03-25 22:30:00+00:00,19.84795,56.57,24.21,37.87,37.47,36.71,39.13,57.8405
2025-03-25 22:35:00+00:00,20.03042,65.29,23.5,39.2,37.5,38.02,40.05,72.5416
2025-03-25 22:40:00+00:00,20.24502,48.29,25.97,38.66,39.68,61.09,58.83,81.0431
2025-03-25 22:45:00+00:00,20.63394,42.32,26.34,51.59,40.15,48.14,48.57,92.4804
2025-03-25 22:50:00+00:00,20.33242,68.44,24.57,50.79,40.15,50.16,51.99,137.025
2025-03-25 22:55:00+00:00,19.32445,69.44,24.88,79.02,37.47,45.78,42.67,71.1282
2025-03-25 23:00:00+00:00,13.62947,51.19,22.98,79.02,34.97,31.4,33.25,56.4291
2025-03-25 23:05:00+00:00,13.62947,71.66,23.91,51.85,37.71,32.03,34.13,45.4635
2025-03-25 23:10:00+00:00,11.35281,72.38,26.24,51.85,38.46,37.83,39.82,
2025-03-25 23:15:00+00:00,10.07585,103.02,26.79,48.11,41.18,34.01,35.82,
2025-03-25 23:20:00+00:00,7.14347,118.66,29.04,64.51,41.47,49.48,52.64,
2025-03-25 23:25:00+00:00,9.10097,152.86,38.53,64.51,45.21,51.55,54.93,
2025-03-25 23:30:00+00:00,36.41065,170.1,32.03,48.81,48.06,68.43,72.6,
2025-03-25 23:35:00+00:00,43.66885,155.98,44.86,49.04,46.3,73.05,77.21,
2025-03-25 23:40:00+00:00,35.75548,134.64,77.66,83.25,45.13,70.87,75.26,
2025-03-25 23:45:00+00:00,21.03222,89.99,40.44,83.25,42.48,72.65,76.38,
2025-03-25 23:50:00+00:00,23.00883,97.21,38.33,83.29,41.22,65.17,68.54,
2025-03-25 23:55:00+00:00,22.71917,120.65,38.43,83.29,44.06,72.88,76.4,
2025-03-26 00:00:00+00:00,17.38719,79.18,36.02,85.32,49.06,120.6,126.33,
2025-03-26 00:05:00+00:00,16.53557,79.3,37.51,85.77,44.14,104.28,92.51,
2025-03-26 00:10:00+00:00,17.33328,83.34,41.07,85.77,46.69,105.8,94.21,
2025-03-26 00:15:00+00:00,14.47892,75.92,38.23,75.93,48.06,73.56,77.05,
2025-03-26 00:20:00+00:00,14.74178,75.77,70.94,75.93,48.06,73.05,71.51,44.0885
2025-03-26 00:25:00+00:00,22.89282,75.35,81.88,75.93,44.15,51.96,44.88,48.6948
2025-03-26 00:30:00+00:00,26.00952,75.93,40.61,49.01,40.11,46.57,47.96,54.6495
2025-03-26 00:35:00+00:00,29.56311,84.39,40.34,58.2,40.04,55.03,55.07,40.9622
2025-03-26 00:40:00+00:00,33.60369,90.42,,58.2,40.04,53.62,53.25,38.7249
2025-03-26 00:45:00+00:00,38.48926,93.28,41.57,41.34,40.04,60.09,44.43,42.2143
2025-03-26 00:50:00+00:00,40.62916,97.64,44.57,45.72,40.03,47.23,40.87,28.0286
2025-03-26 00:55:00+00:00,42.00616,100.58,39.3,45.72,44.05,50.8,40.54,19.2713
2025-03-26 01:00:00+00:00,25.05682,114.93,38,58.78,50.93,41.3,32.3,20.3985
2025-03-26 01:05:00+00:00,33.18628,75.94,37.15,58.4,46.48,35.13,29.61,16.5322
2025-03-26 01:10:00+00:00,26.38628,73.36,40.22,39.02,63.5,46.91,34.4,4.3068
2025-03-26 01:15:00+00:00,29.61868,70.01,38.4,39.02,51.74,55.43,35.18,23.5964
2025-03-26 01:20:00+00:00,31.62977,55.63,37.45,39.8,51.82,71.95,32.9,24.5855
2025-03-26 01:25:00+00:00,34.32617,43.2,34.13,39.8,44.14,35.15,28.41,24.4745
2025-03-26 01:30:00+00:00,34.94586,40.08,34.05,39.83,41.18,56.01,28.86,27.3891
2025-03-26 01:35:00+00:00,36.53738,38.52,35.69,38.67,41.18,48.56,32.07,24.3354
2025-03-26 01:40:00+00:00,36.80289,38.77,34.98,38.24,43.97,71.65,26.61,27.321
2025-03-26 01:45:00+00:00,38.83075,37.26,32.41,38.24,49.06,44.63,30.65,25.5962
2025-03-26 01:50:00+00:00,39.20798,35.3,32.24,38.24,52.65,55.03,27.25,23.1959
2025-03-26 01:55:00+00:00,38.86755,33.71,33.39,37.64,53.33,42.14,31.08,24.6501
2025-03-26 02:00:00+00:00,33.89863,37.34,31.69,37.64,52,94.93,28.19,26.0288
2025-03-26 02:05:00+00:00,31.97106,37.27,34.18,37.64,53.58,71.67,26.07,19.7394
2025-03-26 02:10:00+00:00,31.75156,32.92,36.87,39.31,52.05,94.44,31.94,16.5791
2025-03-26 02:15:00+00:00,32.54359,32.88,38.78,38.58,52,96.34,40.76,26.3105
2025-03-26 02:20:00+00:00,32.52256,31.08,31.75,39.14,51.42,65.12,28.92,25.4908
2025-03-26 02:25:00+00:00,32.41659,28.64,33.26,38.3,44.1,45.78,26.61,26.4076
2025-03-26 02:30:00+00:00,32.63025,28.05,32.5,38.75,43.93,39.64,24.75,2.8349
2025-03-26 02:35:00+00:00,33.00177,27.22,75.52,38.75,43.88,42.73,23.52,8.2522
2025-03-26 02:40:00+00:00,32.86138,25.92,75.7,36.23,40.12,72.11,25.86,13.8946
2025-03-26 02:45:00+00:00,33.32998,24.72,58.53,36.07,43.93,73.1,24.49,20.6267
2025-03-26 02:50:00+00:00,33.18342,24.06,55.21,36.07,43.88,43.52,23.79,9.6694
2025-03-26 02:55:00+00:00,34.25507,23.12,44.53,36.07,44.22,62.01,24.76,10.13
2025-03-26 03:00:00+00:00,35.79546,25.46,66.24,36.05,43.97,59.77,29.76,28.6802
2025-03-26 03:05:00+00:00,35.83371,25.63,98.79,36.05,43.97,62.05,25.19,31.5824
2025-03-26 03:10:00+00:00,35.83371,25.79,54.84,36.05,44.02,69.24,26.33,33.8098
2025-03-26 03:15:00+00:00,35.93165,25.88,61.98,37.02,44.31,82.51,29.32,15.5254
2025-03-26 03:20:00+00:00,35.47662,26.27,72.7,36.19,47.11,85.55,49.79,17.5511
2025-03-26 03:25:00+00:00,36.05415,25.93,94.37,36.19,44.27,42.25,34.11,15.8121
2025-03-26 03:30:00+00:00,35.28905,25.28,99.65,36.99,44.06,68.51,30.14,14.4992
2025-03-26 03:35:00+00:00,34.80394,25.96,97.69,36.99,44.06,47.25,48.76,9.1944
2025-03-26 03:40:00+00:00,34.80394,27.12,97.11,38.03,44.06,33.1,28.46,5.0821
2025-03-26 03:45:00+00:00,34.01207,26.19,96.9,38.03,44.06,36.49,36.42,5.4583
2025-03-26 03:50:00+00:00,34.17676,26.2,98.68,38.03,43.84,42.2,41.91,6.2226
2025-03-26 03:55:00+00:00,34.62022,25.38,96.48,37.61,42.29,31.18,31.29,5.5682
2025-03-26 04:00:00+00:00,36.91318,24.99,81.06,,,,,3.1039
2025-03-26 04:05:00+00:00,36.81447,24.64,85.95,,,,,3.5165
2025-03-26 04:10:00+00:00,36.37565,24.59,35.99,,,,,3.5148
2025-03-26 04:15:00+00:00,36.11063,24.82,32.96,,,,,3.5587
2025-03-26 04:20:00+00:00,36.13008,24.79,59.14,,,,,0.8623
2025-03-26 04:25:00+00:00,35.94638,24.5,78.86,,,,,0.1756
2025-03-26 04:30:00+00:00,35.02186,24.31,72.39,,,,,1.7137
2025-03-26 04:35:00+00:00,34.95657,23.96,29.36,,,,,1.8513
2025-03-26 04:40:00+00:00,34.81968,24.05,30.3,,,,,0.143
2025-03-26 04:45:00+00:00,34.61135,23.85,30.64,,,,,4.1459
2025-03-26 04:50:00+00:00,34.15664,23.5,31.4,,,,,4.719
2025-03-26 04:55:00+00:00,34.06536,22.77,41.38,,,,,5.399
2025-03-26 05:00:00+00:00,35.07707,,,,,,,
2025-03-26 05:05:00+00:00,34.68672,,,,,,,
2025-03-26 05:10:00+00:00,34.60145,,,,,,,
2025-03-26 05:15:00+00:00,34.23579,,,,,,,
2025-03-26 05:20:00+00:00,34.23579,,,,,,,
2025-03-26 05:25:00+00:00,33.97796,,,,,,,
2025-03-26 05:30:00+00:00,33.5518,,,,,,,
2025-03-26 05:35:00+00:00,33.19022,,,,,,,
2025-03-26 05:40:00+00:00,33.16464,,,,,,,
2025-03-26 05:45:00+00:00,31.68102,,,,,,,
2025-03-26 05:50:00+00:00,30.94588,,,,,,,
2025-03-26 05:55:00+00:00,30.617,,,,,,,
2025-03-26 06:00:00+00:00,33.14295,,,,,,,
2025-03-26 06:05:00+00:00,32.31727,,,,,,,
2025-03-26 06:10:00+00:00,31.02422,,,,,,,
2025-03-26 06:15:00+00:00,30.7373,,,,,,,
2025-03-26 06:20:00+00:00,30.81069,,,,,,,
2025-03-26 06:25:00+00:00,30.6231,,,,,,,
2025-03-26 06:30:00+00:00,30.2661,,,,,,,
2025-03-26 06:35:00+00:00,29.96167,,,,,,,
2025-03-26 06:40:00+00:00,29.34199,,,,,,,
2025-03-26 06:45:00+00:00,28.87905,,,,,,,
2025-03-26 06:50:00+00:00,28.78527,,,,,,,
2025-03-26 06:55:00+00:00,28.38977,,,,,,,
