interval_start_local,interval_start_utc,interval_end_local,interval_end_utc,location,market,location_type,lmp,energy,congestion,loss
2025-03-24T00:00:00-04:00,2025-03-24 04:00:00+00:00,2025-03-24T00:05:00-04:00,2025-03-24 04:05:00+00:00,.H.INTERNAL_HUB,REAL_TIME_5_MIN,HUB,38.61,38.3,0.0,0.31
2025-03-24T00:05:00-04:00,2025-03-24 04:05:00+00:00,2025-03-24T00:10:00-04:00,2025-03-24 04:10:00+00:00,.H.INTERNAL_HUB,REAL_TIME_5_MIN,HUB,38.61,38.3,0.0,0.31
2025-03-24T00:10:00-04:00,2025-03-24 04:10:00+00:00,2025-03-24T00:15:00-04:00,2025-03-24 04:15:00+00:00,.H.INTERNAL_HUB,REAL_TIME_5_MIN,HUB,38.61,38.31,0.0,0.3
2025-03-24T00:15:00-04:00,2025-03-24 04:15:00+00:00,2025-03-24T00:20:00-04:00,2025-03-24 04:20:00+00:00,.H.INTERNAL_HUB,REAL_TIME_5_MIN,HUB,40.82,40.51,0.0,0.31
2025-03-24T00:20:00-04:00,2025-03-24 04:20:00+00:00,2025-03-24T00:25:00-04:00,2025-03-24 04:25:00+00:00,.H.INTERNAL_HUB,REAL_TIME_5_MIN,HUB,38.59,38.31,0.0,0.28
2025-03-24T00:25:00-04:00,2025-03-24 04:25:00+00:00,2025-03-24T00:30:00-04:00,2025-03-24 04:30:00+00:00,.H.INTERNAL_HUB,REAL_TIME_5_MIN,HUB,38.59,38.31,0.0,0.28
2025-03-24T00:30:00-04:00,2025-03-24 04:30:00+00:00,2025-03-24T00:35:00-04:00,2025-03-24 04:35:00+00:00,.H.INTERNAL_HUB,REAL_TIME_5_MIN,HUB,38.62,38.36,0.0,0.26
2025-03-24T00:35:00-04:00,2025-03-24 04:35:00+00:00,2025-03-24T00:40:00-04:00,2025-03-24 04:40:00+00:00,.H.INTERNAL_HUB,REAL_TIME_5_MIN,HUB,38.61,38.35,0.0,0.26
2025-03-24T00:40:00-04:00,2025-03-24 04:40:00+00:00,2025-03-24T00:45:00-04:00,2025-03-24 04:45:00+00:00,.H.INTERNAL_HUB,REAL_TIME_5_MIN,HUB,38.61,38.35,0.0,0.26
2025-03-24T00:45:00-04:00,2025-03-24 04:45:00+00:00,2025-03-24T00:50:00-04:00,2025-03-24 04:50:00+00:00,.H.INTERNAL_HUB,REAL_TIME_5_MIN,HUB,40.41,40.13,0.0,0.28
2025-03-24T00:50:00-04:00,2025-03-24 04:50:00+00:00,2025-03-24T00:55:00-04:00,2025-03-24 04:55:00+00:00,.H.INTERNAL_HUB,REAL_TIME_5_MIN,HUB,38.68,38.42,0.0,0.26
2025-03-24T00:55:00-04:00,2025-03-24 04:55:00+00:00,2025-03-24T01:00:00-04:00,2025-03-24 05:00:00+00:00,.H.INTERNAL_HUB,REAL_TIME_5_MIN,HUB,38.68,38.42,0.0,0.26
2025-03-24T01:00:00-04:00,2025-03-24 05:00:00+00:00,2025-03-24T01:05:00-04:00,2025-03-24 05:05:00+00:00,.H.INTERNAL_HUB,REAL_TIME_5_MIN,HUB,38.68,38.42,0.0,0.26
2025-03-24T01:05:00-04:00,2025-03-24 05:05:00+00:00,2025-03-24T01:10:00-04:00,2025-03-24 05:10:00+00:00,.H.INTERNAL_HUB,REAL_TIME_5_MIN,HUB,38.59,38.33,0.0,0.26
2025-03-24T01:10:00-04:00,2025-03-24 05:10:00+00:00,2025-03-24T01:15:00-04:00,2025-03-24 05:15:00+00:00,.H.INTERNAL_HUB,REAL_TIME_5_MIN,HUB,38.59,38.33,0.0,0.26
2025-03-24T01:15:00-04:00,2025-03-24 05:15:00+00:00,2025-03-24T01:20:00-04:00,2025-03-24 05:20:00+00:00,.H.INTERNAL_HUB,REAL_TIME_5_MIN,HUB,38.59,38.33,0.0,0.26
2025-03-24T01:20:00-04:00,2025-03-24 05:20:00+00:00,2025-03-24T01:25:00-04:00,2025-03-24 05:25:00+00:00,.H.INTERNAL_HUB,REAL_TIME_5_MIN,HUB,38.62,38.38,0.0,0.24
2025-03-24T01:25:00-04:00,2025-03-24 05:25:00+00:00,2025-03-24T01:30:00-04:00,2025-03-24 05:30:00+00:00,.H.INTERNAL_HUB,REAL_TIME_5_MIN,HUB,38.62,38.38,0.0,0.24
2025-03-24T01:30:00-04:00,2025-03-24 05:30:00+00:00,2025-03-24T01:35:00-04:00,2025-03-24 05:35:00+00:00,.H.INTERNAL_HUB,REAL_TIME_5_MIN,HUB,36.78,36.56,0.0,0.22
2025-03-24T01:35:00-04:00,2025-03-24 05:35:00+00:00,2025-03-24T01:40:00-04:00,2025-03-24 05:40:00+00:00,.H.INTERNAL_HUB,REAL_TIME_5_MIN,HUB,36.78,36.56,0.0,0.22
2025-03-24T01:40:00-04:00,2025-03-24 05:40:00+00:00,2025-03-24T01:45:00-04:00,2025-03-24 05:45:00+00:00,.H.INTERNAL_HUB,REAL_TIME_5_MIN,HUB,34.67,34.44,0.0,0.23
2025-03-24T01:45:00-04:00,2025-03-24 05:45:00+00:00,2025-03-24T01:50:00-04:00,2025-03-24 05:50:00+00:00,.H.INTERNAL_HUB,REAL_TIME_5_MIN,HUB,34.67,34.44,0.0,0.23
2025-03-24T01:50:00-04:00,2025-03-24 05:50:00+00:00,2025-03-24T01:55:00-04:00,2025-03-24 05:55:00+00:00,.H.INTERNAL_HUB,REAL_TIME_5_MIN,HUB,34.79,34.57,0.0,0.22
2025-03-24T01:55:00-04:00,2025-03-24 05:55:00+00:00,2025-03-24T02:00:00-04:00,2025-03-24 06:00:00+00:00,.H.INTERNAL_HUB,REAL_TIME_5_MIN,HUB,34.79,34.57,0.0,0.22
2025-03-24T02:00:00-04:00,2025-03-24 06:00:00+00:00,2025-03-24T02:05:00-04:00,2025-03-24 06:05:00+00:00,.H.INTERNAL_HUB,REAL_TIME_5_MIN,HUB,35.8,35.57,0.0,0.23
2025-03-24T02:05:00-04:00,2025-03-24 06:05:00+00:00,2025-03-24T02:10:00-04:00,2025-03-24 06:10:00+00:00,.H.INTERNAL_HUB,REAL_TIME_5_MIN,HUB,35.8,35.57,0.0,0.23
2025-03-24T02:10:00-04:00,2025-03-24 06:10:00+00:00,2025-03-24T02:15:00-04:00,2025-03-24 06:15:00+00:00,.H.INTERNAL_HUB,REAL_TIME_5_MIN,HUB,36.66,36.42,0.0,0.24
2025-03-24T02:15:00-04:00,2025-03-24 06:15:00+00:00,2025-03-24T02:20:00-04:00,2025-03-24 06:20:00+00:00,.H.INTERNAL_HUB,REAL_TIME_5_MIN,HUB,36.67,36.44,0.0,0.23
2025-03-24T02:20:00-04:00,2025-03-24 06:20:00+00:00,2025-03-24T02:25:00-04:00,2025-03-24 06:25:00+00:00,.H.INTERNAL_HUB,REAL_TIME_5_MIN,HUB,36.67,36.44,0.0,0.23
2025-03-24T02:25:00-04:00,2025-03-24 06:25:00+00:00,2025-03-24T02:30:00-04:00,2025-03-24 06:30:00+00:00,.H.INTERNAL_HUB,REAL_TIME_5_MIN,HUB,36.7,36.5,0.0,0.2
2025-03-24T02:30:00-04:00,2025-03-24 06:30:00+00:00,2025-03-24T02:35:00-04:00,2025-03-24 06:35:00+00:00,.H.INTERNAL_HUB,REAL_TIME_5_MIN,HUB,36.7,36.5,0.0,0.2
2025-03-24T02:35:00-04:00,2025-03-24 06:35:00+00:00,2025-03-24T02:40:00-04:00,2025-03-24 06:40:00+00:00,.H.INTERNAL_HUB,REAL_TIME_5_MIN,HUB,35.42,35.22,0.0,0.2
2025-03-24T02:40:00-04:00,2025-03-24 06:40:00+00:00,2025-03-24T02:45:00-04:00,2025-03-24 06:45:00+00:00,.H.INTERNAL_HUB,REAL_TIME_5_MIN,HUB,34.75,34.56,0.0,0.19
2025-03-24T02:45:00-04:00,2025-03-24 06:45:00+00:00,2025-03-24T02:50:00-04:00,2025-03-24 06:50:00+00:00,.H.INTERNAL_HUB,REAL_TIME_5_MIN,HUB,33.27,33.09,0.0,0.18
2025-03-24T02:50:00-04:00,2025-03-24 06:50:00+00:00,2025-03-24T02:55:00-04:00,2025-03-24 06:55:00+00:00,.H.INTERNAL_HUB,REAL_TIME_5_MIN,HUB,33.27,33.09,0.0,0.18
2025-03-24T02:55:00-04:00,2025-03-24 06:55:00+00:00,2025-03-24T03:00:00-04:00,2025-03-24 07:00:00+00:00,.H.INTERNAL_HUB,REAL_TIME_5_MIN,HUB,34.04,33.85,0.0,0.19
2025-03-24T03:00:00-04:00,2025-03-24 07:00:00+00:00,2025-03-24T03:05:00-04:00,2025-03-24 07:05:00+00:00,.H.INTERNAL_HUB,REAL_TIME_5_MIN,HUB,34.04,33.85,0.0,0.19
2025-03-24T03:05:00-04:00,2025-03-24 07:05:00+00:00,2025-03-24T03:10:00-04:00,2025-03-24 07:10:00+00:00,.H.INTERNAL_HUB,REAL_TIME_5_MIN,HUB,32.73,32.55,0.0,0.18
2025-03-24T03:10:00-04:00,2025-03-24 07:10:00+00:00,2025-03-24T03:15:00-04:00,2025-03-24 07:15:00+00:00,.H.INTERNAL_HUB,REAL_TIME_5_MIN,HUB,32.73,32.55,0.0,0.18
2025-03-24T03:15:00-04:00,2025-03-24 07:15:00+00:00,2025-03-24T03:20:00-04:00,2025-03-24 07:20:00+00:00,.H.INTERNAL_HUB,REAL_TIME_5_MIN,HUB,32.13,31.94,0.0,0.19
2025-03-24T03:20:00-04:00,2025-03-24 07:20:00+00:00,2025-03-24T03:25:00-04:00,2025-03-24 07:25:00+00:00,.H.INTERNAL_HUB,REAL_TIME_5_MIN,HUB,32.13,31.94,0.0,0.19
2025-03-24T03:25:00-04:00,2025-03-24 07:25:00+00:00,2025-03-24T03:30:00-04:00,2025-03-24 07:30:00+00:00,.H.INTERNAL_HUB,REAL_TIME_5_MIN,HUB,31.86,31.68,0.0,0.18
2025-03-24T03:30:00-04:00,2025-03-24 07:30:00+00:00,2025-03-24T03:35:00-04:00,2025-03-24 07:35:00+00:00,.H.INTERNAL_HUB,REAL_TIME_5_MIN,HUB,31.86,31.68,0.0,0.18
2025-03-24T03:35:00-04:00,2025-03-24 07:35:00+00:00,2025-03-24T03:40:00-04:00,2025-03-24 07:40:00+00:00,.H.INTERNAL_HUB,REAL_TIME_5_MIN,HUB,31.45,31.28,0.0,0.17
2025-03-24T03:40:00-04:00,2025-03-24 07:40:00+00:00,2025-03-24T03:45:00-04:00,2025-03-24 07:45:00+00:00,.H.INTERNAL_HUB,REAL_TIME_5_MIN,HUB,31.45,31.28,0.0,0.17
2025-03-24T03:45:00-04:00,2025-03-24 07:45:00+00:00,2025-03-24T03:50:00-04:00,2025-03-24 07:50:00+00:00,.H.INTERNAL_HUB,REAL_TIME_5_MIN,HUB,31.65,31.48,0.0,0.17
2025-03-24T03:50:00-04:00,2025-03-24 07:50:00+00:00,2025-03-24T03:55:00-04:00,2025-03-24 07:55:00+00:00,.H.INTERNAL_HUB,REAL_TIME_5_MIN,HUB,31.67,31.5,0.0,0.17
2025-03-24T03:55:00-04:00,2025-03-24 07:55:00+00:00,2025-03-24T04:00:00-04:00,2025-03-24 08:00:00+00:00,.H.INTERNAL_HUB,REAL_TIME_5_MIN,HUB,31.67,31.5,0.0,0.17
2025-03-24T04:00:00-04:00,2025-03-24 08:00:00+00:00,2025-03-24T04:05:00-04:00,2025-03-24 08:05:00+00:00,.H.INTERNAL_HUB,REAL_TIME_5_MIN,HUB,31.67,31.5,0.0,0.17
2025-03-24T04:05:00-04:00,2025-03-24 08:05:00+00:00,2025-03-24T04:10:00-04:00,2025-03-24 08:10:00+00:00,.H.INTERNAL_HUB,REAL_TIME_5_MIN,HUB,31.88,31.72,0.0,0.16
2025-03-24T04:10:00-04:00,2025-03-24 08:10:00+00:00,2025-03-24T04:15:00-04:00,2025-03-24 08:15:00+00:00,.H.INTERNAL_HUB,REAL_TIME_5_MIN,HUB,31.88,31.72,0.0,0.16
2025-03-24T04:15:00-04:00,2025-03-24 08:15:00+00:00,2025-03-24T04:20:00-04:00,2025-03-24 08:20:00+00:00,.H.INTERNAL_HUB,REAL_TIME_5_MIN,HUB,32.06,31.9,0.0,0.16
2025-03-24T04:20:00-04:00,2025-03-24 08:20:00+00:00,2025-03-24T04:25:00-04:00,2025-03-24 08:25:00+00:00,.H.INTERNAL_HUB,REAL_TIME_5_MIN,HUB,32.06,31.9,0.0,0.16
2025-03-24T04:25:00-04:00,2025-03-24 08:25:00+00:00,2025-03-24T04:30:00-04:00,2025-03-24 08:30:00+00:00,.H.INTERNAL_HUB,REAL_TIME_5_MIN,HUB,31.89,31.75,0.0,0.14
2025-03-24T04:30:00-04:00,2025-03-24 08:30:00+00:00,2025-03-24T04:35:00-04:00,2025-03-24 08:35:00+00:00,.H.INTERNAL_HUB,REAL_TIME_5_MIN,HUB,31.89,31.75,0.0,0.14
2025-03-24T04:35:00-04:00,2025-03-24 08:35:00+00:00,2025-03-24T04:40:00-04:00,2025-03-24 08:40:00+00:00,.H.INTERNAL_HUB,REAL_TIME_5_MIN,HUB,31.62,31.48,0.0,0.14
2025-03-24T04:40:00-04:00,2025-03-24 08:40:00+00:00,2025-03-24T04:45:00-04:00,2025-03-24 08:45:00+00:00,.H.INTERNAL_HUB,REAL_TIME_5_MIN,HUB,31.62,31.48,0.0,0.14
2025-03-24T04:45:00-04:00,2025-03-24 08:45:00+00:00,2025-03-24T04:50:00-04:00,2025-03-24 08:50:00+00:00,.H.INTERNAL_HUB,REAL_TIME_5_MIN,HUB,31.28,31.15,0.0,0.13
2025-03-24T04:50:00-04:00,2025-03-24 08:50:00+00:00,2025-03-24T04:55:00-04:00,2025-03-24 08:55:00+00:00,.H.INTERNAL_HUB,REAL_TIME_5_MIN,HUB,31.28,31.15,0.0,0.13
2025-03-24T04:55:00-04:00,2025-03-24 08:55:00+00:00,2025-03-24T05:00:00-04:00,2025-03-24 09:00:00+00:00,.H.INTERNAL_HUB,REAL_TIME_5_MIN,HUB,32.71,32.58,0.0,0.13
2025-03-24T05:00:00-04:00,2025-03-24 09:00:00+00:00,2025-03-24T05:05:00-04:00,2025-03-24 09:05:00+00:00,.H.INTERNAL_HUB,REAL_TIME_5_MIN,HUB,32.39,32.28,0.0,0.11
2025-03-24T05:05:00-04:00,2025-03-24 09:05:00+00:00,2025-03-24T05:10:00-04:00,2025-03-24 09:10:00+00:00,.H.INTERNAL_HUB,REAL_TIME_5_MIN,HUB,32.78,32.67,0.0,0.11
2025-03-24T05:10:00-04:00,2025-03-24 09:10:00+00:00,2025-03-24T05:15:00-04:00,2025-03-24 09:15:00+00:00,.H.INTERNAL_HUB,REAL_TIME_5_MIN,HUB,32.78,32.67,0.0,0.11
2025-03-24T05:15:00-04:00,2025-03-24 09:15:00+00:00,2025-03-24T05:20:00-04:00,2025-03-24 09:20:00+00:00,.H.INTERNAL_HUB,REAL_TIME_5_MIN,HUB,38.75,38.63,0.0,0.12
2025-03-24T05:20:00-04:00,2025-03-24 09:20:00+00:00,2025-03-24T05:25:00-04:00,2025-03-24 09:25:00+00:00,.H.INTERNAL_HUB,REAL_TIME_5_MIN,HUB,38.79,38.66,0.0,0.13
2025-03-24T05:25:00-04:00,2025-03-24 09:25:00+00:00,2025-03-24T05:30:00-04:00,2025-03-24 09:30:00+00:00,.H.INTERNAL_HUB,REAL_TIME_5_MIN,HUB,38.76,38.7,0.0,0.06
2025-03-24T05:30:00-04:00,2025-03-24 09:30:00+00:00,2025-03-24T05:35:00-04:00,2025-03-24 09:35:00+00:00,.H.INTERNAL_HUB,REAL_TIME_5_MIN,HUB,38.76,38.7,0.0,0.06
2025-03-24T05:35:00-04:00,2025-03-24 09:35:00+00:00,2025-03-24T05:40:00-04:00,2025-03-24 09:40:00+00:00,.H.INTERNAL_HUB,REAL_TIME_5_MIN,HUB,38.75,38.67,0.0,0.08
2025-03-24T05:40:00-04:00,2025-03-24 09:40:00+00:00,2025-03-24T05:45:00-04:00,2025-03-24 09:45:00+00:00,.H.INTERNAL_HUB,REAL_TIME_5_MIN,HUB,38.75,38.67,0.0,0.08
2025-03-24T05:45:00-04:00,2025-03-24 09:45:00+00:00,2025-03-24T05:50:00-04:00,2025-03-24 09:50:00+00:00,.H.INTERNAL_HUB,REAL_TIME_5_MIN,HUB,38.75,38.67,0.0,0.08
2025-03-24T05:50:00-04:00,2025-03-24 09:50:00+00:00,2025-03-24T05:55:00-04:00,2025-03-24 09:55:00+00:00,.H.INTERNAL_HUB,REAL_TIME_5_MIN,HUB,41.91,41.84,0.0,0.07
2025-03-24T05:55:00-04:00,2025-03-24 09:55:00+00:00,2025-03-24T06:00:00-04:00,2025-03-24 10:00:00+00:00,.H.INTERNAL_HUB,REAL_TIME_5_MIN,HUB,41.91,41.84,0.0,0.07
2025-03-24T06:00:00-04:00,2025-03-24 10:00:00+00:00,2025-03-24T06:05:00-04:00,2025-03-24 10:05:00+00:00,.H.INTERNAL_HUB,REAL_TIME_5_MIN,HUB,35.0,34.98,0.0,0.02
2025-03-24T06:05:00-04:00,2025-03-24 10:05:00+00:00,2025-03-24T06:10:00-04:00,2025-03-24 10:10:00+00:00,.H.INTERNAL_HUB,REAL_TIME_5_MIN,HUB,37.57,37.54,0.0,0.03
2025-03-24T06:10:00-04:00,2025-03-24 10:10:00+00:00,2025-03-24T06:15:00-04:00,2025-03-24 10:15:00+00:00,.H.INTERNAL_HUB,REAL_TIME_5_MIN,HUB,40.88,40.84,0.0,0.04
2025-03-24T06:15:00-04:00,2025-03-24 10:15:00+00:00,2025-03-24T06:20:00-04:00,2025-03-24 10:20:00+00:00,.H.INTERNAL_HUB,REAL_TIME_5_MIN,HUB,40.88,40.84,0.0,0.04
2025-03-24T06:20:00-04:00,2025-03-24 10:20:00+00:00,2025-03-24T06:25:00-04:00,2025-03-24 10:25:00+00:00,.H.INTERNAL_HUB,REAL_TIME_5_MIN,HUB,47.79,47.74,0.0,0.05
2025-03-24T06:25:00-04:00,2025-03-24 10:25:00+00:00,2025-03-24T06:30:00-04:00,2025-03-24 10:30:00+00:00,.H.INTERNAL_HUB,REAL_TIME_5_MIN,HUB,67.09,67.05,0.0,0.04
2025-03-24T06:30:00-04:00,2025-03-24 10:30:00+00:00,2025-03-24T06:35:00-04:00,2025-03-24 10:35:00+00:00,.H.INTERNAL_HUB,REAL_TIME_5_MIN,HUB,67.11,67.12,0.0,-0.01
2025-03-24T06:35:00-04:00,2025-03-24 10:35:00+00:00,2025-03-24T06:40:00-04:00,2025-03-24 10:40:00+00:00,.H.INTERNAL_HUB,REAL_TIME_5_MIN,HUB,68.14,68.15,0.0,-0.01
2025-03-24T06:40:00-04:00,2025-03-24 10:40:00+00:00,2025-03-24T06:45:00-04:00,2025-03-24 10:45:00+00:00,.H.INTERNAL_HUB,REAL_TIME_5_MIN,HUB,68.14,68.15,0.0,-0.01
2025-03-24T06:45:00-04:00,2025-03-24 10:45:00+00:00,2025-03-24T06:50:00-04:00,2025-03-24 10:50:00+00:00,.H.INTERNAL_HUB,REAL_TIME_5_MIN,HUB,67.09,67.09,0.0,0.0
2025-03-24T06:50:00-04:00,2025-03-24 10:50:00+00:00,2025-03-24T06:55:00-04:00,2025-03-24 10:55:00+00:00,.H.INTERNAL_HUB,REAL_TIME_5_MIN,HUB,67.03,67.05,0.0,-0.02
2025-03-24T06:55:00-04:00,2025-03-24 10:55:00+00:00,2025-03-24T07:00:00-04:00,2025-03-24 11:00:00+00:00,.H.INTERNAL_HUB,REAL_TIME_5_MIN,HUB,67.03,67.05,0.0,-0.02
2025-03-24T07:00:00-04:00,2025-03-24 11:00:00+00:00,2025-03-24T07:05:00-04:00,2025-03-24 11:05:00+00:00,.H.INTERNAL_HUB,REAL_TIME_5_MIN,HUB,57.51,57.53,0.0,-0.02
2025-03-24T07:05:00-04:00,2025-03-24 11:05:00+00:00,2025-03-24T07:10:00-04:00,2025-03-24 11:10:00+00:00,.H.INTERNAL_HUB,REAL_TIME_5_MIN,HUB,57.51,57.53,0.0,-0.02
2025-03-24T07:10:00-04:00,2025-03-24 11:10:00+00:00,2025-03-24T07:15:00-04:00,2025-03-24 11:15:00+00:00,.H.INTERNAL_HUB,REAL_TIME_5_MIN,HUB,57.51,57.53,0.0,-0.02
2025-03-24T07:15:00-04:00,2025-03-24 11:15:00+00:00,2025-03-24T07:20:00-04:00,2025-03-24 11:20:00+00:00,.H.INTERNAL_HUB,REAL_TIME_5_MIN,HUB,73.01,73.04,0.0,-0.03
2025-03-24T07:20:00-04:00,2025-03-24 11:20:00+00:00,2025-03-24T07:25:00-04:00,2025-03-24 11:25:00+00:00,.H.INTERNAL_HUB,REAL_TIME_5_MIN,HUB,60.48,60.49,0.0,-0.01
2025-03-24T07:25:00-04:00,2025-03-24 11:25:00+00:00,2025-03-24T07:30:00-04:00,2025-03-24 11:30:00+00:00,.H.INTERNAL_HUB,REAL_TIME_5_MIN,HUB,60.48,60.49,0.0,-0.01
2025-03-24T07:30:00-04:00,2025-03-24 11:30:00+00:00,2025-03-24T07:35:00-04:00,2025-03-24 11:35:00+00:00,.H.INTERNAL_HUB,REAL_TIME_5_MIN,HUB,48.63,48.67,0.0,-0.04
2025-03-24T07:35:00-04:00,2025-03-24 11:35:00+00:00,2025-03-24T07:40:00-04:00,2025-03-24 11:40:00+00:00,.H.INTERNAL_HUB,REAL_TIME_5_MIN,HUB,58.12,58.16,0.0,-0.04
2025-03-24T07:40:00-04:00,2025-03-24 11:40:00+00:00,2025-03-24T07:45:00-04:00,2025-03-24 11:45:00+00:00,.H.INTERNAL_HUB,REAL_TIME_5_MIN,HUB,60.8,60.83,0.0,-0.03
2025-03-24T07:45:00-04:00,2025-03-24 11:45:00+00:00,2025-03-24T07:50:00-04:00,2025-03-24 11:50:00+00:00,.H.INTERNAL_HUB,REAL_TIME_5_MIN,HUB,60.8,60.83,0.0,-0.03
2025-03-24T07:50:00-04:00,2025-03-24 11:50:00+00:00,2025-03-24T07:55:00-04:00,2025-03-24 11:55:00+00:00,.H.INTERNAL_HUB,REAL_TIME_5_MIN,HUB,73.2,73.22,0.0,-0.02
2025-03-24T07:55:00-04:00,2025-03-24 11:55:00+00:00,2025-03-24T08:00:00-04:00,2025-03-24 12:00:00+00:00,.H.INTERNAL_HUB,REAL_TIME_5_MIN,HUB,73.2,73.22,0.0,-0.02
2025-03-24T08:00:00-04:00,2025-03-24 12:00:00+00:00,2025-03-24T08:05:00-04:00,2025-03-24 12:05:00+00:00,.H.INTERNAL_HUB,REAL_TIME_5_MIN,HUB,68.08,68.06,0.0,0.02
2025-03-24T08:05:00-04:00,2025-03-24 12:05:00+00:00,2025-03-24T08:10:00-04:00,2025-03-24 12:10:00+00:00,.H.INTERNAL_HUB,REAL_TIME_5_MIN,HUB,68.08,68.06,0.0,0.02
2025-03-24T08:10:00-04:00,2025-03-24 12:10:00+00:00,2025-03-24T08:15:00-04:00,2025-03-24 12:15:00+00:00,.H.INTERNAL_HUB,REAL_TIME_5_MIN,HUB,73.76,73.78,0.0,-0.02
2025-03-24T08:15:00-04:00,2025-03-24 12:15:00+00:00,2025-03-24T08:20:00-04:00,2025-03-24 12:20:00+00:00,.H.INTERNAL_HUB,REAL_TIME_5_MIN,HUB,61.9,61.91,0.0,-0.01
2025-03-24T08:20:00-04:00,2025-03-24 12:20:00+00:00,2025-03-24T08:25:00-04:00,2025-03-24 12:25:00+00:00,.H.INTERNAL_HUB,REAL_TIME_5_MIN,HUB,61.9,61.91,0.0,-0.01
2025-03-24T08:25:00-04:00,2025-03-24 12:25:00+00:00,2025-03-24T08:30:00-04:00,2025-03-24 12:30:00+00:00,.H.INTERNAL_HUB,REAL_TIME_5_MIN,HUB,72.06,72.01,0.0,0.05
2025-03-24T08:30:00-04:00,2025-03-24 12:30:00+00:00,2025-03-24T08:35:00-04:00,2025-03-24 12:35:00+00:00,.H.INTERNAL_HUB,REAL_TIME_5_MIN,HUB,64.87,64.82,0.0,0.05
2025-03-24T08:35:00-04:00,2025-03-24 12:35:00+00:00,2025-03-24T08:40:00-04:00,2025-03-24 12:40:00+00:00,.H.INTERNAL_HUB,REAL_TIME_5_MIN,HUB,64.87,64.82,0.0,0.05
2025-03-24T08:40:00-04:00,2025-03-24 12:40:00+00:00,2025-03-24T08:45:00-04:00,2025-03-24 12:45:00+00:00,.H.INTERNAL_HUB,REAL_TIME_5_MIN,HUB,66.92,66.88,0.0,0.04
2025-03-24T08:45:00-04:00,2025-03-24 12:45:00+00:00,2025-03-24T08:50:00-04:00,2025-03-24 12:50:00+00:00,.H.INTERNAL_HUB,REAL_TIME_5_MIN,HUB,66.92,66.88,0.0,0.04
2025-03-24T08:50:00-04:00,2025-03-24 12:50:00+00:00,2025-03-24T08:55:00-04:00,2025-03-24 12:55:00+00:00,.H.INTERNAL_HUB,REAL_TIME_5_MIN,HUB,69.29,69.24,0.0,0.05
2025-03-24T08:55:00-04:00,2025-03-24 12:55:00+00:00,2025-03-24T09:00:00-04:00,2025-03-24 13:00:00+00:00,.H.INTERNAL_HUB,REAL_TIME_5_MIN,HUB,69.29,69.24,0.0,0.05
2025-03-24T09:00:00-04:00,2025-03-24 13:00:00+00:00,2025-03-24T09:05:00-04:00,2025-03-24 13:05:00+00:00,.H.INTERNAL_HUB,REAL_TIME_5_MIN,HUB,68.65,68.6,0.0,0.05
2025-03-24T09:05:00-04:00,2025-03-24 13:05:00+00:00,2025-03-24T09:10:00-04:00,2025-03-24 13:10:00+00:00,.H.INTERNAL_HUB,REAL_TIME_5_MIN,HUB,68.7,68.67,0.0,0.03
2025-03-24T09:10:00-04:00,2025-03-24 13:10:00+00:00,2025-03-24T09:15:00-04:00,2025-03-24 13:15:00+00:00,.H.INTERNAL_HUB,REAL_TIME_5_MIN,HUB,68.06,68.04,0.0,0.02
2025-03-24T09:15:00-04:00,2025-03-24 13:15:00+00:00,2025-03-24T09:20:00-04:00,2025-03-24 13:20:00+00:00,.H.INTERNAL_HUB,REAL_TIME_5_MIN,HUB,68.06,68.04,0.0,0.02
2025-03-24T09:20:00-04:00,2025-03-24 13:20:00+00:00,2025-03-24T09:25:00-04:00,2025-03-24 13:25:00+00:00,.H.INTERNAL_HUB,REAL_TIME_5_MIN,HUB,66.9,66.81,0.0,0.09
2025-03-24T09:25:00-04:00,2025-03-24 13:25:00+00:00,2025-03-24T09:30:00-04:00,2025-03-24 13:30:00+00:00,.H.INTERNAL_HUB,REAL_TIME_5_MIN,HUB,66.9,66.81,0.0,0.09
2025-03-24T09:30:00-04:00,2025-03-24 13:30:00+00:00,2025-03-24T09:35:00-04:00,2025-03-24 13:35:00+00:00,.H.INTERNAL_HUB,REAL_TIME_5_MIN,HUB,67.87,67.76,0.0,0.11
2025-03-24T09:35:00-04:00,2025-03-24 13:35:00+00:00,2025-03-24T09:40:00-04:00,2025-03-24 13:40:00+00:00,.H.INTERNAL_HUB,REAL_TIME_5_MIN,HUB,69.87,69.75,0.0,0.12
2025-03-24T09:40:00-04:00,2025-03-24 13:40:00+00:00,2025-03-24T09:45:00-04:00,2025-03-24 13:45:00+00:00,.H.INTERNAL_HUB,REAL_TIME_5_MIN,HUB,70.03,69.91,0.0,0.12
2025-03-24T09:45:00-04:00,2025-03-24 13:45:00+00:00,2025-03-24T09:50:00-04:00,2025-03-24 13:50:00+00:00,.H.INTERNAL_HUB,REAL_TIME_5_MIN,HUB,70.03,69.91,0.0,0.12
2025-03-24T09:50:00-04:00,2025-03-24 13:50:00+00:00,2025-03-24T09:55:00-04:00,2025-03-24 13:55:00+00:00,.H.INTERNAL_HUB,REAL_TIME_5_MIN,HUB,69.6,69.49,0.0,0.11
2025-03-24T09:55:00-04:00,2025-03-24 13:55:00+00:00,2025-03-24T10:00:00-04:00,2025-03-24 14:00:00+00:00,.H.INTERNAL_HUB,REAL_TIME_5_MIN,HUB,69.55,69.45,0.0,0.1
2025-03-24T10:00:00-04:00,2025-03-24 14:00:00+00:00,2025-03-24T10:05:00-04:00,2025-03-24 14:05:00+00:00,.H.INTERNAL_HUB,REAL_TIME_5_MIN,HUB,69.55,69.45,0.0,0.1
2025-03-24T10:05:00-04:00,2025-03-24 14:05:00+00:00,2025-03-24T10:10:00-04:00,2025-03-24 14:10:00+00:00,.H.INTERNAL_HUB,REAL_TIME_5_MIN,HUB,68.98,68.87,0.0,0.11
2025-03-24T10:10:00-04:00,2025-03-24 14:10:00+00:00,2025-03-24T10:15:00-04:00,2025-03-24 14:15:00+00:00,.H.INTERNAL_HUB,REAL_TIME_5_MIN,HUB,68.98,68.87,0.0,0.11
2025-03-24T10:15:00-04:00,2025-03-24 14:15:00+00:00,2025-03-24T10:20:00-04:00,2025-03-24 14:20:00+00:00,.H.INTERNAL_HUB,REAL_TIME_5_MIN,HUB,63.65,63.57,0.0,0.08
2025-03-24T10:20:00-04:00,2025-03-24 14:20:00+00:00,2025-03-24T10:25:00-04:00,2025-03-24 14:25:00+00:00,.H.INTERNAL_HUB,REAL_TIME_5_MIN,HUB,63.63,63.51,0.0,0.12
2025-03-24T10:25:00-04:00,2025-03-24 14:25:00+00:00,2025-03-24T10:30:00-04:00,2025-03-24 14:30:00+00:00,.H.INTERNAL_HUB,REAL_TIME_5_MIN,HUB,63.63,63.51,0.0,0.12
2025-03-24T10:30:00-04:00,2025-03-24 14:30:00+00:00,2025-03-24T10:35:00-04:00,2025-03-24 14:35:00+00:00,.H.INTERNAL_HUB,REAL_TIME_5_MIN,HUB,63.48,63.36,0.0,0.12
2025-03-24T10:35:00-04:00,2025-03-24 14:35:00+00:00,2025-03-24T10:40:00-04:00,2025-03-24 14:40:00+00:00,.H.INTERNAL_HUB,REAL_TIME_5_MIN,HUB,69.43,69.3,0.0,0.13
2025-03-24T10:40:00-04:00,2025-03-24 14:40:00+00:00,2025-03-24T10:45:00-04:00,2025-03-24 14:45:00+00:00,.H.INTERNAL_HUB,REAL_TIME_5_MIN,HUB,69.43,69.3,0.0,0.13
2025-03-24T10:45:00-04:00,2025-03-24 14:45:00+00:00,2025-03-24T10:50:00-04:00,2025-03-24 14:50:00+00:00,.H.INTERNAL_HUB,REAL_TIME_5_MIN,HUB,69.33,69.16,0.0,0.17
2025-03-24T10:50:00-04:00,2025-03-24 14:50:00+00:00,2025-03-24T10:55:00-04:00,2025-03-24 14:55:00+00:00,.H.INTERNAL_HUB,REAL_TIME_5_MIN,HUB,69.89,69.73,0.0,0.16
2025-03-24T10:55:00-04:00,2025-03-24 14:55:00+00:00,2025-03-24T11:00:00-04:00,2025-03-24 15:00:00+00:00,.H.INTERNAL_HUB,REAL_TIME_5_MIN,HUB,69.89,69.73,0.0,0.16
2025-03-24T11:00:00-04:00,2025-03-24 15:00:00+00:00,2025-03-24T11:05:00-04:00,2025-03-24 15:05:00+00:00,.H.INTERNAL_HUB,REAL_TIME_5_MIN,HUB,68.52,68.4,0.0,0.12
2025-03-24T11:05:00-04:00,2025-03-24 15:05:00+00:00,2025-03-24T11:10:00-04:00,2025-03-24 15:10:00+00:00,.H.INTERNAL_HUB,REAL_TIME_5_MIN,HUB,68.58,68.46,0.0,0.12
2025-03-24T11:10:00-04:00,2025-03-24 15:10:00+00:00,2025-03-24T11:15:00-04:00,2025-03-24 15:15:00+00:00,.H.INTERNAL_HUB,REAL_TIME_5_MIN,HUB,68.96,68.84,0.0,0.12
2025-03-24T11:15:00-04:00,2025-03-24 15:15:00+00:00,2025-03-24T11:20:00-04:00,2025-03-24 15:20:00+00:00,.H.INTERNAL_HUB,REAL_TIME_5_MIN,HUB,68.96,68.84,0.0,0.12
2025-03-24T11:20:00-04:00,2025-03-24 15:20:00+00:00,2025-03-24T11:25:00-04:00,2025-03-24 15:25:00+00:00,.H.INTERNAL_HUB,REAL_TIME_5_MIN,HUB,71.96,71.83,0.0,0.13
2025-03-24T11:25:00-04:00,2025-03-24 15:25:00+00:00,2025-03-24T11:30:00-04:00,2025-03-24 15:30:00+00:00,.H.INTERNAL_HUB,REAL_TIME_5_MIN,HUB,68.89,68.77,0.0,0.12
2025-03-24T11:30:00-04:00,2025-03-24 15:30:00+00:00,2025-03-24T11:35:00-04:00,2025-03-24 15:35:00+00:00,.H.INTERNAL_HUB,REAL_TIME_5_MIN,HUB,68.89,68.77,0.0,0.12
2025-03-24T11:35:00-04:00,2025-03-24 15:35:00+00:00,2025-03-24T11:40:00-04:00,2025-03-24 15:40:00+00:00,.H.INTERNAL_HUB,REAL_TIME_5_MIN,HUB,68.89,68.77,0.0,0.12
2025-03-24T11:40:00-04:00,2025-03-24 15:40:00+00:00,2025-03-24T11:45:00-04:00,2025-03-24 15:45:00+00:00,.H.INTERNAL_HUB,REAL_TIME_5_MIN,HUB,68.98,68.87,0.0,0.11
2025-03-24T11:45:00-04:00,2025-03-24 15:45:00+00:00,2025-03-24T11:50:00-04:00,2025-03-24 15:50:00+00:00,.H.INTERNAL_HUB,REAL_TIME_5_MIN,HUB,68.98,68.87,0.0,0.11
2025-03-24T11:50:00-04:00,2025-03-24 15:50:00+00:00,2025-03-24T11:55:00-04:00,2025-03-24 15:55:00+00:00,.H.INTERNAL_HUB,REAL_TIME_5_MIN,HUB,72.0,71.89,0.0,0.11
2025-03-24T11:55:00-04:00,2025-03-24 15:55:00+00:00,2025-03-24T12:00:00-04:00,2025-03-24 16:00:00+00:00,.H.INTERNAL_HUB,REAL_TIME_5_MIN,HUB,72.01,71.89,0.0,0.12
2025-03-24T12:00:00-04:00,2025-03-24 16:00:00+00:00,2025-03-24T12:05:00-04:00,2025-03-24 16:05:00+00:00,.H.INTERNAL_HUB,REAL_TIME_5_MIN,HUB,72.01,71.89,0.0,0.12
2025-03-24T12:05:00-04:00,2025-03-24 16:05:00+00:00,2025-03-24T12:10:00-04:00,2025-03-24 16:10:00+00:00,.H.INTERNAL_HUB,REAL_TIME_5_MIN,HUB,68.15,68.03,0.0,0.12
2025-03-24T12:10:00-04:00,2025-03-24 16:10:00+00:00,2025-03-24T12:15:00-04:00,2025-03-24 16:15:00+00:00,.H.INTERNAL_HUB,REAL_TIME_5_MIN,HUB,68.15,68.03,0.0,0.12
2025-03-24T12:15:00-04:00,2025-03-24 16:15:00+00:00,2025-03-24T12:20:00-04:00,2025-03-24 16:20:00+00:00,.H.INTERNAL_HUB,REAL_TIME_5_MIN,HUB,72.07,71.97,0.0,0.1
2025-03-24T12:20:00-04:00,2025-03-24 16:20:00+00:00,2025-03-24T12:25:00-04:00,2025-03-24 16:25:00+00:00,.H.INTERNAL_HUB,REAL_TIME_5_MIN,HUB,72.07,71.97,0.0,0.1
2025-03-24T12:25:00-04:00,2025-03-24 16:25:00+00:00,2025-03-24T12:30:00-04:00,2025-03-24 16:30:00+00:00,.H.INTERNAL_HUB,REAL_TIME_5_MIN,HUB,67.0,66.93,0.0,0.07
2025-03-24T12:30:00-04:00,2025-03-24 16:30:00+00:00,2025-03-24T12:35:00-04:00,2025-03-24 16:35:00+00:00,.H.INTERNAL_HUB,REAL_TIME_5_MIN,HUB,67.0,66.93,0.0,0.07
2025-03-24T12:35:00-04:00,2025-03-24 16:35:00+00:00,2025-03-24T12:40:00-04:00,2025-03-24 16:40:00+00:00,.H.INTERNAL_HUB,REAL_TIME_5_MIN,HUB,68.13,68.08,0.0,0.05
2025-03-24T12:40:00-04:00,2025-03-24 16:40:00+00:00,2025-03-24T12:45:00-04:00,2025-03-24 16:45:00+00:00,.H.INTERNAL_HUB,REAL_TIME_5_MIN,HUB,68.13,68.08,0.0,0.05
2025-03-24T12:45:00-04:00,2025-03-24 16:45:00+00:00,2025-03-24T12:50:00-04:00,2025-03-24 16:50:00+00:00,.H.INTERNAL_HUB,REAL_TIME_5_MIN,HUB,72.18,72.12,0.0,0.06
2025-03-24T12:50:00-04:00,2025-03-24 16:50:00+00:00,2025-03-24T12:55:00-04:00,2025-03-24 16:55:00+00:00,.H.INTERNAL_HUB,REAL_TIME_5_MIN,HUB,72.19,72.14,0.0,0.05
2025-03-24T12:55:00-04:00,2025-03-24 16:55:00+00:00,2025-03-24T13:00:00-04:00,2025-03-24 17:00:00+00:00,.H.INTERNAL_HUB,REAL_TIME_5_MIN,HUB,72.19,72.14,0.0,0.05
2025-03-24T13:00:00-04:00,2025-03-24 17:00:00+00:00,2025-03-24T13:05:00-04:00,2025-03-24 17:05:00+00:00,.H.INTERNAL_HUB,REAL_TIME_5_MIN,HUB,72.19,72.14,0.0,0.05
2025-03-24T13:05:00-04:00,2025-03-24 17:05:00+00:00,2025-03-24T13:10:00-04:00,2025-03-24 17:10:00+00:00,.H.INTERNAL_HUB,REAL_TIME_5_MIN,HUB,72.25,72.21,0.0,0.04
2025-03-24T13:10:00-04:00,2025-03-24 17:10:00+00:00,2025-03-24T13:15:00-04:00,2025-03-24 17:15:00+00:00,.H.INTERNAL_HUB,REAL_TIME_5_MIN,HUB,72.23,72.19,0.0,0.04
2025-03-24T13:15:00-04:00,2025-03-24 17:15:00+00:00,2025-03-24T13:20:00-04:00,2025-03-24 17:20:00+00:00,.H.INTERNAL_HUB,REAL_TIME_5_MIN,HUB,72.23,72.19,0.0,0.04
2025-03-24T13:20:00-04:00,2025-03-24 17:20:00+00:00,2025-03-24T13:25:00-04:00,2025-03-24 17:25:00+00:00,.H.INTERNAL_HUB,REAL_TIME_5_MIN,HUB,72.23,72.19,0.0,0.04
2025-03-24T13:25:00-04:00,2025-03-24 17:25:00+00:00,2025-03-24T13:30:00-04:00,2025-03-24 17:30:00+00:00,.H.INTERNAL_HUB,REAL_TIME_5_MIN,HUB,63.12,63.08,0.0,0.04
2025-03-24T13:30:00-04:00,2025-03-24 17:30:00+00:00,2025-03-24T13:35:00-04:00,2025-03-24 17:35:00+00:00,.H.INTERNAL_HUB,REAL_TIME_5_MIN,HUB,63.12,63.08,0.0,0.04
2025-03-24T13:35:00-04:00,2025-03-24 17:35:00+00:00,2025-03-24T13:40:00-04:00,2025-03-24 17:40:00+00:00,.H.INTERNAL_HUB,REAL_TIME_5_MIN,HUB,67.01,66.94,0.0,0.07
2025-03-24T13:40:00-04:00,2025-03-24 17:40:00+00:00,2025-03-24T13:45:00-04:00,2025-03-24 17:45:00+00:00,.H.INTERNAL_HUB,REAL_TIME_5_MIN,HUB,67.01,66.94,0.0,0.07
2025-03-24T13:45:00-04:00,2025-03-24 17:45:00+00:00,2025-03-24T13:50:00-04:00,2025-03-24 17:50:00+00:00,.H.INTERNAL_HUB,REAL_TIME_5_MIN,HUB,67.1,67.04,0.0,0.06
2025-03-24T13:50:00-04:00,2025-03-24 17:50:00+00:00,2025-03-24T13:55:00-04:00,2025-03-24 17:55:00+00:00,.H.INTERNAL_HUB,REAL_TIME_5_MIN,HUB,68.08,68.02,0.0,0.06
2025-03-24T13:55:00-04:00,2025-03-24 17:55:00+00:00,2025-03-24T14:00:00-04:00,2025-03-24 18:00:00+00:00,.H.INTERNAL_HUB,REAL_TIME_5_MIN,HUB,68.08,68.02,0.0,0.06
2025-03-24T14:00:00-04:00,2025-03-24 18:00:00+00:00,2025-03-24T14:05:00-04:00,2025-03-24 18:05:00+00:00,.H.INTERNAL_HUB,REAL_TIME_5_MIN,HUB,72.27,72.21,0.0,0.06
2025-03-24T14:05:00-04:00,2025-03-24 18:05:00+00:00,2025-03-24T14:10:00-04:00,2025-03-24 18:10:00+00:00,.H.INTERNAL_HUB,REAL_TIME_5_MIN,HUB,72.27,72.21,0.0,0.06
2025-03-24T14:10:00-04:00,2025-03-24 18:10:00+00:00,2025-03-24T14:15:00-04:00,2025-03-24 18:15:00+00:00,.H.INTERNAL_HUB,REAL_TIME_5_MIN,HUB,63.38,63.3,0.0,0.08
2025-03-24T14:15:00-04:00,2025-03-24 18:15:00+00:00,2025-03-24T14:20:00-04:00,2025-03-24 18:20:00+00:00,.H.INTERNAL_HUB,REAL_TIME_5_MIN,HUB,63.38,63.3,0.0,0.08
2025-03-24T14:20:00-04:00,2025-03-24 18:20:00+00:00,2025-03-24T14:25:00-04:00,2025-03-24 18:25:00+00:00,.H.INTERNAL_HUB,REAL_TIME_5_MIN,HUB,56.68,56.58,0.0,0.1
2025-03-24T14:25:00-04:00,2025-03-24 18:25:00+00:00,2025-03-24T14:30:00-04:00,2025-03-24 18:30:00+00:00,.H.INTERNAL_HUB,REAL_TIME_5_MIN,HUB,56.68,56.58,0.0,0.1
2025-03-24T14:30:00-04:00,2025-03-24 18:30:00+00:00,2025-03-24T14:35:00-04:00,2025-03-24 18:35:00+00:00,.H.INTERNAL_HUB,REAL_TIME_5_MIN,HUB,56.68,56.58,0.0,0.1
2025-03-24T14:35:00-04:00,2025-03-24 18:35:00+00:00,2025-03-24T14:40:00-04:00,2025-03-24 18:40:00+00:00,.H.INTERNAL_HUB,REAL_TIME_5_MIN,HUB,57.18,57.08,0.0,0.1
2025-03-24T14:40:00-04:00,2025-03-24 18:40:00+00:00,2025-03-24T14:45:00-04:00,2025-03-24 18:45:00+00:00,.H.INTERNAL_HUB,REAL_TIME_5_MIN,HUB,57.18,57.08,0.0,0.1
2025-03-24T14:45:00-04:00,2025-03-24 18:45:00+00:00,2025-03-24T14:50:00-04:00,2025-03-24 18:50:00+00:00,.H.INTERNAL_HUB,REAL_TIME_5_MIN,HUB,56.62,56.52,0.0,0.1
2025-03-24T14:50:00-04:00,2025-03-24 18:50:00+00:00,2025-03-24T14:55:00-04:00,2025-03-24 18:55:00+00:00,.H.INTERNAL_HUB,REAL_TIME_5_MIN,HUB,56.6,56.48,0.0,0.12
2025-03-24T14:55:00-04:00,2025-03-24 18:55:00+00:00,2025-03-24T15:00:00-04:00,2025-03-24 19:00:00+00:00,.H.INTERNAL_HUB,REAL_TIME_5_MIN,HUB,56.58,56.47,0.0,0.11
2025-03-24T15:00:00-04:00,2025-03-24 19:00:00+00:00,2025-03-24T15:05:00-04:00,2025-03-24 19:05:00+00:00,.H.INTERNAL_HUB,REAL_TIME_5_MIN,HUB,56.58,56.47,0.0,0.11
2025-03-24T15:05:00-04:00,2025-03-24 19:05:00+00:00,2025-03-24T15:10:00-04:00,2025-03-24 19:10:00+00:00,.H.INTERNAL_HUB,REAL_TIME_5_MIN,HUB,66.88,66.74,0.0,0.14
2025-03-24T15:10:00-04:00,2025-03-24 19:10:00+00:00,2025-03-24T15:15:00-04:00,2025-03-24 19:15:00+00:00,.H.INTERNAL_HUB,REAL_TIME_5_MIN,HUB,66.88,66.74,0.0,0.14
2025-03-24T15:15:00-04:00,2025-03-24 19:15:00+00:00,2025-03-24T15:20:00-04:00,2025-03-24 19:20:00+00:00,.H.INTERNAL_HUB,REAL_TIME_5_MIN,HUB,66.87,66.72,0.0,0.15
2025-03-24T15:20:00-04:00,2025-03-24 19:20:00+00:00,2025-03-24T15:25:00-04:00,2025-03-24 19:25:00+00:00,.H.INTERNAL_HUB,REAL_TIME_5_MIN,HUB,66.89,66.74,0.0,0.15
2025-03-24T15:25:00-04:00,2025-03-24 19:25:00+00:00,2025-03-24T15:30:00-04:00,2025-03-24 19:30:00+00:00,.H.INTERNAL_HUB,REAL_TIME_5_MIN,HUB,66.89,66.74,0.0,0.15
2025-03-24T15:30:00-04:00,2025-03-24 19:30:00+00:00,2025-03-24T15:35:00-04:00,2025-03-24 19:35:00+00:00,.H.INTERNAL_HUB,REAL_TIME_5_MIN,HUB,66.94,66.79,0.0,0.15
2025-03-24T15:35:00-04:00,2025-03-24 19:35:00+00:00,2025-03-24T15:40:00-04:00,2025-03-24 19:40:00+00:00,.H.INTERNAL_HUB,REAL_TIME_5_MIN,HUB,66.94,66.79,0.0,0.15
2025-03-24T15:40:00-04:00,2025-03-24 19:40:00+00:00,2025-03-24T15:45:00-04:00,2025-03-24 19:45:00+00:00,.H.INTERNAL_HUB,REAL_TIME_5_MIN,HUB,66.99,66.84,0.0,0.15
2025-03-24T15:45:00-04:00,2025-03-24 19:45:00+00:00,2025-03-24T15:50:00-04:00,2025-03-24 19:50:00+00:00,.H.INTERNAL_HUB,REAL_TIME_5_MIN,HUB,66.99,66.84,0.0,0.15
2025-03-24T15:50:00-04:00,2025-03-24 19:50:00+00:00,2025-03-24T15:55:00-04:00,2025-03-24 19:55:00+00:00,.H.INTERNAL_HUB,REAL_TIME_5_MIN,HUB,66.91,66.74,0.0,0.17
2025-03-24T15:55:00-04:00,2025-03-24 19:55:00+00:00,2025-03-24T16:00:00-04:00,2025-03-24 20:00:00+00:00,.H.INTERNAL_HUB,REAL_TIME_5_MIN,HUB,66.91,66.74,0.0,0.17
2025-03-24T16:00:00-04:00,2025-03-24 20:00:00+00:00,2025-03-24T16:05:00-04:00,2025-03-24 20:05:00+00:00,.H.INTERNAL_HUB,REAL_TIME_5_MIN,HUB,63.36,63.21,0.0,0.15
2025-03-24T16:05:00-04:00,2025-03-24 20:05:00+00:00,2025-03-24T16:10:00-04:00,2025-03-24 20:10:00+00:00,.H.INTERNAL_HUB,REAL_TIME_5_MIN,HUB,63.36,63.21,0.0,0.15
2025-03-24T16:10:00-04:00,2025-03-24 20:10:00+00:00,2025-03-24T16:15:00-04:00,2025-03-24 20:15:00+00:00,.H.INTERNAL_HUB,REAL_TIME_5_MIN,HUB,61.84,61.7,0.0,0.14
2025-03-24T16:15:00-04:00,2025-03-24 20:15:00+00:00,2025-03-24T16:20:00-04:00,2025-03-24 20:20:00+00:00,.H.INTERNAL_HUB,REAL_TIME_5_MIN,HUB,73.04,72.87,0.0,0.17
2025-03-24T16:20:00-04:00,2025-03-24 20:20:00+00:00,2025-03-24T16:25:00-04:00,2025-03-24 20:25:00+00:00,.H.INTERNAL_HUB,REAL_TIME_5_MIN,HUB,72.14,71.97,0.0,0.17
2025-03-24T16:25:00-04:00,2025-03-24 20:25:00+00:00,2025-03-24T16:30:00-04:00,2025-03-24 20:30:00+00:00,.H.INTERNAL_HUB,REAL_TIME_5_MIN,HUB,72.14,71.97,0.0,0.17
2025-03-24T16:30:00-04:00,2025-03-24 20:30:00+00:00,2025-03-24T16:35:00-04:00,2025-03-24 20:35:00+00:00,.H.INTERNAL_HUB,REAL_TIME_5_MIN,HUB,72.26,72.09,0.0,0.17
2025-03-24T16:35:00-04:00,2025-03-24 20:35:00+00:00,2025-03-24T16:40:00-04:00,2025-03-24 20:40:00+00:00,.H.INTERNAL_HUB,REAL_TIME_5_MIN,HUB,72.26,72.09,0.0,0.17
2025-03-24T16:40:00-04:00,2025-03-24 20:40:00+00:00,2025-03-24T16:45:00-04:00,2025-03-24 20:45:00+00:00,.H.INTERNAL_HUB,REAL_TIME_5_MIN,HUB,75.92,75.78,0.0,0.14
2025-03-24T16:45:00-04:00,2025-03-24 20:45:00+00:00,2025-03-24T16:50:00-04:00,2025-03-24 20:50:00+00:00,.H.INTERNAL_HUB,REAL_TIME_5_MIN,HUB,75.92,75.78,0.0,0.14
2025-03-24T16:50:00-04:00,2025-03-24 20:50:00+00:00,2025-03-24T16:55:00-04:00,2025-03-24 20:55:00+00:00,.H.INTERNAL_HUB,REAL_TIME_5_MIN,HUB,75.91,75.77,0.0,0.14
2025-03-24T16:55:00-04:00,2025-03-24 20:55:00+00:00,2025-03-24T17:00:00-04:00,2025-03-24 21:00:00+00:00,.H.INTERNAL_HUB,REAL_TIME_5_MIN,HUB,75.91,75.77,0.0,0.14
2025-03-24T17:00:00-04:00,2025-03-24 21:00:00+00:00,2025-03-24T17:05:00-04:00,2025-03-24 21:05:00+00:00,.H.INTERNAL_HUB,REAL_TIME_5_MIN,HUB,75.91,75.77,0.0,0.14
2025-03-24T17:05:00-04:00,2025-03-24 21:05:00+00:00,2025-03-24T17:10:00-04:00,2025-03-24 21:10:00+00:00,.H.INTERNAL_HUB,REAL_TIME_5_MIN,HUB,67.99,67.86,0.0,0.13
2025-03-24T17:10:00-04:00,2025-03-24 21:10:00+00:00,2025-03-24T17:15:00-04:00,2025-03-24 21:15:00+00:00,.H.INTERNAL_HUB,REAL_TIME_5_MIN,HUB,73.3,73.16,0.0,0.14
2025-03-24T17:15:00-04:00,2025-03-24 21:15:00+00:00,2025-03-24T17:20:00-04:00,2025-03-24 21:20:00+00:00,.H.INTERNAL_HUB,REAL_TIME_5_MIN,HUB,73.3,73.16,0.0,0.14
2025-03-24T17:20:00-04:00,2025-03-24 21:20:00+00:00,2025-03-24T17:25:00-04:00,2025-03-24 21:25:00+00:00,.H.INTERNAL_HUB,REAL_TIME_5_MIN,HUB,73.3,73.16,0.0,0.14
2025-03-24T17:25:00-04:00,2025-03-24 21:25:00+00:00,2025-03-24T17:30:00-04:00,2025-03-24 21:30:00+00:00,.H.INTERNAL_HUB,REAL_TIME_5_MIN,HUB,72.4,72.25,0.0,0.15
2025-03-24T17:30:00-04:00,2025-03-24 21:30:00+00:00,2025-03-24T17:35:00-04:00,2025-03-24 21:35:00+00:00,.H.INTERNAL_HUB,REAL_TIME_5_MIN,HUB,72.4,72.25,0.0,0.15
2025-03-24T17:35:00-04:00,2025-03-24 21:35:00+00:00,2025-03-24T17:40:00-04:00,2025-03-24 21:40:00+00:00,.H.INTERNAL_HUB,REAL_TIME_5_MIN,HUB,77.49,77.32,0.0,0.17
2025-03-24T17:40:00-04:00,2025-03-24 21:40:00+00:00,2025-03-24T17:45:00-04:00,2025-03-24 21:45:00+00:00,.H.INTERNAL_HUB,REAL_TIME_5_MIN,HUB,72.48,72.33,0.0,0.15
2025-03-24T17:45:00-04:00,2025-03-24 21:45:00+00:00,2025-03-24T17:50:00-04:00,2025-03-24 21:50:00+00:00,.H.INTERNAL_HUB,REAL_TIME_5_MIN,HUB,72.45,72.29,0.0,0.16
2025-03-24T17:50:00-04:00,2025-03-24 21:50:00+00:00,2025-03-24T17:55:00-04:00,2025-03-24 21:55:00+00:00,.H.INTERNAL_HUB,REAL_TIME_5_MIN,HUB,72.49,72.34,0.0,0.15
2025-03-24T17:55:00-04:00,2025-03-24 21:55:00+00:00,2025-03-24T18:00:00-04:00,2025-03-24 22:00:00+00:00,.H.INTERNAL_HUB,REAL_TIME_5_MIN,HUB,72.49,72.34,0.0,0.15
2025-03-24T18:00:00-04:00,2025-03-24 22:00:00+00:00,2025-03-24T18:05:00-04:00,2025-03-24 22:05:00+00:00,.H.INTERNAL_HUB,REAL_TIME_5_MIN,HUB,57.94,57.79,0.0,0.15
2025-03-24T18:05:00-04:00,2025-03-24 22:05:00+00:00,2025-03-24T18:10:00-04:00,2025-03-24 22:10:00+00:00,.H.INTERNAL_HUB,REAL_TIME_5_MIN,HUB,53.24,53.12,0.0,0.12
2025-03-24T18:10:00-04:00,2025-03-24 22:10:00+00:00,2025-03-24T18:15:00-04:00,2025-03-24 22:15:00+00:00,.H.INTERNAL_HUB,REAL_TIME_5_MIN,HUB,47.87,47.76,0.0,0.11
2025-03-24T18:15:00-04:00,2025-03-24 22:15:00+00:00,2025-03-24T18:20:00-04:00,2025-03-24 22:20:00+00:00,.H.INTERNAL_HUB,REAL_TIME_5_MIN,HUB,47.87,47.76,0.0,0.11
2025-03-24T18:20:00-04:00,2025-03-24 22:20:00+00:00,2025-03-24T18:25:00-04:00,2025-03-24 22:25:00+00:00,.H.INTERNAL_HUB,REAL_TIME_5_MIN,HUB,47.31,47.2,0.0,0.11
2025-03-24T18:25:00-04:00,2025-03-24 22:25:00+00:00,2025-03-24T18:30:00-04:00,2025-03-24 22:30:00+00:00,.H.INTERNAL_HUB,REAL_TIME_5_MIN,HUB,47.31,47.2,0.0,0.11
2025-03-24T18:30:00-04:00,2025-03-24 22:30:00+00:00,2025-03-24T18:35:00-04:00,2025-03-24 22:35:00+00:00,.H.INTERNAL_HUB,REAL_TIME_5_MIN,HUB,47.26,47.14,0.0,0.12
2025-03-24T18:35:00-04:00,2025-03-24 22:35:00+00:00,2025-03-24T18:40:00-04:00,2025-03-24 22:40:00+00:00,.H.INTERNAL_HUB,REAL_TIME_5_MIN,HUB,50.85,50.73,0.0,0.12
2025-03-24T18:40:00-04:00,2025-03-24 22:40:00+00:00,2025-03-24T18:45:00-04:00,2025-03-24 22:45:00+00:00,.H.INTERNAL_HUB,REAL_TIME_5_MIN,HUB,50.87,50.73,0.0,0.14
2025-03-24T18:45:00-04:00,2025-03-24 22:45:00+00:00,2025-03-24T18:50:00-04:00,2025-03-24 22:50:00+00:00,.H.INTERNAL_HUB,REAL_TIME_5_MIN,HUB,50.87,50.73,0.0,0.14
2025-03-24T18:50:00-04:00,2025-03-24 22:50:00+00:00,2025-03-24T18:55:00-04:00,2025-03-24 22:55:00+00:00,.H.INTERNAL_HUB,REAL_TIME_5_MIN,HUB,50.85,50.72,0.0,0.13
2025-03-24T18:55:00-04:00,2025-03-24 22:55:00+00:00,2025-03-24T19:00:00-04:00,2025-03-24 23:00:00+00:00,.H.INTERNAL_HUB,REAL_TIME_5_MIN,HUB,50.85,50.72,0.0,0.13
2025-03-24T19:00:00-04:00,2025-03-24 23:00:00+00:00,2025-03-24T19:05:00-04:00,2025-03-24 23:05:00+00:00,.H.INTERNAL_HUB,REAL_TIME_5_MIN,HUB,56.14,56.01,0.0,0.13
2025-03-24T19:05:00-04:00,2025-03-24 23:05:00+00:00,2025-03-24T19:10:00-04:00,2025-03-24 23:10:00+00:00,.H.INTERNAL_HUB,REAL_TIME_5_MIN,HUB,82.84,82.66,0.0,0.18
2025-03-24T19:10:00-04:00,2025-03-24 23:10:00+00:00,2025-03-24T19:15:00-04:00,2025-03-24 23:15:00+00:00,.H.INTERNAL_HUB,REAL_TIME_5_MIN,HUB,63.31,63.17,0.0,0.14
2025-03-24T19:15:00-04:00,2025-03-24 23:15:00+00:00,2025-03-24T19:20:00-04:00,2025-03-24 23:20:00+00:00,.H.INTERNAL_HUB,REAL_TIME_5_MIN,HUB,63.31,63.17,0.0,0.14
2025-03-24T19:20:00-04:00,2025-03-24 23:20:00+00:00,2025-03-24T19:25:00-04:00,2025-03-24 23:25:00+00:00,.H.INTERNAL_HUB,REAL_TIME_5_MIN,HUB,82.83,82.69,0.0,0.14
2025-03-24T19:25:00-04:00,2025-03-24 23:25:00+00:00,2025-03-24T19:30:00-04:00,2025-03-24 23:30:00+00:00,.H.INTERNAL_HUB,REAL_TIME_5_MIN,HUB,63.31,63.19,0.0,0.12
2025-03-24T19:30:00-04:00,2025-03-24 23:30:00+00:00,2025-03-24T19:35:00-04:00,2025-03-24 23:35:00+00:00,.H.INTERNAL_HUB,REAL_TIME_5_MIN,HUB,63.31,63.19,0.0,0.12
2025-03-24T19:35:00-04:00,2025-03-24 23:35:00+00:00,2025-03-24T19:40:00-04:00,2025-03-24 23:40:00+00:00,.H.INTERNAL_HUB,REAL_TIME_5_MIN,HUB,76.6,76.47,0.0,0.13
2025-03-24T19:40:00-04:00,2025-03-24 23:40:00+00:00,2025-03-24T19:45:00-04:00,2025-03-24 23:45:00+00:00,.H.INTERNAL_HUB,REAL_TIME_5_MIN,HUB,82.79,82.66,0.0,0.13
2025-03-24T19:45:00-04:00,2025-03-24 23:45:00+00:00,2025-03-24T19:50:00-04:00,2025-03-24 23:50:00+00:00,.H.INTERNAL_HUB,REAL_TIME_5_MIN,HUB,82.79,82.66,0.0,0.13
2025-03-24T19:50:00-04:00,2025-03-24 23:50:00+00:00,2025-03-24T19:55:00-04:00,2025-03-24 23:55:00+00:00,.H.INTERNAL_HUB,REAL_TIME_5_MIN,HUB,76.49,76.35,0.0,0.14
2025-03-24T19:55:00-04:00,2025-03-24 23:55:00+00:00,2025-03-24T20:00:00-04:00,2025-03-25 00:00:00+00:00,.H.INTERNAL_HUB,REAL_TIME_5_MIN,HUB,76.49,76.35,0.0,0.14
2025-03-24T20:00:00-04:00,2025-03-25 00:00:00+00:00,2025-03-24T20:05:00-04:00,2025-03-25 00:05:00+00:00,.H.INTERNAL_HUB,REAL_TIME_5_MIN,HUB,82.64,82.49,0.0,0.15
2025-03-24T20:05:00-04:00,2025-03-25 00:05:00+00:00,2025-03-24T20:10:00-04:00,2025-03-25 00:10:00+00:00,.H.INTERNAL_HUB,REAL_TIME_5_MIN,HUB,82.63,82.46,0.0,0.17
2025-03-24T20:10:00-04:00,2025-03-25 00:10:00+00:00,2025-03-24T20:15:00-04:00,2025-03-25 00:15:00+00:00,.H.INTERNAL_HUB,REAL_TIME_5_MIN,HUB,64.67,64.52,0.0,0.15
2025-03-24T20:15:00-04:00,2025-03-25 00:15:00+00:00,2025-03-24T20:20:00-04:00,2025-03-25 00:20:00+00:00,.H.INTERNAL_HUB,REAL_TIME_5_MIN,HUB,64.67,64.52,0.0,0.15
2025-03-24T20:20:00-04:00,2025-03-25 00:20:00+00:00,2025-03-24T20:25:00-04:00,2025-03-25 00:25:00+00:00,.H.INTERNAL_HUB,REAL_TIME_5_MIN,HUB,64.4,64.21,0.0,0.19
2025-03-24T20:25:00-04:00,2025-03-25 00:25:00+00:00,2025-03-24T20:30:00-04:00,2025-03-25 00:30:00+00:00,.H.INTERNAL_HUB,REAL_TIME_5_MIN,HUB,64.4,64.21,0.0,0.19
2025-03-24T20:30:00-04:00,2025-03-25 00:30:00+00:00,2025-03-24T20:35:00-04:00,2025-03-25 00:35:00+00:00,.H.INTERNAL_HUB,REAL_TIME_5_MIN,HUB,63.47,63.25,0.0,0.22
2025-03-24T20:35:00-04:00,2025-03-25 00:35:00+00:00,2025-03-24T20:40:00-04:00,2025-03-25 00:40:00+00:00,.H.INTERNAL_HUB,REAL_TIME_5_MIN,HUB,61.48,61.28,0.0,0.2
2025-03-24T20:40:00-04:00,2025-03-25 00:40:00+00:00,2025-03-24T20:45:00-04:00,2025-03-25 00:45:00+00:00,.H.INTERNAL_HUB,REAL_TIME_5_MIN,HUB,63.28,63.07,0.0,0.21
2025-03-24T20:45:00-04:00,2025-03-25 00:45:00+00:00,2025-03-24T20:50:00-04:00,2025-03-25 00:50:00+00:00,.H.INTERNAL_HUB,REAL_TIME_5_MIN,HUB,63.28,63.07,0.0,0.21
2025-03-24T20:50:00-04:00,2025-03-25 00:50:00+00:00,2025-03-24T20:55:00-04:00,2025-03-25 00:55:00+00:00,.H.INTERNAL_HUB,REAL_TIME_5_MIN,HUB,55.63,55.43,0.0,0.2
2025-03-24T20:55:00-04:00,2025-03-25 00:55:00+00:00,2025-03-24T21:00:00-04:00,2025-03-25 01:00:00+00:00,.H.INTERNAL_HUB,REAL_TIME_5_MIN,HUB,46.85,46.69,0.0,0.16
2025-03-24T21:00:00-04:00,2025-03-25 01:00:00+00:00,2025-03-24T21:05:00-04:00,2025-03-25 01:05:00+00:00,.H.INTERNAL_HUB,REAL_TIME_5_MIN,HUB,46.85,46.69,0.0,0.16
2025-03-24T21:05:00-04:00,2025-03-25 01:05:00+00:00,2025-03-24T21:10:00-04:00,2025-03-25 01:10:00+00:00,.H.INTERNAL_HUB,REAL_TIME_5_MIN,HUB,61.29,61.08,0.0,0.21
2025-03-24T21:10:00-04:00,2025-03-25 01:10:00+00:00,2025-03-24T21:15:00-04:00,2025-03-25 01:15:00+00:00,.H.INTERNAL_HUB,REAL_TIME_5_MIN,HUB,61.44,61.26,0.0,0.18
2025-03-24T21:15:00-04:00,2025-03-25 01:15:00+00:00,2025-03-24T21:20:00-04:00,2025-03-25 01:20:00+00:00,.H.INTERNAL_HUB,REAL_TIME_5_MIN,HUB,83.1,82.88,0.0,0.22
2025-03-24T21:20:00-04:00,2025-03-25 01:20:00+00:00,2025-03-24T21:25:00-04:00,2025-03-25 01:25:00+00:00,.H.INTERNAL_HUB,REAL_TIME_5_MIN,HUB,81.93,81.7,0.0,0.23
2025-03-24T21:25:00-04:00,2025-03-25 01:25:00+00:00,2025-03-24T21:30:00-04:00,2025-03-25 01:30:00+00:00,.H.INTERNAL_HUB,REAL_TIME_5_MIN,HUB,81.93,81.7,0.0,0.23
2025-03-24T21:30:00-04:00,2025-03-25 01:30:00+00:00,2025-03-24T21:35:00-04:00,2025-03-25 01:35:00+00:00,.H.INTERNAL_HUB,REAL_TIME_5_MIN,HUB,81.89,81.63,0.0,0.26
2025-03-24T21:35:00-04:00,2025-03-25 01:35:00+00:00,2025-03-24T21:40:00-04:00,2025-03-25 01:40:00+00:00,.H.INTERNAL_HUB,REAL_TIME_5_MIN,HUB,81.91,81.62,0.0,0.29
2025-03-24T21:40:00-04:00,2025-03-25 01:40:00+00:00,2025-03-24T21:45:00-04:00,2025-03-25 01:45:00+00:00,.H.INTERNAL_HUB,REAL_TIME_5_MIN,HUB,52.71,52.52,0.0,0.19
2025-03-24T21:45:00-04:00,2025-03-25 01:45:00+00:00,2025-03-24T21:50:00-04:00,2025-03-25 01:50:00+00:00,.H.INTERNAL_HUB,REAL_TIME_5_MIN,HUB,52.71,52.52,0.0,0.19
2025-03-24T21:50:00-04:00,2025-03-25 01:50:00+00:00,2025-03-24T21:55:00-04:00,2025-03-25 01:55:00+00:00,.H.INTERNAL_HUB,REAL_TIME_5_MIN,HUB,51.62,51.43,0.0,0.19
2025-03-24T21:55:00-04:00,2025-03-25 01:55:00+00:00,2025-03-24T22:00:00-04:00,2025-03-25 02:00:00+00:00,.H.INTERNAL_HUB,REAL_TIME_5_MIN,HUB,46.7,46.53,0.0,0.17
2025-03-24T22:00:00-04:00,2025-03-25 02:00:00+00:00,2025-03-24T22:05:00-04:00,2025-03-25 02:05:00+00:00,.H.INTERNAL_HUB,REAL_TIME_5_MIN,HUB,46.7,46.53,0.0,0.17
2025-03-24T22:05:00-04:00,2025-03-25 02:05:00+00:00,2025-03-24T22:10:00-04:00,2025-03-25 02:10:00+00:00,.H.INTERNAL_HUB,REAL_TIME_5_MIN,HUB,42.09,41.93,0.0,0.16
2025-03-24T22:10:00-04:00,2025-03-25 02:10:00+00:00,2025-03-24T22:15:00-04:00,2025-03-25 02:15:00+00:00,.H.INTERNAL_HUB,REAL_TIME_5_MIN,HUB,49.64,49.46,0.0,0.18
2025-03-24T22:15:00-04:00,2025-03-25 02:15:00+00:00,2025-03-24T22:20:00-04:00,2025-03-25 02:20:00+00:00,.H.INTERNAL_HUB,REAL_TIME_5_MIN,HUB,49.64,49.46,0.0,0.18
2025-03-24T22:20:00-04:00,2025-03-25 02:20:00+00:00,2025-03-24T22:25:00-04:00,2025-03-25 02:25:00+00:00,.H.INTERNAL_HUB,REAL_TIME_5_MIN,HUB,39.49,39.35,0.0,0.14
2025-03-24T22:25:00-04:00,2025-03-25 02:25:00+00:00,2025-03-24T22:30:00-04:00,2025-03-25 02:30:00+00:00,.H.INTERNAL_HUB,REAL_TIME_5_MIN,HUB,55.76,55.55,0.0,0.21
2025-03-24T22:30:00-04:00,2025-03-25 02:30:00+00:00,2025-03-24T22:35:00-04:00,2025-03-25 02:35:00+00:00,.H.INTERNAL_HUB,REAL_TIME_5_MIN,HUB,55.76,55.55,0.0,0.21
2025-03-24T22:35:00-04:00,2025-03-25 02:35:00+00:00,2025-03-24T22:40:00-04:00,2025-03-25 02:40:00+00:00,.H.INTERNAL_HUB,REAL_TIME_5_MIN,HUB,61.88,61.64,0.0,0.24
2025-03-24T22:40:00-04:00,2025-03-25 02:40:00+00:00,2025-03-24T22:45:00-04:00,2025-03-25 02:45:00+00:00,.H.INTERNAL_HUB,REAL_TIME_5_MIN,HUB,60.25,60.03,0.0,0.22
2025-03-24T22:45:00-04:00,2025-03-25 02:45:00+00:00,2025-03-24T22:50:00-04:00,2025-03-25 02:50:00+00:00,.H.INTERNAL_HUB,REAL_TIME_5_MIN,HUB,60.25,60.03,0.0,0.22
2025-03-24T22:50:00-04:00,2025-03-25 02:50:00+00:00,2025-03-24T22:55:00-04:00,2025-03-25 02:55:00+00:00,.H.INTERNAL_HUB,REAL_TIME_5_MIN,HUB,43.16,43.01,0.0,0.15
2025-03-24T22:55:00-04:00,2025-03-25 02:55:00+00:00,2025-03-24T23:00:00-04:00,2025-03-25 03:00:00+00:00,.H.INTERNAL_HUB,REAL_TIME_5_MIN,HUB,41.38,41.24,0.0,0.14
2025-03-24T23:00:00-04:00,2025-03-25 03:00:00+00:00,2025-03-24T23:05:00-04:00,2025-03-25 03:05:00+00:00,.H.INTERNAL_HUB,REAL_TIME_5_MIN,HUB,41.38,41.24,0.0,0.14
2025-03-24T23:05:00-04:00,2025-03-25 03:05:00+00:00,2025-03-24T23:10:00-04:00,2025-03-25 03:10:00+00:00,.H.INTERNAL_HUB,REAL_TIME_5_MIN,HUB,40.37,40.22,0.0,0.15
2025-03-24T23:10:00-04:00,2025-03-25 03:10:00+00:00,2025-03-24T23:15:00-04:00,2025-03-25 03:15:00+00:00,.H.INTERNAL_HUB,REAL_TIME_5_MIN,HUB,41.05,40.9,0.0,0.15
2025-03-24T23:15:00-04:00,2025-03-25 03:15:00+00:00,2025-03-24T23:20:00-04:00,2025-03-25 03:20:00+00:00,.H.INTERNAL_HUB,REAL_TIME_5_MIN,HUB,41.05,40.9,0.0,0.15
2025-03-24T23:20:00-04:00,2025-03-25 03:20:00+00:00,2025-03-24T23:25:00-04:00,2025-03-25 03:25:00+00:00,.H.INTERNAL_HUB,REAL_TIME_5_MIN,HUB,36.83,36.7,0.0,0.13
2025-03-24T23:25:00-04:00,2025-03-25 03:25:00+00:00,2025-03-24T23:30:00-04:00,2025-03-25 03:30:00+00:00,.H.INTERNAL_HUB,REAL_TIME_5_MIN,HUB,40.93,40.75,0.0,0.18
2025-03-24T23:30:00-04:00,2025-03-25 03:30:00+00:00,2025-03-24T23:35:00-04:00,2025-03-25 03:35:00+00:00,.H.INTERNAL_HUB,REAL_TIME_5_MIN,HUB,40.93,40.75,0.0,0.18
2025-03-24T23:35:00-04:00,2025-03-25 03:35:00+00:00,2025-03-24T23:40:00-04:00,2025-03-25 03:40:00+00:00,.H.INTERNAL_HUB,REAL_TIME_5_MIN,HUB,40.75,40.58,0.0,0.17
2025-03-24T23:40:00-04:00,2025-03-25 03:40:00+00:00,2025-03-24T23:45:00-04:00,2025-03-25 03:45:00+00:00,.H.INTERNAL_HUB,REAL_TIME_5_MIN,HUB,40.75,40.58,0.0,0.17
2025-03-24T23:45:00-04:00,2025-03-25 03:45:00+00:00,2025-03-24T23:50:00-04:00,2025-03-25 03:50:00+00:00,.H.INTERNAL_HUB,REAL_TIME_5_MIN,HUB,39.45,39.28,0.0,0.17
2025-03-24T23:50:00-04:00,2025-03-25 03:50:00+00:00,2025-03-24T23:55:00-04:00,2025-03-25 03:55:00+00:00,.H.INTERNAL_HUB,REAL_TIME_5_MIN,HUB,37.92,37.76,0.0,0.16
2025-03-24T23:55:00-04:00,2025-03-25 03:55:00+00:00,2025-03-25T00:00:00-04:00,2025-03-25 04:00:00+00:00,.H.INTERNAL_HUB,REAL_TIME_5_MIN,HUB,37.18,37.03,0.0,0.15
2025-03-25T00:00:00-04:00,2025-03-25 04:00:00+00:00,2025-03-25T00:05:00-04:00,2025-03-25 04:05:00+00:00,.H.INTERNAL_HUB,REAL_TIME_5_MIN,HUB,37.18,37.03,0.0,0.15
2025-03-25T00:05:00-04:00,2025-03-25 04:05:00+00:00,2025-03-25T00:10:00-04:00,2025-03-25 04:10:00+00:00,.H.INTERNAL_HUB,REAL_TIME_5_MIN,HUB,39.46,39.29,0.0,0.17
2025-03-25T00:10:00-04:00,2025-03-25 04:10:00+00:00,2025-03-25T00:15:00-04:00,2025-03-25 04:15:00+00:00,.H.INTERNAL_HUB,REAL_TIME_5_MIN,HUB,47.45,47.25,0.0,0.2
2025-03-25T00:15:00-04:00,2025-03-25 04:15:00+00:00,2025-03-25T00:20:00-04:00,2025-03-25 04:20:00+00:00,.H.INTERNAL_HUB,REAL_TIME_5_MIN,HUB,47.45,47.25,0.0,0.2
2025-03-25T00:20:00-04:00,2025-03-25 04:20:00+00:00,2025-03-25T00:25:00-04:00,2025-03-25 04:25:00+00:00,.H.INTERNAL_HUB,REAL_TIME_5_MIN,HUB,47.38,47.17,0.0,0.21
2025-03-25T00:25:00-04:00,2025-03-25 04:25:00+00:00,2025-03-25T00:30:00-04:00,2025-03-25 04:30:00+00:00,.H.INTERNAL_HUB,REAL_TIME_5_MIN,HUB,43.51,43.37,0.0,0.14
2025-03-25T00:30:00-04:00,2025-03-25 04:30:00+00:00,2025-03-25T00:35:00-04:00,2025-03-25 04:35:00+00:00,.H.INTERNAL_HUB,REAL_TIME_5_MIN,HUB,43.51,43.37,0.0,0.14
2025-03-25T00:35:00-04:00,2025-03-25 04:35:00+00:00,2025-03-25T00:40:00-04:00,2025-03-25 04:40:00+00:00,.H.INTERNAL_HUB,REAL_TIME_5_MIN,HUB,43.51,43.36,0.0,0.15
2025-03-25T00:40:00-04:00,2025-03-25 04:40:00+00:00,2025-03-25T00:45:00-04:00,2025-03-25 04:45:00+00:00,.H.INTERNAL_HUB,REAL_TIME_5_MIN,HUB,40.29,40.14,0.0,0.15
2025-03-25T00:45:00-04:00,2025-03-25 04:45:00+00:00,2025-03-25T00:50:00-04:00,2025-03-25 04:50:00+00:00,.H.INTERNAL_HUB,REAL_TIME_5_MIN,HUB,40.29,40.14,0.0,0.15
2025-03-25T00:50:00-04:00,2025-03-25 04:50:00+00:00,2025-03-25T00:55:00-04:00,2025-03-25 04:55:00+00:00,.H.INTERNAL_HUB,REAL_TIME_5_MIN,HUB,38.25,38.11,0.0,0.14
2025-03-25T00:55:00-04:00,2025-03-25 04:55:00+00:00,2025-03-25T01:00:00-04:00,2025-03-25 05:00:00+00:00,.H.INTERNAL_HUB,REAL_TIME_5_MIN,HUB,36.25,36.11,0.0,0.14
2025-03-25T01:00:00-04:00,2025-03-25 05:00:00+00:00,2025-03-25T01:05:00-04:00,2025-03-25 05:05:00+00:00,.H.INTERNAL_HUB,REAL_TIME_5_MIN,HUB,39.46,39.3,0.0,0.16
2025-03-25T01:05:00-04:00,2025-03-25 05:05:00+00:00,2025-03-25T01:10:00-04:00,2025-03-25 05:10:00+00:00,.H.INTERNAL_HUB,REAL_TIME_5_MIN,HUB,43.5,43.32,0.0,0.18
2025-03-25T01:10:00-04:00,2025-03-25 05:10:00+00:00,2025-03-25T01:15:00-04:00,2025-03-25 05:15:00+00:00,.H.INTERNAL_HUB,REAL_TIME_5_MIN,HUB,45.11,44.94,0.0,0.17
2025-03-25T01:15:00-04:00,2025-03-25 05:15:00+00:00,2025-03-25T01:20:00-04:00,2025-03-25 05:20:00+00:00,.H.INTERNAL_HUB,REAL_TIME_5_MIN,HUB,45.11,44.94,0.0,0.17
2025-03-25T01:20:00-04:00,2025-03-25 05:20:00+00:00,2025-03-25T01:25:00-04:00,2025-03-25 05:25:00+00:00,.H.INTERNAL_HUB,REAL_TIME_5_MIN,HUB,42.12,41.96,0.0,0.16
2025-03-25T01:25:00-04:00,2025-03-25 05:25:00+00:00,2025-03-25T01:30:00-04:00,2025-03-25 05:30:00+00:00,.H.INTERNAL_HUB,REAL_TIME_5_MIN,HUB,42.11,41.96,0.0,0.15
2025-03-25T01:30:00-04:00,2025-03-25 05:30:00+00:00,2025-03-25T01:35:00-04:00,2025-03-25 05:35:00+00:00,.H.INTERNAL_HUB,REAL_TIME_5_MIN,HUB,42.11,41.96,0.0,0.15
2025-03-25T01:35:00-04:00,2025-03-25 05:35:00+00:00,2025-03-25T01:40:00-04:00,2025-03-25 05:40:00+00:00,.H.INTERNAL_HUB,REAL_TIME_5_MIN,HUB,42.06,41.91,0.0,0.15
2025-03-25T01:40:00-04:00,2025-03-25 05:40:00+00:00,2025-03-25T01:45:00-04:00,2025-03-25 05:45:00+00:00,.H.INTERNAL_HUB,REAL_TIME_5_MIN,HUB,40.56,40.42,0.0,0.14
2025-03-25T01:45:00-04:00,2025-03-25 05:45:00+00:00,2025-03-25T01:50:00-04:00,2025-03-25 05:50:00+00:00,.H.INTERNAL_HUB,REAL_TIME_5_MIN,HUB,40.56,40.42,0.0,0.14
2025-03-25T01:50:00-04:00,2025-03-25 05:50:00+00:00,2025-03-25T01:55:00-04:00,2025-03-25 05:55:00+00:00,.H.INTERNAL_HUB,REAL_TIME_5_MIN,HUB,40.31,40.17,0.0,0.14
2025-03-25T01:55:00-04:00,2025-03-25 05:55:00+00:00,2025-03-25T02:00:00-04:00,2025-03-25 06:00:00+00:00,.H.INTERNAL_HUB,REAL_TIME_5_MIN,HUB,39.49,39.35,0.0,0.14
2025-03-25T02:00:00-04:00,2025-03-25 06:00:00+00:00,2025-03-25T02:05:00-04:00,2025-03-25 06:05:00+00:00,.H.INTERNAL_HUB,REAL_TIME_5_MIN,HUB,39.49,39.35,0.0,0.14
2025-03-25T02:05:00-04:00,2025-03-25 06:05:00+00:00,2025-03-25T02:10:00-04:00,2025-03-25 06:10:00+00:00,.H.INTERNAL_HUB,REAL_TIME_5_MIN,HUB,41.93,41.78,0.0,0.15
2025-03-25T02:10:00-04:00,2025-03-25 06:10:00+00:00,2025-03-25T02:15:00-04:00,2025-03-25 06:15:00+00:00,.H.INTERNAL_HUB,REAL_TIME_5_MIN,HUB,39.51,39.37,0.0,0.14
2025-03-25T02:15:00-04:00,2025-03-25 06:15:00+00:00,2025-03-25T02:20:00-04:00,2025-03-25 06:20:00+00:00,.H.INTERNAL_HUB,REAL_TIME_5_MIN,HUB,39.51,39.37,0.0,0.14
2025-03-25T02:20:00-04:00,2025-03-25 06:20:00+00:00,2025-03-25T02:25:00-04:00,2025-03-25 06:25:00+00:00,.H.INTERNAL_HUB,REAL_TIME_5_MIN,HUB,44.88,44.7,0.0,0.18
2025-03-25T02:25:00-04:00,2025-03-25 06:25:00+00:00,2025-03-25T02:30:00-04:00,2025-03-25 06:30:00+00:00,.H.INTERNAL_HUB,REAL_TIME_5_MIN,HUB,44.88,44.7,0.0,0.18
2025-03-25T02:30:00-04:00,2025-03-25 06:30:00+00:00,2025-03-25T02:35:00-04:00,2025-03-25 06:35:00+00:00,.H.INTERNAL_HUB,REAL_TIME_5_MIN,HUB,44.88,44.71,0.0,0.17
2025-03-25T02:35:00-04:00,2025-03-25 06:35:00+00:00,2025-03-25T02:40:00-04:00,2025-03-25 06:40:00+00:00,.H.INTERNAL_HUB,REAL_TIME_5_MIN,HUB,44.87,44.71,0.0,0.16
2025-03-25T02:40:00-04:00,2025-03-25 06:40:00+00:00,2025-03-25T02:45:00-04:00,2025-03-25 06:45:00+00:00,.H.INTERNAL_HUB,REAL_TIME_5_MIN,HUB,44.85,44.68,0.0,0.17
2025-03-25T02:45:00-04:00,2025-03-25 06:45:00+00:00,2025-03-25T02:50:00-04:00,2025-03-25 06:50:00+00:00,.H.INTERNAL_HUB,REAL_TIME_5_MIN,HUB,44.85,44.68,0.0,0.17
2025-03-25T02:50:00-04:00,2025-03-25 06:50:00+00:00,2025-03-25T02:55:00-04:00,2025-03-25 06:55:00+00:00,.H.INTERNAL_HUB,REAL_TIME_5_MIN,HUB,44.85,44.69,0.0,0.16
2025-03-25T02:55:00-04:00,2025-03-25 06:55:00+00:00,2025-03-25T03:00:00-04:00,2025-03-25 07:00:00+00:00,.H.INTERNAL_HUB,REAL_TIME_5_MIN,HUB,44.84,44.67,0.0,0.17
2025-03-25T03:00:00-04:00,2025-03-25 07:00:00+00:00,2025-03-25T03:05:00-04:00,2025-03-25 07:05:00+00:00,.H.INTERNAL_HUB,REAL_TIME_5_MIN,HUB,44.84,44.67,0.0,0.17
2025-03-25T03:05:00-04:00,2025-03-25 07:05:00+00:00,2025-03-25T03:10:00-04:00,2025-03-25 07:10:00+00:00,.H.INTERNAL_HUB,REAL_TIME_5_MIN,HUB,39.51,39.37,0.0,0.14
2025-03-25T03:10:00-04:00,2025-03-25 07:10:00+00:00,2025-03-25T03:15:00-04:00,2025-03-25 07:15:00+00:00,.H.INTERNAL_HUB,REAL_TIME_5_MIN,HUB,40.44,40.28,0.0,0.16
2025-03-25T03:15:00-04:00,2025-03-25 07:15:00+00:00,2025-03-25T03:20:00-04:00,2025-03-25 07:20:00+00:00,.H.INTERNAL_HUB,REAL_TIME_5_MIN,HUB,40.44,40.28,0.0,0.16
2025-03-25T03:20:00-04:00,2025-03-25 07:20:00+00:00,2025-03-25T03:25:00-04:00,2025-03-25 07:25:00+00:00,.H.INTERNAL_HUB,REAL_TIME_5_MIN,HUB,38.93,38.78,0.0,0.15
2025-03-25T03:25:00-04:00,2025-03-25 07:25:00+00:00,2025-03-25T03:30:00-04:00,2025-03-25 07:30:00+00:00,.H.INTERNAL_HUB,REAL_TIME_5_MIN,HUB,39.07,38.91,0.0,0.16
2025-03-25T03:30:00-04:00,2025-03-25 07:30:00+00:00,2025-03-25T03:35:00-04:00,2025-03-25 07:35:00+00:00,.H.INTERNAL_HUB,REAL_TIME_5_MIN,HUB,39.07,38.91,0.0,0.16
2025-03-25T03:35:00-04:00,2025-03-25 07:35:00+00:00,2025-03-25T03:40:00-04:00,2025-03-25 07:40:00+00:00,.H.INTERNAL_HUB,REAL_TIME_5_MIN,HUB,41.8,41.63,0.0,0.17
2025-03-25T03:40:00-04:00,2025-03-25 07:40:00+00:00,2025-03-25T03:45:00-04:00,2025-03-25 07:45:00+00:00,.H.INTERNAL_HUB,REAL_TIME_5_MIN,HUB,41.8,41.63,0.0,0.17
2025-03-25T03:45:00-04:00,2025-03-25 07:45:00+00:00,2025-03-25T03:50:00-04:00,2025-03-25 07:50:00+00:00,.H.INTERNAL_HUB,REAL_TIME_5_MIN,HUB,41.85,41.68,0.0,0.17
2025-03-25T03:50:00-04:00,2025-03-25 07:50:00+00:00,2025-03-25T03:55:00-04:00,2025-03-25 07:55:00+00:00,.H.INTERNAL_HUB,REAL_TIME_5_MIN,HUB,43.32,43.15,0.0,0.17
2025-03-25T03:55:00-04:00,2025-03-25 07:55:00+00:00,2025-03-25T04:00:00-04:00,2025-03-25 08:00:00+00:00,.H.INTERNAL_HUB,REAL_TIME_5_MIN,HUB,44.82,44.64,0.0,0.18
2025-03-25T04:00:00-04:00,2025-03-25 08:00:00+00:00,2025-03-25T04:05:00-04:00,2025-03-25 08:05:00+00:00,.H.INTERNAL_HUB,REAL_TIME_5_MIN,HUB,44.82,44.64,0.0,0.18
2025-03-25T04:05:00-04:00,2025-03-25 08:05:00+00:00,2025-03-25T04:10:00-04:00,2025-03-25 08:10:00+00:00,.H.INTERNAL_HUB,REAL_TIME_5_MIN,HUB,44.85,44.68,0.0,0.17
2025-03-25T04:10:00-04:00,2025-03-25 08:10:00+00:00,2025-03-25T04:15:00-04:00,2025-03-25 08:15:00+00:00,.H.INTERNAL_HUB,REAL_TIME_5_MIN,HUB,43.42,43.25,0.0,0.17
2025-03-25T04:15:00-04:00,2025-03-25 08:15:00+00:00,2025-03-25T04:20:00-04:00,2025-03-25 08:20:00+00:00,.H.INTERNAL_HUB,REAL_TIME_5_MIN,HUB,43.42,43.25,0.0,0.17
2025-03-25T04:20:00-04:00,2025-03-25 08:20:00+00:00,2025-03-25T04:25:00-04:00,2025-03-25 08:25:00+00:00,.H.INTERNAL_HUB,REAL_TIME_5_MIN,HUB,44.85,44.67,0.0,0.18
2025-03-25T04:25:00-04:00,2025-03-25 08:25:00+00:00,2025-03-25T04:30:00-04:00,2025-03-25 08:30:00+00:00,.H.INTERNAL_HUB,REAL_TIME_5_MIN,HUB,44.86,44.67,0.0,0.19
2025-03-25T04:30:00-04:00,2025-03-25 08:30:00+00:00,2025-03-25T04:35:00-04:00,2025-03-25 08:35:00+00:00,.H.INTERNAL_HUB,REAL_TIME_5_MIN,HUB,44.86,44.67,0.0,0.19
2025-03-25T04:35:00-04:00,2025-03-25 08:35:00+00:00,2025-03-25T04:40:00-04:00,2025-03-25 08:40:00+00:00,.H.INTERNAL_HUB,REAL_TIME_5_MIN,HUB,44.91,44.73,0.0,0.18
2025-03-25T04:40:00-04:00,2025-03-25 08:40:00+00:00,2025-03-25T04:45:00-04:00,2025-03-25 08:45:00+00:00,.H.INTERNAL_HUB,REAL_TIME_5_MIN,HUB,44.93,44.76,0.0,0.17
2025-03-25T04:45:00-04:00,2025-03-25 08:45:00+00:00,2025-03-25T04:50:00-04:00,2025-03-25 08:50:00+00:00,.H.INTERNAL_HUB,REAL_TIME_5_MIN,HUB,44.93,44.76,0.0,0.17
2025-03-25T04:50:00-04:00,2025-03-25 08:50:00+00:00,2025-03-25T04:55:00-04:00,2025-03-25 08:55:00+00:00,.H.INTERNAL_HUB,REAL_TIME_5_MIN,HUB,47.44,47.26,0.0,0.18
2025-03-25T04:55:00-04:00,2025-03-25 08:55:00+00:00,2025-03-25T05:00:00-04:00,2025-03-25 09:00:00+00:00,.H.INTERNAL_HUB,REAL_TIME_5_MIN,HUB,47.44,47.26,0.0,0.18
2025-03-25T05:00:00-04:00,2025-03-25 09:00:00+00:00,2025-03-25T05:05:00-04:00,2025-03-25 09:05:00+00:00,.H.INTERNAL_HUB,REAL_TIME_5_MIN,HUB,47.44,47.26,0.0,0.18
2025-03-25T05:05:00-04:00,2025-03-25 09:05:00+00:00,2025-03-25T05:10:00-04:00,2025-03-25 09:10:00+00:00,.H.INTERNAL_HUB,REAL_TIME_5_MIN,HUB,40.85,40.69,0.0,0.16
2025-03-25T05:10:00-04:00,2025-03-25 09:10:00+00:00,2025-03-25T05:15:00-04:00,2025-03-25 09:15:00+00:00,.H.INTERNAL_HUB,REAL_TIME_5_MIN,HUB,40.89,40.73,0.0,0.16
2025-03-25T05:15:00-04:00,2025-03-25 09:15:00+00:00,2025-03-25T05:20:00-04:00,2025-03-25 09:20:00+00:00,.H.INTERNAL_HUB,REAL_TIME_5_MIN,HUB,38.63,38.48,0.0,0.15
2025-03-25T05:20:00-04:00,2025-03-25 09:20:00+00:00,2025-03-25T05:25:00-04:00,2025-03-25 09:25:00+00:00,.H.INTERNAL_HUB,REAL_TIME_5_MIN,HUB,40.94,40.79,0.0,0.15
2025-03-25T05:25:00-04:00,2025-03-25 09:25:00+00:00,2025-03-25T05:30:00-04:00,2025-03-25 09:30:00+00:00,.H.INTERNAL_HUB,REAL_TIME_5_MIN,HUB,41.05,40.89,0.0,0.16
2025-03-25T05:30:00-04:00,2025-03-25 09:30:00+00:00,2025-03-25T05:35:00-04:00,2025-03-25 09:35:00+00:00,.H.INTERNAL_HUB,REAL_TIME_5_MIN,HUB,41.05,40.89,0.0,0.16
2025-03-25T05:35:00-04:00,2025-03-25 09:35:00+00:00,2025-03-25T05:40:00-04:00,2025-03-25 09:40:00+00:00,.H.INTERNAL_HUB,REAL_TIME_5_MIN,HUB,86.24,85.88,0.0,0.36
2025-03-25T05:40:00-04:00,2025-03-25 09:40:00+00:00,2025-03-25T05:45:00-04:00,2025-03-25 09:45:00+00:00,.H.INTERNAL_HUB,REAL_TIME_5_MIN,HUB,86.24,85.88,0.0,0.36
2025-03-25T05:45:00-04:00,2025-03-25 09:45:00+00:00,2025-03-25T05:50:00-04:00,2025-03-25 09:50:00+00:00,.H.INTERNAL_HUB,REAL_TIME_5_MIN,HUB,86.24,85.88,0.0,0.36
2025-03-25T05:50:00-04:00,2025-03-25 09:50:00+00:00,2025-03-25T05:55:00-04:00,2025-03-25 09:55:00+00:00,.H.INTERNAL_HUB,REAL_TIME_5_MIN,HUB,86.24,85.88,0.0,0.36
2025-03-25T05:55:00-04:00,2025-03-25 09:55:00+00:00,2025-03-25T06:00:00-04:00,2025-03-25 10:00:00+00:00,.H.INTERNAL_HUB,REAL_TIME_5_MIN,HUB,94.11,93.78,0.0,0.33
2025-03-25T06:00:00-04:00,2025-03-25 10:00:00+00:00,2025-03-25T06:05:00-04:00,2025-03-25 10:05:00+00:00,.H.INTERNAL_HUB,REAL_TIME_5_MIN,HUB,48.04,47.86,0.0,0.18
2025-03-25T06:05:00-04:00,2025-03-25 10:05:00+00:00,2025-03-25T06:10:00-04:00,2025-03-25 10:10:00+00:00,.H.INTERNAL_HUB,REAL_TIME_5_MIN,HUB,40.12,40.01,0.0,0.11
2025-03-25T06:10:00-04:00,2025-03-25 10:10:00+00:00,2025-03-25T06:15:00-04:00,2025-03-25 10:15:00+00:00,.H.INTERNAL_HUB,REAL_TIME_5_MIN,HUB,85.78,85.52,0.0,0.26
2025-03-25T06:15:00-04:00,2025-03-25 10:15:00+00:00,2025-03-25T06:20:00-04:00,2025-03-25 10:20:00+00:00,.H.INTERNAL_HUB,REAL_TIME_5_MIN,HUB,85.78,85.52,0.0,0.26
2025-03-25T06:20:00-04:00,2025-03-25 10:20:00+00:00,2025-03-25T06:25:00-04:00,2025-03-25 10:25:00+00:00,.H.INTERNAL_HUB,REAL_TIME_5_MIN,HUB,85.46,85.08,0.0,0.38
2025-03-25T06:25:00-04:00,2025-03-25 10:25:00+00:00,2025-03-25T06:30:00-04:00,2025-03-25 10:30:00+00:00,.H.INTERNAL_HUB,REAL_TIME_5_MIN,HUB,85.77,85.38,0.0,0.39
2025-03-25T06:30:00-04:00,2025-03-25 10:30:00+00:00,2025-03-25T06:35:00-04:00,2025-03-25 10:35:00+00:00,.H.INTERNAL_HUB,REAL_TIME_5_MIN,HUB,85.77,85.38,0.0,0.39
2025-03-25T06:35:00-04:00,2025-03-25 10:35:00+00:00,2025-03-25T06:40:00-04:00,2025-03-25 10:40:00+00:00,.H.INTERNAL_HUB,REAL_TIME_5_MIN,HUB,93.3,93.01,0.0,0.29
2025-03-25T06:40:00-04:00,2025-03-25 10:40:00+00:00,2025-03-25T06:45:00-04:00,2025-03-25 10:45:00+00:00,.H.INTERNAL_HUB,REAL_TIME_5_MIN,HUB,95.64,95.34,0.0,0.3
2025-03-25T06:45:00-04:00,2025-03-25 10:45:00+00:00,2025-03-25T06:50:00-04:00,2025-03-25 10:50:00+00:00,.H.INTERNAL_HUB,REAL_TIME_5_MIN,HUB,97.95,97.67,0.0,0.28
2025-03-25T06:50:00-04:00,2025-03-25 10:50:00+00:00,2025-03-25T06:55:00-04:00,2025-03-25 10:55:00+00:00,.H.INTERNAL_HUB,REAL_TIME_5_MIN,HUB,86.12,85.88,0.0,0.24
2025-03-25T06:55:00-04:00,2025-03-25 10:55:00+00:00,2025-03-25T07:00:00-04:00,2025-03-25 11:00:00+00:00,.H.INTERNAL_HUB,REAL_TIME_5_MIN,HUB,86.12,85.88,0.0,0.24
2025-03-25T07:00:00-04:00,2025-03-25 11:00:00+00:00,2025-03-25T07:05:00-04:00,2025-03-25 11:05:00+00:00,.H.INTERNAL_HUB,REAL_TIME_5_MIN,HUB,108.18,107.92,0.0,0.26
2025-03-25T07:05:00-04:00,2025-03-25 11:05:00+00:00,2025-03-25T07:10:00-04:00,2025-03-25 11:10:00+00:00,.H.INTERNAL_HUB,REAL_TIME_5_MIN,HUB,99.03,98.78,0.0,0.25
2025-03-25T07:10:00-04:00,2025-03-25 11:10:00+00:00,2025-03-25T07:15:00-04:00,2025-03-25 11:15:00+00:00,.H.INTERNAL_HUB,REAL_TIME_5_MIN,HUB,93.33,93.09,0.0,0.24
2025-03-25T07:15:00-04:00,2025-03-25 11:15:00+00:00,2025-03-25T07:20:00-04:00,2025-03-25 11:20:00+00:00,.H.INTERNAL_HUB,REAL_TIME_5_MIN,HUB,140.67,140.28,0.0,0.39
2025-03-25T07:20:00-04:00,2025-03-25 11:20:00+00:00,2025-03-25T07:25:00-04:00,2025-03-25 11:25:00+00:00,.H.INTERNAL_HUB,REAL_TIME_5_MIN,HUB,140.73,140.32,0.0,0.41
2025-03-25T07:25:00-04:00,2025-03-25 11:25:00+00:00,2025-03-25T07:30:00-04:00,2025-03-25 11:30:00+00:00,.H.INTERNAL_HUB,REAL_TIME_5_MIN,HUB,140.73,140.32,0.0,0.41
2025-03-25T07:30:00-04:00,2025-03-25 11:30:00+00:00,2025-03-25T07:35:00-04:00,2025-03-25 11:35:00+00:00,.H.INTERNAL_HUB,REAL_TIME_5_MIN,HUB,140.97,140.7,0.0,0.27
2025-03-25T07:35:00-04:00,2025-03-25 11:35:00+00:00,2025-03-25T07:40:00-04:00,2025-03-25 11:40:00+00:00,.H.INTERNAL_HUB,REAL_TIME_5_MIN,HUB,126.7,126.46,0.0,0.24
2025-03-25T07:40:00-04:00,2025-03-25 11:40:00+00:00,2025-03-25T07:45:00-04:00,2025-03-25 11:45:00+00:00,.H.INTERNAL_HUB,REAL_TIME_5_MIN,HUB,126.7,126.46,0.0,0.24
2025-03-25T07:45:00-04:00,2025-03-25 11:45:00+00:00,2025-03-25T07:50:00-04:00,2025-03-25 11:50:00+00:00,.H.INTERNAL_HUB,REAL_TIME_5_MIN,HUB,126.7,126.46,0.0,0.24
2025-03-25T07:50:00-04:00,2025-03-25 11:50:00+00:00,2025-03-25T07:55:00-04:00,2025-03-25 11:55:00+00:00,.H.INTERNAL_HUB,REAL_TIME_5_MIN,HUB,95.86,95.66,0.0,0.2
2025-03-25T07:55:00-04:00,2025-03-25 11:55:00+00:00,2025-03-25T08:00:00-04:00,2025-03-25 12:00:00+00:00,.H.INTERNAL_HUB,REAL_TIME_5_MIN,HUB,95.86,95.66,0.0,0.2
2025-03-25T08:00:00-04:00,2025-03-25 12:00:00+00:00,2025-03-25T08:05:00-04:00,2025-03-25 12:05:00+00:00,.H.INTERNAL_HUB,REAL_TIME_5_MIN,HUB,97.66,97.53,0.0,0.13
2025-03-25T08:05:00-04:00,2025-03-25 12:05:00+00:00,2025-03-25T08:10:00-04:00,2025-03-25 12:10:00+00:00,.H.INTERNAL_HUB,REAL_TIME_5_MIN,HUB,97.66,97.53,0.0,0.13
2025-03-25T08:10:00-04:00,2025-03-25 12:10:00+00:00,2025-03-25T08:15:00-04:00,2025-03-25 12:15:00+00:00,.H.INTERNAL_HUB,REAL_TIME_5_MIN,HUB,97.66,97.53,0.0,0.13
2025-03-25T08:15:00-04:00,2025-03-25 12:15:00+00:00,2025-03-25T08:20:00-04:00,2025-03-25 12:20:00+00:00,.H.INTERNAL_HUB,REAL_TIME_5_MIN,HUB,89.06,88.95,0.0,0.11
2025-03-25T08:20:00-04:00,2025-03-25 12:20:00+00:00,2025-03-25T08:25:00-04:00,2025-03-25 12:25:00+00:00,.H.INTERNAL_HUB,REAL_TIME_5_MIN,HUB,79.41,79.33,0.0,0.08
2025-03-25T08:25:00-04:00,2025-03-25 12:25:00+00:00,2025-03-25T08:30:00-04:00,2025-03-25 12:30:00+00:00,.H.INTERNAL_HUB,REAL_TIME_5_MIN,HUB,77.6,77.53,0.0,0.07
2025-03-25T08:30:00-04:00,2025-03-25 12:30:00+00:00,2025-03-25T08:35:00-04:00,2025-03-25 12:35:00+00:00,.H.INTERNAL_HUB,REAL_TIME_5_MIN,HUB,69.06,69.07,0.0,-0.01
2025-03-25T08:35:00-04:00,2025-03-25 12:35:00+00:00,2025-03-25T08:40:00-04:00,2025-03-25 12:40:00+00:00,.H.INTERNAL_HUB,REAL_TIME_5_MIN,HUB,75.88,75.89,0.0,-0.01
2025-03-25T08:40:00-04:00,2025-03-25 12:40:00+00:00,2025-03-25T08:45:00-04:00,2025-03-25 12:45:00+00:00,.H.INTERNAL_HUB,REAL_TIME_5_MIN,HUB,79.73,79.75,0.0,-0.02
2025-03-25T08:45:00-04:00,2025-03-25 12:45:00+00:00,2025-03-25T08:50:00-04:00,2025-03-25 12:50:00+00:00,.H.INTERNAL_HUB,REAL_TIME_5_MIN,HUB,67.81,67.96,0.0,-0.15
2025-03-25T08:50:00-04:00,2025-03-25 12:50:00+00:00,2025-03-25T08:55:00-04:00,2025-03-25 12:55:00+00:00,.H.INTERNAL_HUB,REAL_TIME_5_MIN,HUB,60.11,60.25,0.0,-0.14
2025-03-25T08:55:00-04:00,2025-03-25 12:55:00+00:00,2025-03-25T09:00:00-04:00,2025-03-25 13:00:00+00:00,.H.INTERNAL_HUB,REAL_TIME_5_MIN,HUB,60.11,60.25,0.0,-0.14
2025-03-25T09:00:00-04:00,2025-03-25 13:00:00+00:00,2025-03-25T09:05:00-04:00,2025-03-25 13:05:00+00:00,.H.INTERNAL_HUB,REAL_TIME_5_MIN,HUB,62.44,62.55,0.0,-0.11
2025-03-25T09:05:00-04:00,2025-03-25 13:05:00+00:00,2025-03-25T09:10:00-04:00,2025-03-25 13:10:00+00:00,.H.INTERNAL_HUB,REAL_TIME_5_MIN,HUB,61.83,61.94,0.0,-0.11
2025-03-25T09:10:00-04:00,2025-03-25 13:10:00+00:00,2025-03-25T09:15:00-04:00,2025-03-25 13:15:00+00:00,.H.INTERNAL_HUB,REAL_TIME_5_MIN,HUB,41.03,41.14,0.0,-0.11
2025-03-25T09:15:00-04:00,2025-03-25 13:15:00+00:00,2025-03-25T09:20:00-04:00,2025-03-25 13:20:00+00:00,.H.INTERNAL_HUB,REAL_TIME_5_MIN,HUB,41.03,41.14,0.0,-0.11
2025-03-25T09:20:00-04:00,2025-03-25 13:20:00+00:00,2025-03-25T09:25:00-04:00,2025-03-25 13:25:00+00:00,.H.INTERNAL_HUB,REAL_TIME_5_MIN,HUB,47.54,47.75,0.0,-0.21
2025-03-25T09:25:00-04:00,2025-03-25 13:25:00+00:00,2025-03-25T09:30:00-04:00,2025-03-25 13:30:00+00:00,.H.INTERNAL_HUB,REAL_TIME_5_MIN,HUB,46.46,46.69,0.0,-0.23
2025-03-25T09:30:00-04:00,2025-03-25 13:30:00+00:00,2025-03-25T09:35:00-04:00,2025-03-25 13:35:00+00:00,.H.INTERNAL_HUB,REAL_TIME_5_MIN,HUB,37.99,38.18,0.0,-0.19
2025-03-25T09:35:00-04:00,2025-03-25 13:35:00+00:00,2025-03-25T09:40:00-04:00,2025-03-25 13:40:00+00:00,.H.INTERNAL_HUB,REAL_TIME_5_MIN,HUB,38.11,38.34,0.0,-0.23
2025-03-25T09:40:00-04:00,2025-03-25 13:40:00+00:00,2025-03-25T09:45:00-04:00,2025-03-25 13:45:00+00:00,.H.INTERNAL_HUB,REAL_TIME_5_MIN,HUB,34.72,34.96,0.0,-0.24
2025-03-25T09:45:00-04:00,2025-03-25 13:45:00+00:00,2025-03-25T09:50:00-04:00,2025-03-25 13:50:00+00:00,.H.INTERNAL_HUB,REAL_TIME_5_MIN,HUB,34.7,34.95,0.0,-0.25
2025-03-25T09:50:00-04:00,2025-03-25 13:50:00+00:00,2025-03-25T09:55:00-04:00,2025-03-25 13:55:00+00:00,.H.INTERNAL_HUB,REAL_TIME_5_MIN,HUB,36.53,36.8,0.0,-0.27
2025-03-25T09:55:00-04:00,2025-03-25 13:55:00+00:00,2025-03-25T10:00:00-04:00,2025-03-25 14:00:00+00:00,.H.INTERNAL_HUB,REAL_TIME_5_MIN,HUB,34.91,35.21,0.0,-0.3
2025-03-25T10:00:00-04:00,2025-03-25 14:00:00+00:00,2025-03-25T10:05:00-04:00,2025-03-25 14:05:00+00:00,.H.INTERNAL_HUB,REAL_TIME_5_MIN,HUB,34.27,34.58,0.0,-0.31
2025-03-25T10:05:00-04:00,2025-03-25 14:05:00+00:00,2025-03-25T10:10:00-04:00,2025-03-25 14:10:00+00:00,.H.INTERNAL_HUB,REAL_TIME_5_MIN,HUB,35.1,35.42,0.0,-0.32
2025-03-25T10:10:00-04:00,2025-03-25 14:10:00+00:00,2025-03-25T10:15:00-04:00,2025-03-25 14:15:00+00:00,.H.INTERNAL_HUB,REAL_TIME_5_MIN,HUB,35.37,35.66,0.0,-0.29
2025-03-25T10:15:00-04:00,2025-03-25 14:15:00+00:00,2025-03-25T10:20:00-04:00,2025-03-25 14:20:00+00:00,.H.INTERNAL_HUB,REAL_TIME_5_MIN,HUB,35.37,35.66,0.0,-0.29
2025-03-25T10:20:00-04:00,2025-03-25 14:20:00+00:00,2025-03-25T10:25:00-04:00,2025-03-25 14:25:00+00:00,.H.INTERNAL_HUB,REAL_TIME_5_MIN,HUB,33.49,33.79,0.0,-0.3
2025-03-25T10:25:00-04:00,2025-03-25 14:25:00+00:00,2025-03-25T10:30:00-04:00,2025-03-25 14:30:00+00:00,.H.INTERNAL_HUB,REAL_TIME_5_MIN,HUB,33.49,33.79,0.0,-0.3
2025-03-25T10:30:00-04:00,2025-03-25 14:30:00+00:00,2025-03-25T10:35:00-04:00,2025-03-25 14:35:00+00:00,.H.INTERNAL_HUB,REAL_TIME_5_MIN,HUB,35.11,35.38,0.0,-0.27
2025-03-25T10:35:00-04:00,2025-03-25 14:35:00+00:00,2025-03-25T10:40:00-04:00,2025-03-25 14:40:00+00:00,.H.INTERNAL_HUB,REAL_TIME_5_MIN,HUB,35.41,35.68,0.0,-0.27
2025-03-25T10:40:00-04:00,2025-03-25 14:40:00+00:00,2025-03-25T10:45:00-04:00,2025-03-25 14:45:00+00:00,.H.INTERNAL_HUB,REAL_TIME_5_MIN,HUB,35.41,35.68,0.0,-0.27
2025-03-25T10:45:00-04:00,2025-03-25 14:45:00+00:00,2025-03-25T10:50:00-04:00,2025-03-25 14:50:00+00:00,.H.INTERNAL_HUB,REAL_TIME_5_MIN,HUB,36.11,36.39,0.0,-0.28
2025-03-25T10:50:00-04:00,2025-03-25 14:50:00+00:00,2025-03-25T10:55:00-04:00,2025-03-25 14:55:00+00:00,.H.INTERNAL_HUB,REAL_TIME_5_MIN,HUB,36.15,36.42,0.0,-0.27
2025-03-25T10:55:00-04:00,2025-03-25 14:55:00+00:00,2025-03-25T11:00:00-04:00,2025-03-25 15:00:00+00:00,.H.INTERNAL_HUB,REAL_TIME_5_MIN,HUB,36.12,36.37,0.0,-0.25
2025-03-25T11:00:00-04:00,2025-03-25 15:00:00+00:00,2025-03-25T11:05:00-04:00,2025-03-25 15:05:00+00:00,.H.INTERNAL_HUB,REAL_TIME_5_MIN,HUB,36.43,36.64,0.0,-0.21
2025-03-25T11:05:00-04:00,2025-03-25 15:05:00+00:00,2025-03-25T11:10:00-04:00,2025-03-25 15:10:00+00:00,.H.INTERNAL_HUB,REAL_TIME_5_MIN,HUB,36.43,36.64,0.0,-0.21
2025-03-25T11:10:00-04:00,2025-03-25 15:10:00+00:00,2025-03-25T11:15:00-04:00,2025-03-25 15:15:00+00:00,.H.INTERNAL_HUB,REAL_TIME_5_MIN,HUB,36.43,36.64,0.0,-0.21
2025-03-25T11:15:00-04:00,2025-03-25 15:15:00+00:00,2025-03-25T11:20:00-04:00,2025-03-25 15:20:00+00:00,.H.INTERNAL_HUB,REAL_TIME_5_MIN,HUB,37.31,37.54,0.0,-0.23
2025-03-25T11:20:00-04:00,2025-03-25 15:20:00+00:00,2025-03-25T11:25:00-04:00,2025-03-25 15:25:00+00:00,.H.INTERNAL_HUB,REAL_TIME_5_MIN,HUB,36.71,36.92,0.0,-0.21
2025-03-25T11:25:00-04:00,2025-03-25 15:25:00+00:00,2025-03-25T11:30:00-04:00,2025-03-25 15:30:00+00:00,.H.INTERNAL_HUB,REAL_TIME_5_MIN,HUB,37.32,37.52,0.0,-0.2
2025-03-25T11:30:00-04:00,2025-03-25 15:30:00+00:00,2025-03-25T11:35:00-04:00,2025-03-25 15:35:00+00:00,.H.INTERNAL_HUB,REAL_TIME_5_MIN,HUB,37.32,37.52,0.0,-0.2
2025-03-25T11:35:00-04:00,2025-03-25 15:35:00+00:00,2025-03-25T11:40:00-04:00,2025-03-25 15:40:00+00:00,.H.INTERNAL_HUB,REAL_TIME_5_MIN,HUB,37.47,37.68,0.0,-0.21
2025-03-25T11:40:00-04:00,2025-03-25 15:40:00+00:00,2025-03-25T11:45:00-04:00,2025-03-25 15:45:00+00:00,.H.INTERNAL_HUB,REAL_TIME_5_MIN,HUB,35.49,35.69,0.0,-0.2
2025-03-25T11:45:00-04:00,2025-03-25 15:45:00+00:00,2025-03-25T11:50:00-04:00,2025-03-25 15:50:00+00:00,.H.INTERNAL_HUB,REAL_TIME_5_MIN,HUB,35.49,35.69,0.0,-0.2
2025-03-25T11:50:00-04:00,2025-03-25 15:50:00+00:00,2025-03-25T11:55:00-04:00,2025-03-25 15:55:00+00:00,.H.INTERNAL_HUB,REAL_TIME_5_MIN,HUB,36.22,36.43,0.0,-0.21
2025-03-25T11:55:00-04:00,2025-03-25 15:55:00+00:00,2025-03-25T12:00:00-04:00,2025-03-25 16:00:00+00:00,.H.INTERNAL_HUB,REAL_TIME_5_MIN,HUB,36.08,36.27,0.0,-0.19
2025-03-25T12:00:00-04:00,2025-03-25 16:00:00+00:00,2025-03-25T12:05:00-04:00,2025-03-25 16:05:00+00:00,.H.INTERNAL_HUB,REAL_TIME_5_MIN,HUB,36.08,36.27,0.0,-0.19
2025-03-25T12:05:00-04:00,2025-03-25 16:05:00+00:00,2025-03-25T12:10:00-04:00,2025-03-25 16:10:00+00:00,.H.INTERNAL_HUB,REAL_TIME_5_MIN,HUB,35.57,35.77,0.0,-0.2
2025-03-25T12:10:00-04:00,2025-03-25 16:10:00+00:00,2025-03-25T12:15:00-04:00,2025-03-25 16:15:00+00:00,.H.INTERNAL_HUB,REAL_TIME_5_MIN,HUB,35.6,35.79,0.0,-0.19
2025-03-25T12:15:00-04:00,2025-03-25 16:15:00+00:00,2025-03-25T12:20:00-04:00,2025-03-25 16:20:00+00:00,.H.INTERNAL_HUB,REAL_TIME_5_MIN,HUB,35.6,35.79,0.0,-0.19
2025-03-25T12:20:00-04:00,2025-03-25 16:20:00+00:00,2025-03-25T12:25:00-04:00,2025-03-25 16:25:00+00:00,.H.INTERNAL_HUB,REAL_TIME_5_MIN,HUB,35.55,35.73,0.0,-0.18
2025-03-25T12:25:00-04:00,2025-03-25 16:25:00+00:00,2025-03-25T12:30:00-04:00,2025-03-25 16:30:00+00:00,.H.INTERNAL_HUB,REAL_TIME_5_MIN,HUB,35.55,35.73,0.0,-0.18
2025-03-25T12:30:00-04:00,2025-03-25 16:30:00+00:00,2025-03-25T12:35:00-04:00,2025-03-25 16:35:00+00:00,.H.INTERNAL_HUB,REAL_TIME_5_MIN,HUB,35.51,35.66,0.0,-0.15
2025-03-25T12:35:00-04:00,2025-03-25 16:35:00+00:00,2025-03-25T12:40:00-04:00,2025-03-25 16:40:00+00:00,,,,,,,
2025-03-25T12:40:00-04:00,2025-03-25 16:40:00+00:00,2025-03-25T12:45:00-04:00,2025-03-25 16:45:00+00:00,.H.INTERNAL_HUB,REAL_TIME_5_MIN,HUB,35.35,35.51,0.0,-0.16
2025-03-25T12:45:00-04:00,2025-03-25 16:45:00+00:00,2025-03-25T12:50:00-04:00,2025-03-25 16:50:00+00:00,.H.INTERNAL_HUB,REAL_TIME_5_MIN,HUB,35.49,35.66,0.0,-0.17
2025-03-25T12:50:00-04:00,2025-03-25 16:50:00+00:00,2025-03-25T12:55:00-04:00,2025-03-25 16:55:00+00:00,.H.INTERNAL_HUB,REAL_TIME_5_MIN,HUB,35.52,35.7,0.0,-0.18
2025-03-25T12:55:00-04:00,2025-03-25 16:55:00+00:00,2025-03-25T13:00:00-04:00,2025-03-25 17:00:00+00:00,.H.INTERNAL_HUB,REAL_TIME_5_MIN,HUB,35.52,35.7,0.0,-0.18
2025-03-25T13:00:00-04:00,2025-03-25 17:00:00+00:00,2025-03-25T13:05:00-04:00,2025-03-25 17:05:00+00:00,.H.INTERNAL_HUB,REAL_TIME_5_MIN,HUB,35.78,35.96,0.0,-0.18
2025-03-25T13:05:00-04:00,2025-03-25 17:05:00+00:00,2025-03-25T13:10:00-04:00,2025-03-25 17:10:00+00:00,.H.INTERNAL_HUB,REAL_TIME_5_MIN,HUB,35.77,35.96,0.0,-0.19
2025-03-25T13:10:00-04:00,2025-03-25 17:10:00+00:00,2025-03-25T13:15:00-04:00,2025-03-25 17:15:00+00:00,.H.INTERNAL_HUB,REAL_TIME_5_MIN,HUB,35.77,35.96,0.0,-0.19
2025-03-25T13:15:00-04:00,2025-03-25 17:15:00+00:00,2025-03-25T13:20:00-04:00,2025-03-25 17:20:00+00:00,.H.INTERNAL_HUB,REAL_TIME_5_MIN,HUB,36.68,36.88,0.0,-0.2
2025-03-25T13:20:00-04:00,2025-03-25 17:20:00+00:00,2025-03-25T13:25:00-04:00,2025-03-25 17:25:00+00:00,.H.INTERNAL_HUB,REAL_TIME_5_MIN,HUB,36.68,36.88,0.0,-0.2
2025-03-25T13:25:00-04:00,2025-03-25 17:25:00+00:00,2025-03-25T13:30:00-04:00,2025-03-25 17:30:00+00:00,.H.INTERNAL_HUB,REAL_TIME_5_MIN,HUB,36.68,36.88,0.0,-0.2
2025-03-25T13:30:00-04:00,2025-03-25 17:30:00+00:00,2025-03-25T13:35:00-04:00,2025-03-25 17:35:00+00:00,.H.INTERNAL_HUB,REAL_TIME_5_MIN,HUB,35.72,35.93,0.0,-0.21
2025-03-25T13:35:00-04:00,2025-03-25 17:35:00+00:00,2025-03-25T13:40:00-04:00,2025-03-25 17:40:00+00:00,.H.INTERNAL_HUB,REAL_TIME_5_MIN,HUB,36.16,36.38,0.0,-0.22
2025-03-25T13:40:00-04:00,2025-03-25 17:40:00+00:00,2025-03-25T13:45:00-04:00,2025-03-25 17:45:00+00:00,.H.INTERNAL_HUB,REAL_TIME_5_MIN,HUB,36.16,36.38,0.0,-0.22
2025-03-25T13:45:00-04:00,2025-03-25 17:45:00+00:00,2025-03-25T13:50:00-04:00,2025-03-25 17:50:00+00:00,.H.INTERNAL_HUB,REAL_TIME_5_MIN,HUB,35.76,35.98,0.0,-0.22
2025-03-25T13:50:00-04:00,2025-03-25 17:50:00+00:00,2025-03-25T13:55:00-04:00,2025-03-25 17:55:00+00:00,.H.INTERNAL_HUB,REAL_TIME_5_MIN,HUB,35.76,35.98,0.0,-0.22
2025-03-25T13:55:00-04:00,2025-03-25 17:55:00+00:00,2025-03-25T14:00:00-04:00,2025-03-25 18:00:00+00:00,.H.INTERNAL_HUB,REAL_TIME_5_MIN,HUB,35.68,35.86,0.0,-0.18
2025-03-25T14:00:00-04:00,2025-03-25 18:00:00+00:00,2025-03-25T14:05:00-04:00,2025-03-25 18:05:00+00:00,.H.INTERNAL_HUB,REAL_TIME_5_MIN,HUB,35.68,35.86,0.0,-0.18
2025-03-25T14:05:00-04:00,2025-03-25 18:05:00+00:00,2025-03-25T14:10:00-04:00,2025-03-25 18:10:00+00:00,.H.INTERNAL_HUB,REAL_TIME_5_MIN,HUB,35.54,35.72,0.0,-0.18
2025-03-25T14:10:00-04:00,2025-03-25 18:10:00+00:00,2025-03-25T14:15:00-04:00,2025-03-25 18:15:00+00:00,.H.INTERNAL_HUB,REAL_TIME_5_MIN,HUB,35.54,35.72,0.0,-0.18
2025-03-25T14:15:00-04:00,2025-03-25 18:15:00+00:00,2025-03-25T14:20:00-04:00,2025-03-25 18:20:00+00:00,.H.INTERNAL_HUB,REAL_TIME_5_MIN,HUB,35.45,35.6,0.0,-0.15
2025-03-25T14:20:00-04:00,2025-03-25 18:20:00+00:00,2025-03-25T14:25:00-04:00,2025-03-25 18:25:00+00:00,.H.INTERNAL_HUB,REAL_TIME_5_MIN,HUB,35.58,35.74,0.0,-0.16
2025-03-25T14:25:00-04:00,2025-03-25 18:25:00+00:00,2025-03-25T14:30:00-04:00,2025-03-25 18:30:00+00:00,.H.INTERNAL_HUB,REAL_TIME_5_MIN,HUB,35.57,35.73,0.0,-0.16
2025-03-25T14:30:00-04:00,2025-03-25 18:30:00+00:00,2025-03-25T14:35:00-04:00,2025-03-25 18:35:00+00:00,.H.INTERNAL_HUB,REAL_TIME_5_MIN,HUB,35.57,35.73,0.0,-0.16
2025-03-25T14:35:00-04:00,2025-03-25 18:35:00+00:00,2025-03-25T14:40:00-04:00,2025-03-25 18:40:00+00:00,.H.INTERNAL_HUB,REAL_TIME_5_MIN,HUB,36.04,36.17,0.0,-0.13
2025-03-25T14:40:00-04:00,2025-03-25 18:40:00+00:00,2025-03-25T14:45:00-04:00,2025-03-25 18:45:00+00:00,.H.INTERNAL_HUB,REAL_TIME_5_MIN,HUB,36.04,36.17,0.0,-0.13
2025-03-25T14:45:00-04:00,2025-03-25 18:45:00+00:00,2025-03-25T14:50:00-04:00,2025-03-25 18:50:00+00:00,.H.INTERNAL_HUB,REAL_TIME_5_MIN,HUB,36.11,36.22,0.0,-0.11
2025-03-25T14:50:00-04:00,2025-03-25 18:50:00+00:00,2025-03-25T14:55:00-04:00,2025-03-25 18:55:00+00:00,.H.INTERNAL_HUB,REAL_TIME_5_MIN,HUB,36.11,36.22,0.0,-0.11
2025-03-25T14:55:00-04:00,2025-03-25 18:55:00+00:00,2025-03-25T15:00:00-04:00,2025-03-25 19:00:00+00:00,.H.INTERNAL_HUB,REAL_TIME_5_MIN,HUB,37.48,37.58,0.0,-0.1
2025-03-25T15:00:00-04:00,2025-03-25 19:00:00+00:00,2025-03-25T15:05:00-04:00,2025-03-25 19:05:00+00:00,.H.INTERNAL_HUB,REAL_TIME_5_MIN,HUB,37.5,37.59,0.0,-0.09
2025-03-25T15:05:00-04:00,2025-03-25 19:05:00+00:00,2025-03-25T15:10:00-04:00,2025-03-25 19:10:00+00:00,.H.INTERNAL_HUB,REAL_TIME_5_MIN,HUB,36.01,36.1,0.0,-0.09
2025-03-25T15:10:00-04:00,2025-03-25 19:10:00+00:00,2025-03-25T15:15:00-04:00,2025-03-25 19:15:00+00:00,.H.INTERNAL_HUB,REAL_TIME_5_MIN,HUB,36.01,36.1,0.0,-0.09
2025-03-25T15:15:00-04:00,2025-03-25 19:15:00+00:00,2025-03-25T15:20:00-04:00,2025-03-25 19:20:00+00:00,.H.INTERNAL_HUB,REAL_TIME_5_MIN,HUB,36.6,36.68,0.0,-0.08
2025-03-25T15:20:00-04:00,2025-03-25 19:20:00+00:00,2025-03-25T15:25:00-04:00,2025-03-25 19:25:00+00:00,.H.INTERNAL_HUB,REAL_TIME_5_MIN,HUB,38.11,38.2,0.0,-0.09
2025-03-25T15:25:00-04:00,2025-03-25 19:25:00+00:00,2025-03-25T15:30:00-04:00,2025-03-25 19:30:00+00:00,.H.INTERNAL_HUB,REAL_TIME_5_MIN,HUB,38.11,38.2,0.0,-0.09
2025-03-25T15:30:00-04:00,2025-03-25 19:30:00+00:00,2025-03-25T15:35:00-04:00,2025-03-25 19:35:00+00:00,.H.INTERNAL_HUB,REAL_TIME_5_MIN,HUB,38.17,38.25,0.0,-0.08
2025-03-25T15:35:00-04:00,2025-03-25 19:35:00+00:00,2025-03-25T15:40:00-04:00,2025-03-25 19:40:00+00:00,.H.INTERNAL_HUB,REAL_TIME_5_MIN,HUB,38.17,38.25,0.0,-0.08
2025-03-25T15:40:00-04:00,2025-03-25 19:40:00+00:00,2025-03-25T15:45:00-04:00,2025-03-25 19:45:00+00:00,.H.INTERNAL_HUB,REAL_TIME_5_MIN,HUB,37.83,37.91,0.0,-0.08
2025-03-25T15:45:00-04:00,2025-03-25 19:45:00+00:00,2025-03-25T15:50:00-04:00,2025-03-25 19:50:00+00:00,.H.INTERNAL_HUB,REAL_TIME_5_MIN,HUB,36.26,36.33,0.0,-0.07
2025-03-25T15:50:00-04:00,2025-03-25 19:50:00+00:00,2025-03-25T15:55:00-04:00,2025-03-25 19:55:00+00:00,.H.INTERNAL_HUB,REAL_TIME_5_MIN,HUB,36.26,36.33,0.0,-0.07
2025-03-25T15:55:00-04:00,2025-03-25 19:55:00+00:00,2025-03-25T16:00:00-04:00,2025-03-25 20:00:00+00:00,.H.INTERNAL_HUB,REAL_TIME_5_MIN,HUB,36.02,36.07,0.0,-0.05
2025-03-25T16:00:00-04:00,2025-03-25 20:00:00+00:00,2025-03-25T16:05:00-04:00,2025-03-25 20:05:00+00:00,.H.INTERNAL_HUB,REAL_TIME_5_MIN,HUB,36.02,36.07,0.0,-0.05
2025-03-25T16:05:00-04:00,2025-03-25 20:05:00+00:00,2025-03-25T16:10:00-04:00,2025-03-25 20:10:00+00:00,.H.INTERNAL_HUB,REAL_TIME_5_MIN,HUB,35.57,35.64,0.0,-0.07
2025-03-25T16:10:00-04:00,2025-03-25 20:10:00+00:00,2025-03-25T16:15:00-04:00,2025-03-25 20:15:00+00:00,.H.INTERNAL_HUB,REAL_TIME_5_MIN,HUB,33.85,33.91,0.0,-0.06
2025-03-25T16:15:00-04:00,2025-03-25 20:15:00+00:00,2025-03-25T16:20:00-04:00,2025-03-25 20:20:00+00:00,.H.INTERNAL_HUB,REAL_TIME_5_MIN,HUB,35.54,35.59,0.0,-0.05
2025-03-25T16:20:00-04:00,2025-03-25 20:20:00+00:00,2025-03-25T16:25:00-04:00,2025-03-25 20:25:00+00:00,.H.INTERNAL_HUB,REAL_TIME_5_MIN,HUB,35.54,35.59,0.0,-0.05
2025-03-25T16:25:00-04:00,2025-03-25 20:25:00+00:00,2025-03-25T16:30:00-04:00,2025-03-25 20:30:00+00:00,.H.INTERNAL_HUB,REAL_TIME_5_MIN,HUB,35.18,35.23,0.0,-0.05
2025-03-25T16:30:00-04:00,2025-03-25 20:30:00+00:00,2025-03-25T16:35:00-04:00,2025-03-25 20:35:00+00:00,.H.INTERNAL_HUB,REAL_TIME_5_MIN,HUB,35.18,35.23,0.0,-0.05
2025-03-25T16:35:00-04:00,2025-03-25 20:35:00+00:00,2025-03-25T16:40:00-04:00,2025-03-25 20:40:00+00:00,.H.INTERNAL_HUB,REAL_TIME_5_MIN,HUB,35.18,35.23,0.0,-0.05
2025-03-25T16:40:00-04:00,2025-03-25 20:40:00+00:00,2025-03-25T16:45:00-04:00,2025-03-25 20:45:00+00:00,.H.INTERNAL_HUB,REAL_TIME_5_MIN,HUB,34.43,34.47,0.0,-0.04
2025-03-25T16:45:00-04:00,2025-03-25 20:45:00+00:00,2025-03-25T16:50:00-04:00,2025-03-25 20:50:00+00:00,.H.INTERNAL_HUB,REAL_TIME_5_MIN,HUB,34.43,34.47,0.0,-0.04
2025-03-25T16:50:00-04:00,2025-03-25 20:50:00+00:00,2025-03-25T16:55:00-04:00,2025-03-25 20:55:00+00:00,.H.INTERNAL_HUB,REAL_TIME_5_MIN,HUB,35.14,35.2,0.0,-0.06
2025-03-25T16:55:00-04:00,2025-03-25 20:55:00+00:00,2025-03-25T17:00:00-04:00,2025-03-25 21:00:00+00:00,.H.INTERNAL_HUB,REAL_TIME_5_MIN,HUB,36.09,36.14,0.0,-0.05
2025-03-25T17:00:00-04:00,2025-03-25 21:00:00+00:00,2025-03-25T17:05:00-04:00,2025-03-25 21:05:00+00:00,.H.INTERNAL_HUB,REAL_TIME_5_MIN,HUB,36.09,36.14,0.0,-0.05
2025-03-25T17:05:00-04:00,2025-03-25 21:05:00+00:00,2025-03-25T17:10:00-04:00,2025-03-25 21:10:00+00:00,.H.INTERNAL_HUB,REAL_TIME_5_MIN,HUB,34.4,34.43,0.0,-0.03
2025-03-25T17:10:00-04:00,2025-03-25 21:10:00+00:00,2025-03-25T17:15:00-04:00,2025-03-25 21:15:00+00:00,.H.INTERNAL_HUB,REAL_TIME_5_MIN,HUB,35.28,35.31,0.0,-0.03
2025-03-25T17:15:00-04:00,2025-03-25 21:15:00+00:00,2025-03-25T17:20:00-04:00,2025-03-25 21:20:00+00:00,.H.INTERNAL_HUB,REAL_TIME_5_MIN,HUB,35.28,35.31,0.0,-0.03
2025-03-25T17:20:00-04:00,2025-03-25 21:20:00+00:00,2025-03-25T17:25:00-04:00,2025-03-25 21:25:00+00:00,.H.INTERNAL_HUB,REAL_TIME_5_MIN,HUB,35.05,35.07,0.0,-0.02
2025-03-25T17:25:00-04:00,2025-03-25 21:25:00+00:00,2025-03-25T17:30:00-04:00,2025-03-25 21:30:00+00:00,.H.INTERNAL_HUB,REAL_TIME_5_MIN,HUB,35.05,35.07,0.0,-0.02
2025-03-25T17:30:00-04:00,2025-03-25 21:30:00+00:00,2025-03-25T17:35:00-04:00,2025-03-25 21:35:00+00:00,.H.INTERNAL_HUB,REAL_TIME_5_MIN,HUB,35.24,35.22,0.0,0.02
2025-03-25T17:35:00-04:00,2025-03-25 21:35:00+00:00,2025-03-25T17:40:00-04:00,2025-03-25 21:40:00+00:00,.H.INTERNAL_HUB,REAL_TIME_5_MIN,HUB,36.68,36.63,0.0,0.05
2025-03-25T17:40:00-04:00,2025-03-25 21:40:00+00:00,2025-03-25T17:45:00-04:00,2025-03-25 21:45:00+00:00,.H.INTERNAL_HUB,REAL_TIME_5_MIN,HUB,36.68,36.63,0.0,0.05
2025-03-25T17:45:00-04:00,2025-03-25 21:45:00+00:00,2025-03-25T17:50:00-04:00,2025-03-25 21:50:00+00:00,.H.INTERNAL_HUB,REAL_TIME_5_MIN,HUB,37.84,37.82,0.0,0.02
2025-03-25T17:50:00-04:00,2025-03-25 21:50:00+00:00,2025-03-25T17:55:00-04:00,2025-03-25 21:55:00+00:00,.H.INTERNAL_HUB,REAL_TIME_5_MIN,HUB,37.84,37.82,0.0,0.02
2025-03-25T17:55:00-04:00,2025-03-25 21:55:00+00:00,2025-03-25T18:00:00-04:00,2025-03-25 22:00:00+00:00,.H.INTERNAL_HUB,REAL_TIME_5_MIN,HUB,37.85,37.8,0.0,0.05
2025-03-25T18:00:00-04:00,2025-03-25 22:00:00+00:00,2025-03-25T18:05:00-04:00,2025-03-25 22:05:00+00:00,.H.INTERNAL_HUB,REAL_TIME_5_MIN,HUB,37.85,37.8,0.0,0.05
2025-03-25T18:05:00-04:00,2025-03-25 22:05:00+00:00,2025-03-25T18:10:00-04:00,2025-03-25 22:10:00+00:00,.H.INTERNAL_HUB,REAL_TIME_5_MIN,HUB,33.51,33.46,0.0,0.05
2025-03-25T18:10:00-04:00,2025-03-25 22:10:00+00:00,2025-03-25T18:15:00-04:00,2025-03-25 22:15:00+00:00,.H.INTERNAL_HUB,REAL_TIME_5_MIN,HUB,35.38,35.31,0.0,0.07
2025-03-25T18:15:00-04:00,2025-03-25 22:15:00+00:00,2025-03-25T18:20:00-04:00,2025-03-25 22:20:00+00:00,.H.INTERNAL_HUB,REAL_TIME_5_MIN,HUB,36.14,36.07,0.0,0.07
2025-03-25T18:20:00-04:00,2025-03-25 22:20:00+00:00,2025-03-25T18:25:00-04:00,2025-03-25 22:25:00+00:00,.H.INTERNAL_HUB,REAL_TIME_5_MIN,HUB,36.14,36.07,0.0,0.07
2025-03-25T18:25:00-04:00,2025-03-25 22:25:00+00:00,2025-03-25T18:30:00-04:00,2025-03-25 22:30:00+00:00,.H.INTERNAL_HUB,REAL_TIME_5_MIN,HUB,37.87,37.76,0.0,0.11
2025-03-25T18:30:00-04:00,2025-03-25 22:30:00+00:00,2025-03-25T18:35:00-04:00,2025-03-25 22:35:00+00:00,.H.INTERNAL_HUB,REAL_TIME_5_MIN,HUB,37.87,37.76,0.0,0.11
2025-03-25T18:35:00-04:00,2025-03-25 22:35:00+00:00,2025-03-25T18:40:00-04:00,2025-03-25 22:40:00+00:00,.H.INTERNAL_HUB,REAL_TIME_5_MIN,HUB,39.2,39.09,0.0,0.11
2025-03-25T18:40:00-04:00,2025-03-25 22:40:00+00:00,2025-03-25T18:45:00-04:00,2025-03-25 22:45:00+00:00,.H.INTERNAL_HUB,REAL_TIME_5_MIN,HUB,38.66,38.56,0.0,0.1
2025-03-25T18:45:00-04:00,2025-03-25 22:45:00+00:00,2025-03-25T18:50:00-04:00,2025-03-25 22:50:00+00:00,.H.INTERNAL_HUB,REAL_TIME_5_MIN,HUB,51.59,51.45,0.0,0.14
2025-03-25T18:50:00-04:00,2025-03-25 22:50:00+00:00,2025-03-25T18:55:00-04:00,2025-03-25 22:55:00+00:00,.H.INTERNAL_HUB,REAL_TIME_5_MIN,HUB,50.79,50.65,0.0,0.14
2025-03-25T18:55:00-04:00,2025-03-25 22:55:00+00:00,2025-03-25T19:00:00-04:00,2025-03-25 23:00:00+00:00,.H.INTERNAL_HUB,REAL_TIME_5_MIN,HUB,79.02,78.8,0.0,0.22
2025-03-25T19:00:00-04:00,2025-03-25 23:00:00+00:00,2025-03-25T19:05:00-04:00,2025-03-25 23:05:00+00:00,.H.INTERNAL_HUB,REAL_TIME_5_MIN,HUB,79.02,78.8,0.0,0.22
2025-03-25T19:05:00-04:00,2025-03-25 23:05:00+00:00,2025-03-25T19:10:00-04:00,2025-03-25 23:10:00+00:00,.H.INTERNAL_HUB,REAL_TIME_5_MIN,HUB,51.85,51.71,0.0,0.14
2025-03-25T19:10:00-04:00,2025-03-25 23:10:00+00:00,2025-03-25T19:15:00-04:00,2025-03-25 23:15:00+00:00,.H.INTERNAL_HUB,REAL_TIME_5_MIN,HUB,51.85,51.71,0.0,0.14
2025-03-25T19:15:00-04:00,2025-03-25 23:15:00+00:00,2025-03-25T19:20:00-04:00,2025-03-25 23:20:00+00:00,.H.INTERNAL_HUB,REAL_TIME_5_MIN,HUB,48.11,48.03,0.0,0.08
2025-03-25T19:20:00-04:00,2025-03-25 23:20:00+00:00,2025-03-25T19:25:00-04:00,2025-03-25 23:25:00+00:00,.H.INTERNAL_HUB,REAL_TIME_5_MIN,HUB,64.51,64.34,0.0,0.17
2025-03-25T19:25:00-04:00,2025-03-25 23:25:00+00:00,2025-03-25T19:30:00-04:00,2025-03-25 23:30:00+00:00,.H.INTERNAL_HUB,REAL_TIME_5_MIN,HUB,64.51,64.34,0.0,0.17
2025-03-25T19:30:00-04:00,2025-03-25 23:30:00+00:00,2025-03-25T19:35:00-04:00,2025-03-25 23:35:00+00:00,.H.INTERNAL_HUB,REAL_TIME_5_MIN,HUB,48.81,48.67,0.0,0.14
2025-03-25T19:35:00-04:00,2025-03-25 23:35:00+00:00,2025-03-25T19:40:00-04:00,2025-03-25 23:40:00+00:00,.H.INTERNAL_HUB,REAL_TIME_5_MIN,HUB,49.04,48.89,0.0,0.15
2025-03-25T19:40:00-04:00,2025-03-25 23:40:00+00:00,2025-03-25T19:45:00-04:00,2025-03-25 23:45:00+00:00,.H.INTERNAL_HUB,REAL_TIME_5_MIN,HUB,83.25,82.99,0.0,0.26
2025-03-25T19:45:00-04:00,2025-03-25 23:45:00+00:00,2025-03-25T19:50:00-04:00,2025-03-25 23:50:00+00:00,.H.INTERNAL_HUB,REAL_TIME_5_MIN,HUB,83.25,82.99,0.0,0.26
2025-03-25T19:50:00-04:00,2025-03-25 23:50:00+00:00,2025-03-25T19:55:00-04:00,2025-03-25 23:55:00+00:00,.H.INTERNAL_HUB,REAL_TIME_5_MIN,HUB,83.29,83.01,0.0,0.28
2025-03-25T19:55:00-04:00,2025-03-25 23:55:00+00:00,2025-03-25T20:00:00-04:00,2025-03-26 00:00:00+00:00,.H.INTERNAL_HUB,REAL_TIME_5_MIN,HUB,83.29,83.01,0.0,0.28
2025-03-25T20:00:00-04:00,2025-03-26 00:00:00+00:00,2025-03-25T20:05:00-04:00,2025-03-26 00:05:00+00:00,.H.INTERNAL_HUB,REAL_TIME_5_MIN,HUB,85.32,85.04,0.0,0.28
2025-03-25T20:05:00-04:00,2025-03-26 00:05:00+00:00,2025-03-25T20:10:00-04:00,2025-03-26 00:10:00+00:00,.H.INTERNAL_HUB,REAL_TIME_5_MIN,HUB,85.77,85.49,0.0,0.28
2025-03-25T20:10:00-04:00,2025-03-26 00:10:00+00:00,2025-03-25T20:15:00-04:00,2025-03-26 00:15:00+00:00,.H.INTERNAL_HUB,REAL_TIME_5_MIN,HUB,85.77,85.49,0.0,0.28
2025-03-25T20:15:00-04:00,2025-03-26 00:15:00+00:00,2025-03-25T20:20:00-04:00,2025-03-26 00:20:00+00:00,.H.INTERNAL_HUB,REAL_TIME_5_MIN,HUB,75.93,75.68,0.0,0.25
2025-03-25T20:20:00-04:00,2025-03-26 00:20:00+00:00,2025-03-25T20:25:00-04:00,2025-03-26 00:25:00+00:00,.H.INTERNAL_HUB,REAL_TIME_5_MIN,HUB,75.93,75.68,0.0,0.25
2025-03-25T20:25:00-04:00,2025-03-26 00:25:00+00:00,2025-03-25T20:30:00-04:00,2025-03-26 00:30:00+00:00,.H.INTERNAL_HUB,REAL_TIME_5_MIN,HUB,75.93,75.68,0.0,0.25
2025-03-25T20:30:00-04:00,2025-03-26 00:30:00+00:00,2025-03-25T20:35:00-04:00,2025-03-26 00:35:00+00:00,.H.INTERNAL_HUB,REAL_TIME_5_MIN,HUB,49.01,48.87,0.0,0.14
2025-03-25T20:35:00-04:00,2025-03-26 00:35:00+00:00,2025-03-25T20:40:00-04:00,2025-03-26 00:40:00+00:00,.H.INTERNAL_HUB,REAL_TIME_5_MIN,HUB,58.2,58.03,0.0,0.17
2025-03-25T20:40:00-04:00,2025-03-26 00:40:00+00:00,2025-03-25T20:45:00-04:00,2025-03-26 00:45:00+00:00,.H.INTERNAL_HUB,REAL_TIME_5_MIN,HUB,58.2,58.03,0.0,0.17
2025-03-25T20:45:00-04:00,2025-03-26 00:45:00+00:00,2025-03-25T20:50:00-04:00,2025-03-26 00:50:00+00:00,.H.INTERNAL_HUB,REAL_TIME_5_MIN,HUB,41.34,41.21,0.0,0.13
2025-03-25T20:50:00-04:00,2025-03-26 00:50:00+00:00,2025-03-25T20:55:00-04:00,2025-03-26 00:55:00+00:00,.H.INTERNAL_HUB,REAL_TIME_5_MIN,HUB,45.72,45.58,0.0,0.14
2025-03-25T20:55:00-04:00,2025-03-26 00:55:00+00:00,2025-03-25T21:00:00-04:00,2025-03-26 01:00:00+00:00,.H.INTERNAL_HUB,REAL_TIME_5_MIN,HUB,45.72,45.58,0.0,0.14
2025-03-25T21:00:00-04:00,2025-03-26 01:00:00+00:00,2025-03-25T21:05:00-04:00,2025-03-26 01:05:00+00:00,.H.INTERNAL_HUB,REAL_TIME_5_MIN,HUB,58.78,58.6,0.0,0.18
2025-03-25T21:05:00-04:00,2025-03-26 01:05:00+00:00,2025-03-25T21:10:00-04:00,2025-03-26 01:10:00+00:00,.H.INTERNAL_HUB,REAL_TIME_5_MIN,HUB,58.4,58.2,0.0,0.2
2025-03-25T21:10:00-04:00,2025-03-26 01:10:00+00:00,2025-03-25T21:15:00-04:00,2025-03-26 01:15:00+00:00,.H.INTERNAL_HUB,REAL_TIME_5_MIN,HUB,39.02,38.89,0.0,0.13
2025-03-25T21:15:00-04:00,2025-03-26 01:15:00+00:00,2025-03-25T21:20:00-04:00,2025-03-26 01:20:00+00:00,.H.INTERNAL_HUB,REAL_TIME_5_MIN,HUB,39.02,38.89,0.0,0.13
2025-03-25T21:20:00-04:00,2025-03-26 01:20:00+00:00,2025-03-25T21:25:00-04:00,2025-03-26 01:25:00+00:00,.H.INTERNAL_HUB,REAL_TIME_5_MIN,HUB,39.8,39.62,0.0,0.18
2025-03-25T21:25:00-04:00,2025-03-26 01:25:00+00:00,2025-03-25T21:30:00-04:00,2025-03-26 01:30:00+00:00,.H.INTERNAL_HUB,REAL_TIME_5_MIN,HUB,39.8,39.62,0.0,0.18
2025-03-25T21:30:00-04:00,2025-03-26 01:30:00+00:00,2025-03-25T21:35:00-04:00,2025-03-26 01:35:00+00:00,.H.INTERNAL_HUB,REAL_TIME_5_MIN,HUB,39.83,39.65,0.0,0.18
2025-03-25T21:35:00-04:00,2025-03-26 01:35:00+00:00,2025-03-25T21:40:00-04:00,2025-03-26 01:40:00+00:00,.H.INTERNAL_HUB,REAL_TIME_5_MIN,HUB,38.67,38.48,0.0,0.19
2025-03-25T21:40:00-04:00,2025-03-26 01:40:00+00:00,2025-03-25T21:45:00-04:00,2025-03-26 01:45:00+00:00,.H.INTERNAL_HUB,REAL_TIME_5_MIN,HUB,38.24,38.06,0.0,0.18
2025-03-25T21:45:00-04:00,2025-03-26 01:45:00+00:00,2025-03-25T21:50:00-04:00,2025-03-26 01:50:00+00:00,.H.INTERNAL_HUB,REAL_TIME_5_MIN,HUB,38.24,38.06,0.0,0.18
2025-03-25T21:50:00-04:00,2025-03-26 01:50:00+00:00,2025-03-25T21:55:00-04:00,2025-03-26 01:55:00+00:00,.H.INTERNAL_HUB,REAL_TIME_5_MIN,HUB,38.24,38.04,0.0,0.2
2025-03-25T21:55:00-04:00,2025-03-26 01:55:00+00:00,2025-03-25T22:00:00-04:00,2025-03-26 02:00:00+00:00,.H.INTERNAL_HUB,REAL_TIME_5_MIN,HUB,37.64,37.44,0.0,0.2
2025-03-25T22:00:00-04:00,2025-03-26 02:00:00+00:00,2025-03-25T22:05:00-04:00,2025-03-26 02:05:00+00:00,.H.INTERNAL_HUB,REAL_TIME_5_MIN,HUB,37.64,37.44,0.0,0.2
2025-03-25T22:05:00-04:00,2025-03-26 02:05:00+00:00,2025-03-25T22:10:00-04:00,2025-03-26 02:10:00+00:00,.H.INTERNAL_HUB,REAL_TIME_5_MIN,HUB,37.64,37.44,0.0,0.2
2025-03-25T22:10:00-04:00,2025-03-26 02:10:00+00:00,2025-03-25T22:15:00-04:00,2025-03-26 02:15:00+00:00,.H.INTERNAL_HUB,REAL_TIME_5_MIN,HUB,39.31,39.1,0.0,0.21
2025-03-25T22:15:00-04:00,2025-03-26 02:15:00+00:00,2025-03-25T22:20:00-04:00,2025-03-26 02:20:00+00:00,.H.INTERNAL_HUB,REAL_TIME_5_MIN,HUB,38.58,38.38,0.0,0.2
2025-03-25T22:20:00-04:00,2025-03-26 02:20:00+00:00,2025-03-25T22:25:00-04:00,2025-03-26 02:25:00+00:00,.H.INTERNAL_HUB,REAL_TIME_5_MIN,HUB,39.14,38.98,0.0,0.16
2025-03-25T22:25:00-04:00,2025-03-26 02:25:00+00:00,2025-03-25T22:30:00-04:00,2025-03-26 02:30:00+00:00,.H.INTERNAL_HUB,REAL_TIME_5_MIN,HUB,38.3,38.15,0.0,0.15
2025-03-25T22:30:00-04:00,2025-03-26 02:30:00+00:00,2025-03-25T22:35:00-04:00,2025-03-26 02:35:00+00:00,.H.INTERNAL_HUB,REAL_TIME_5_MIN,HUB,38.75,38.6,0.0,0.15
2025-03-25T22:35:00-04:00,2025-03-26 02:35:00+00:00,2025-03-25T22:40:00-04:00,2025-03-26 02:40:00+00:00,.H.INTERNAL_HUB,REAL_TIME_5_MIN,HUB,38.75,38.6,0.0,0.15
2025-03-25T22:40:00-04:00,2025-03-26 02:40:00+00:00,2025-03-25T22:45:00-04:00,2025-03-26 02:45:00+00:00,.H.INTERNAL_HUB,REAL_TIME_5_MIN,HUB,36.23,36.08,0.0,0.15
2025-03-25T22:45:00-04:00,2025-03-26 02:45:00+00:00,2025-03-25T22:50:00-04:00,2025-03-26 02:50:00+00:00,.H.INTERNAL_HUB,REAL_TIME_5_MIN,HUB,36.07,35.93,0.0,0.14
2025-03-25T22:50:00-04:00,2025-03-26 02:50:00+00:00,2025-03-25T22:55:00-04:00,2025-03-26 02:55:00+00:00,.H.INTERNAL_HUB,REAL_TIME_5_MIN,HUB,36.07,35.93,0.0,0.14
2025-03-25T22:55:00-04:00,2025-03-26 02:55:00+00:00,2025-03-25T23:00:00-04:00,2025-03-26 03:00:00+00:00,.H.INTERNAL_HUB,REAL_TIME_5_MIN,HUB,36.07,35.93,0.0,0.14
2025-03-25T23:00:00-04:00,2025-03-26 03:00:00+00:00,2025-03-25T23:05:00-04:00,2025-03-26 03:05:00+00:00,.H.INTERNAL_HUB,REAL_TIME_5_MIN,HUB,36.05,35.9,0.0,0.15
2025-03-25T23:05:00-04:00,2025-03-26 03:05:00+00:00,2025-03-25T23:10:00-04:00,2025-03-26 03:10:00+00:00,.H.INTERNAL_HUB,REAL_TIME_5_MIN,HUB,36.05,35.9,0.0,0.15
2025-03-25T23:10:00-04:00,2025-03-26 03:10:00+00:00,2025-03-25T23:15:00-04:00,2025-03-26 03:15:00+00:00,.H.INTERNAL_HUB,REAL_TIME_5_MIN,HUB,36.05,35.9,0.0,0.15
2025-03-25T23:15:00-04:00,2025-03-26 03:15:00+00:00,2025-03-25T23:20:00-04:00,2025-03-26 03:20:00+00:00,.H.INTERNAL_HUB,REAL_TIME_5_MIN,HUB,37.02,36.87,0.0,0.15
2025-03-25T23:20:00-04:00,2025-03-26 03:20:00+00:00,2025-03-25T23:25:00-04:00,2025-03-26 03:25:00+00:00,.H.INTERNAL_HUB,REAL_TIME_5_MIN,HUB,36.19,36.04,0.0,0.15
2025-03-25T23:25:00-04:00,2025-03-26 03:25:00+00:00,2025-03-25T23:30:00-04:00,2025-03-26 03:30:00+00:00,.H.INTERNAL_HUB,REAL_TIME_5_MIN,HUB,36.19,36.04,0.0,0.15
2025-03-25T23:30:00-04:00,2025-03-26 03:30:00+00:00,2025-03-25T23:35:00-04:00,2025-03-26 03:35:00+00:00,.H.INTERNAL_HUB,REAL_TIME_5_MIN,HUB,36.99,36.83,0.0,0.16
2025-03-25T23:35:00-04:00,2025-03-26 03:35:00+00:00,2025-03-25T23:40:00-04:00,2025-03-26 03:40:00+00:00,.H.INTERNAL_HUB,REAL_TIME_5_MIN,HUB,36.99,36.83,0.0,0.16
2025-03-25T23:40:00-04:00,2025-03-26 03:40:00+00:00,2025-03-25T23:45:00-04:00,2025-03-26 03:45:00+00:00,.H.INTERNAL_HUB,REAL_TIME_5_MIN,HUB,38.03,37.85,0.0,0.18
2025-03-25T23:45:00-04:00,2025-03-26 03:45:00+00:00,2025-03-25T23:50:00-04:00,2025-03-26 03:50:00+00:00,.H.INTERNAL_HUB,REAL_TIME_5_MIN,HUB,38.03,37.85,0.0,0.18
2025-03-25T23:50:00-04:00,2025-03-26 03:50:00+00:00,2025-03-25T23:55:00-04:00,2025-03-26 03:55:00+00:00,.H.INTERNAL_HUB,REAL_TIME_5_MIN,HUB,38.03,37.85,0.0,0.18
2025-03-25T23:55:00-04:00,2025-03-26 03:55:00+00:00,2025-03-26T00:00:00-04:00,2025-03-26 04:00:00+00:00,.H.INTERNAL_HUB,REAL_TIME_5_MIN,HUB,37.61,37.42,0.0,0.19
