interval_start_local,interval_start_utc,interval_end_local,interval_end_utc,location,market,location_id,location_short_name,location_type,lmp,energy,congestion,loss
2025-03-24T00:00:00-04:00,2025-03-24 04:00:00+00:00,2025-03-24T00:05:00-04:00,2025-03-24 04:05:00+00:00,AECO,REAL_TIME_5_MIN,51291,AECO,ZONE,28.05,26.75,0.42,0.88
2025-03-24T00:05:00-04:00,2025-03-24 04:05:00+00:00,2025-03-24T00:10:00-04:00,2025-03-24 04:10:00+00:00,AECO,REAL_TIME_5_MIN,51291,AECO,ZONE,23.71,18.32,4.78,0.61
2025-03-24T00:10:00-04:00,2025-03-24 04:10:00+00:00,2025-03-24T00:15:00-04:00,2025-03-24 04:15:00+00:00,AECO,REAL_TIME_5_MIN,51291,AECO,ZONE,24.71,20.38,3.6,0.73
2025-03-24T00:15:00-04:00,2025-03-24 04:15:00+00:00,2025-03-24T00:20:00-04:00,2025-03-24 04:20:00+00:00,AECO,REAL_TIME_5_MIN,51291,AECO,ZONE,24.65,23.59,0.23,0.83
2025-03-24T00:20:00-04:00,2025-03-24 04:20:00+00:00,2025-03-24T00:25:00-04:00,2025-03-24 04:25:00+00:00,AECO,REAL_TIME_5_MIN,51291,AECO,ZONE,24.52,23.47,0.27,0.78
2025-03-24T00:25:00-04:00,2025-03-24 04:25:00+00:00,2025-03-24T00:30:00-04:00,2025-03-24 04:30:00+00:00,AECO,REAL_TIME_5_MIN,51291,AECO,ZONE,26.4,20.939999999999998,4.78,0.68
2025-03-24T00:30:00-04:00,2025-03-24 04:30:00+00:00,2025-03-24T00:35:00-04:00,2025-03-24 04:35:00+00:00,AECO,REAL_TIME_5_MIN,51291,AECO,ZONE,24.1,18.400000000000002,5.09,0.61
2025-03-24T00:35:00-04:00,2025-03-24 04:35:00+00:00,2025-03-24T00:40:00-04:00,2025-03-24 04:40:00+00:00,AECO,REAL_TIME_5_MIN,51291,AECO,ZONE,31.29,25.7,4.79,0.8
2025-03-24T00:40:00-04:00,2025-03-24 04:40:00+00:00,2025-03-24T00:45:00-04:00,2025-03-24 04:45:00+00:00,AECO,REAL_TIME_5_MIN,51291,AECO,ZONE,31.98,30.68,0.42,0.88
2025-03-24T00:45:00-04:00,2025-03-24 04:45:00+00:00,2025-03-24T00:50:00-04:00,2025-03-24 04:50:00+00:00,AECO,REAL_TIME_5_MIN,51291,AECO,ZONE,26.99,26.24,0.04,0.71
2025-03-24T00:50:00-04:00,2025-03-24 04:50:00+00:00,2025-03-24T00:55:00-04:00,2025-03-24 04:55:00+00:00,AECO,REAL_TIME_5_MIN,51291,AECO,ZONE,28.52,22.23,5.73,0.56
2025-03-24T00:55:00-04:00,2025-03-24 04:55:00+00:00,2025-03-24T01:00:00-04:00,2025-03-24 05:00:00+00:00,AECO,REAL_TIME_5_MIN,51291,AECO,ZONE,27.81,27.02,0.13,0.66
2025-03-24T01:00:00-04:00,2025-03-24 05:00:00+00:00,2025-03-24T01:05:00-04:00,2025-03-24 05:05:00+00:00,AECO,REAL_TIME_5_MIN,51291,AECO,ZONE,36.28,35.2,0.21,0.87
2025-03-24T01:05:00-04:00,2025-03-24 05:05:00+00:00,2025-03-24T01:10:00-04:00,2025-03-24 05:10:00+00:00,AECO,REAL_TIME_5_MIN,51291,AECO,ZONE,30.34,26.419999999999998,3.3,0.62
2025-03-24T01:10:00-04:00,2025-03-24 05:10:00+00:00,2025-03-24T01:15:00-04:00,2025-03-24 05:15:00+00:00,AECO,REAL_TIME_5_MIN,51291,AECO,ZONE,30.48,29.6,0.14,0.74
2025-03-24T01:15:00-04:00,2025-03-24 05:15:00+00:00,2025-03-24T01:20:00-04:00,2025-03-24 05:20:00+00:00,AECO,REAL_TIME_5_MIN,51291,AECO,ZONE,30.48,25.41,4.48,0.59
2025-03-24T01:20:00-04:00,2025-03-24 05:20:00+00:00,2025-03-24T01:25:00-04:00,2025-03-24 05:25:00+00:00,AECO,REAL_TIME_5_MIN,51291,AECO,ZONE,30.51,29.57,0.19,0.75
2025-03-24T01:25:00-04:00,2025-03-24 05:25:00+00:00,2025-03-24T01:30:00-04:00,2025-03-24 05:30:00+00:00,AECO,REAL_TIME_5_MIN,51291,AECO,ZONE,30.76,29.29,0.76,0.71
2025-03-24T01:30:00-04:00,2025-03-24 05:30:00+00:00,2025-03-24T01:35:00-04:00,2025-03-24 05:35:00+00:00,AECO,REAL_TIME_5_MIN,51291,AECO,ZONE,30.76,29.29,0.76,0.71
2025-03-24T01:35:00-04:00,2025-03-24 05:35:00+00:00,2025-03-24T01:40:00-04:00,2025-03-24 05:40:00+00:00,AECO,REAL_TIME_5_MIN,51291,AECO,ZONE,27.73,27.3,-0.23,0.66
2025-03-24T01:40:00-04:00,2025-03-24 05:40:00+00:00,2025-03-24T01:45:00-04:00,2025-03-24 05:45:00+00:00,AECO,REAL_TIME_5_MIN,51291,AECO,ZONE,30.53,30.19,-0.34,0.68
2025-03-24T01:45:00-04:00,2025-03-24 05:45:00+00:00,2025-03-24T01:50:00-04:00,2025-03-24 05:50:00+00:00,AECO,REAL_TIME_5_MIN,51291,AECO,ZONE,28.14,27.74,-0.24,0.64
2025-03-24T01:50:00-04:00,2025-03-24 05:50:00+00:00,2025-03-24T01:55:00-04:00,2025-03-24 05:55:00+00:00,AECO,REAL_TIME_5_MIN,51291,AECO,ZONE,30.64,27.03,2.97,0.64
2025-03-24T01:55:00-04:00,2025-03-24 05:55:00+00:00,2025-03-24T02:00:00-04:00,2025-03-24 06:00:00+00:00,AECO,REAL_TIME_5_MIN,51291,AECO,ZONE,30.18,29.900000000000002,-0.37,0.65
2025-03-24T02:00:00-04:00,2025-03-24 06:00:00+00:00,2025-03-24T02:05:00-04:00,2025-03-24 06:05:00+00:00,AECO,REAL_TIME_5_MIN,51291,AECO,ZONE,28.01,27.650000000000002,-0.23,0.59
2025-03-24T02:05:00-04:00,2025-03-24 06:05:00+00:00,2025-03-24T02:10:00-04:00,2025-03-24 06:10:00+00:00,AECO,REAL_TIME_5_MIN,51291,AECO,ZONE,27.59,27.349999999999998,-0.36,0.6
2025-03-24T02:10:00-04:00,2025-03-24 06:10:00+00:00,2025-03-24T02:15:00-04:00,2025-03-24 06:15:00+00:00,AECO,REAL_TIME_5_MIN,51291,AECO,ZONE,27.41,27.16,-0.32,0.57
2025-03-24T02:15:00-04:00,2025-03-24 06:15:00+00:00,2025-03-24T02:20:00-04:00,2025-03-24 06:20:00+00:00,AECO,REAL_TIME_5_MIN,51291,AECO,ZONE,25.05,24.52,0.05,0.48
2025-03-24T02:20:00-04:00,2025-03-24 06:20:00+00:00,2025-03-24T02:25:00-04:00,2025-03-24 06:25:00+00:00,AECO,REAL_TIME_5_MIN,51291,AECO,ZONE,25.82,25.240000000000002,0.04,0.54
2025-03-24T02:25:00-04:00,2025-03-24 06:25:00+00:00,2025-03-24T02:30:00-04:00,2025-03-24 06:30:00+00:00,AECO,REAL_TIME_5_MIN,51291,AECO,ZONE,24.2,23.589999999999996,0.1,0.51
2025-03-24T02:30:00-04:00,2025-03-24 06:30:00+00:00,2025-03-24T02:35:00-04:00,2025-03-24 06:35:00+00:00,AECO,REAL_TIME_5_MIN,51291,AECO,ZONE,25.04,24.48,0.06,0.5
2025-03-24T02:35:00-04:00,2025-03-24 06:35:00+00:00,2025-03-24T02:40:00-04:00,2025-03-24 06:40:00+00:00,AECO,REAL_TIME_5_MIN,51291,AECO,ZONE,26.46,25.950000000000003,0.02,0.49
2025-03-24T02:40:00-04:00,2025-03-24 06:40:00+00:00,2025-03-24T02:45:00-04:00,2025-03-24 06:45:00+00:00,AECO,REAL_TIME_5_MIN,51291,AECO,ZONE,26.53,25.970000000000002,0.02,0.54
2025-03-24T02:45:00-04:00,2025-03-24 06:45:00+00:00,2025-03-24T02:50:00-04:00,2025-03-24 06:50:00+00:00,AECO,REAL_TIME_5_MIN,51291,AECO,ZONE,26.14,25.55,0.11,0.48
2025-03-24T02:50:00-04:00,2025-03-24 06:50:00+00:00,2025-03-24T02:55:00-04:00,2025-03-24 06:55:00+00:00,AECO,REAL_TIME_5_MIN,51291,AECO,ZONE,25.79,25.41,-0.1,0.48
2025-03-24T02:55:00-04:00,2025-03-24 06:55:00+00:00,2025-03-24T03:00:00-04:00,2025-03-24 07:00:00+00:00,AECO,REAL_TIME_5_MIN,51291,AECO,ZONE,26.11,25.599999999999998,0.0,0.51
2025-03-24T03:00:00-04:00,2025-03-24 07:00:00+00:00,2025-03-24T03:05:00-04:00,2025-03-24 07:05:00+00:00,AECO,REAL_TIME_5_MIN,51291,AECO,ZONE,25.75,25.24,0.0,0.51
2025-03-24T03:05:00-04:00,2025-03-24 07:05:00+00:00,2025-03-24T03:10:00-04:00,2025-03-24 07:10:00+00:00,AECO,REAL_TIME_5_MIN,51291,AECO,ZONE,25.79,25.43,-0.13,0.49
2025-03-24T03:10:00-04:00,2025-03-24 07:10:00+00:00,2025-03-24T03:15:00-04:00,2025-03-24 07:15:00+00:00,AECO,REAL_TIME_5_MIN,51291,AECO,ZONE,27.41,27.05,-0.17,0.53
2025-03-24T03:15:00-04:00,2025-03-24 07:15:00+00:00,2025-03-24T03:20:00-04:00,2025-03-24 07:20:00+00:00,AECO,REAL_TIME_5_MIN,51291,AECO,ZONE,27.41,26.85,0.02,0.54
2025-03-24T03:20:00-04:00,2025-03-24 07:20:00+00:00,2025-03-24T03:25:00-04:00,2025-03-24 07:25:00+00:00,AECO,REAL_TIME_5_MIN,51291,AECO,ZONE,26.99,26.65,-0.18,0.52
2025-03-24T03:25:00-04:00,2025-03-24 07:25:00+00:00,2025-03-24T03:30:00-04:00,2025-03-24 07:30:00+00:00,AECO,REAL_TIME_5_MIN,51291,AECO,ZONE,27.59,26.889999999999997,0.17,0.53
2025-03-24T03:30:00-04:00,2025-03-24 07:30:00+00:00,2025-03-24T03:35:00-04:00,2025-03-24 07:35:00+00:00,AECO,REAL_TIME_5_MIN,51291,AECO,ZONE,23.54,22.88,0.25,0.41
2025-03-24T03:35:00-04:00,2025-03-24 07:35:00+00:00,2025-03-24T03:40:00-04:00,2025-03-24 07:40:00+00:00,AECO,REAL_TIME_5_MIN,51291,AECO,ZONE,25.22,24.7,0.05,0.47
2025-03-24T03:40:00-04:00,2025-03-24 07:40:00+00:00,2025-03-24T03:45:00-04:00,2025-03-24 07:45:00+00:00,AECO,REAL_TIME_5_MIN,51291,AECO,ZONE,26.28,25.71,0.07,0.5
2025-03-24T03:45:00-04:00,2025-03-24 07:45:00+00:00,2025-03-24T03:50:00-04:00,2025-03-24 07:50:00+00:00,AECO,REAL_TIME_5_MIN,51291,AECO,ZONE,26.36,25.639999999999997,0.21,0.51
2025-03-24T03:50:00-04:00,2025-03-24 07:50:00+00:00,2025-03-24T03:55:00-04:00,2025-03-24 07:55:00+00:00,AECO,REAL_TIME_5_MIN,51291,AECO,ZONE,30.25,29.779999999999998,-0.08,0.55
2025-03-24T03:55:00-04:00,2025-03-24 07:55:00+00:00,2025-03-24T04:00:00-04:00,2025-03-24 08:00:00+00:00,AECO,REAL_TIME_5_MIN,51291,AECO,ZONE,28.15,28.36,-0.73,0.52
2025-03-24T04:00:00-04:00,2025-03-24 08:00:00+00:00,2025-03-24T04:05:00-04:00,2025-03-24 08:05:00+00:00,AECO,REAL_TIME_5_MIN,51291,AECO,ZONE,25.62,25.26,-0.11,0.47
2025-03-24T04:05:00-04:00,2025-03-24 08:05:00+00:00,2025-03-24T04:10:00-04:00,2025-03-24 08:10:00+00:00,AECO,REAL_TIME_5_MIN,51291,AECO,ZONE,25.52,25.2,-0.09,0.41
2025-03-24T04:10:00-04:00,2025-03-24 08:10:00+00:00,2025-03-24T04:15:00-04:00,2025-03-24 08:15:00+00:00,AECO,REAL_TIME_5_MIN,51291,AECO,ZONE,25.2,24.819999999999997,0.01,0.37
2025-03-24T04:15:00-04:00,2025-03-24 08:15:00+00:00,2025-03-24T04:20:00-04:00,2025-03-24 08:20:00+00:00,AECO,REAL_TIME_5_MIN,51291,AECO,ZONE,25.83,25.24,0.23,0.36
2025-03-24T04:20:00-04:00,2025-03-24 08:20:00+00:00,2025-03-24T04:25:00-04:00,2025-03-24 08:25:00+00:00,AECO,REAL_TIME_5_MIN,51291,AECO,ZONE,27.52,27.78,-0.64,0.38
2025-03-24T04:25:00-04:00,2025-03-24 08:25:00+00:00,2025-03-24T04:30:00-04:00,2025-03-24 08:30:00+00:00,AECO,REAL_TIME_5_MIN,51291,AECO,ZONE,26.87,26.28,0.23,0.36
2025-03-24T04:30:00-04:00,2025-03-24 08:30:00+00:00,2025-03-24T04:35:00-04:00,2025-03-24 08:35:00+00:00,AECO,REAL_TIME_5_MIN,51291,AECO,ZONE,24.95,24.39,0.2,0.36
2025-03-24T04:35:00-04:00,2025-03-24 08:35:00+00:00,2025-03-24T04:40:00-04:00,2025-03-24 08:40:00+00:00,AECO,REAL_TIME_5_MIN,51291,AECO,ZONE,36.78,36.06,0.23,0.49
2025-03-24T04:40:00-04:00,2025-03-24 08:40:00+00:00,2025-03-24T04:45:00-04:00,2025-03-24 08:45:00+00:00,AECO,REAL_TIME_5_MIN,51291,AECO,ZONE,28.15,28.669999999999998,-0.91,0.39
2025-03-24T04:45:00-04:00,2025-03-24 08:45:00+00:00,2025-03-24T04:50:00-04:00,2025-03-24 08:50:00+00:00,AECO,REAL_TIME_5_MIN,51291,AECO,ZONE,27.08,26.46,0.24,0.38
2025-03-24T04:50:00-04:00,2025-03-24 08:50:00+00:00,2025-03-24T04:55:00-04:00,2025-03-24 08:55:00+00:00,AECO,REAL_TIME_5_MIN,51291,AECO,ZONE,27.47,26.89,0.2,0.38
2025-03-24T04:55:00-04:00,2025-03-24 08:55:00+00:00,2025-03-24T05:00:00-04:00,2025-03-24 09:00:00+00:00,AECO,REAL_TIME_5_MIN,51291,AECO,ZONE,25.6,25.040000000000003,0.24,0.32
2025-03-24T05:00:00-04:00,2025-03-24 09:00:00+00:00,2025-03-24T05:05:00-04:00,2025-03-24 09:05:00+00:00,AECO,REAL_TIME_5_MIN,51291,AECO,ZONE,26.92,22.400000000000002,4.16,0.36
2025-03-24T05:05:00-04:00,2025-03-24 09:05:00+00:00,2025-03-24T05:10:00-04:00,2025-03-24 09:10:00+00:00,AECO,REAL_TIME_5_MIN,51291,AECO,ZONE,29.57,28.95,0.23,0.39
2025-03-24T05:10:00-04:00,2025-03-24 09:10:00+00:00,2025-03-24T05:15:00-04:00,2025-03-24 09:15:00+00:00,AECO,REAL_TIME_5_MIN,51291,AECO,ZONE,32.38,31.67,0.24,0.47
2025-03-24T05:15:00-04:00,2025-03-24 09:15:00+00:00,2025-03-24T05:20:00-04:00,2025-03-24 09:20:00+00:00,AECO,REAL_TIME_5_MIN,51291,AECO,ZONE,30.82,31.24,-0.84,0.42
2025-03-24T05:20:00-04:00,2025-03-24 09:20:00+00:00,2025-03-24T05:25:00-04:00,2025-03-24 09:25:00+00:00,AECO,REAL_TIME_5_MIN,51291,AECO,ZONE,41.68,40.98,0.24,0.46
2025-03-24T05:25:00-04:00,2025-03-24 09:25:00+00:00,2025-03-24T05:30:00-04:00,2025-03-24 09:30:00+00:00,AECO,REAL_TIME_5_MIN,51291,AECO,ZONE,63.39,104.29,-41.81,0.91
2025-03-24T05:30:00-04:00,2025-03-24 09:30:00+00:00,2025-03-24T05:35:00-04:00,2025-03-24 09:35:00+00:00,AECO,REAL_TIME_5_MIN,51291,AECO,ZONE,78.2,85.71000000000001,-8.31,0.8
2025-03-24T05:35:00-04:00,2025-03-24 09:35:00+00:00,2025-03-24T05:40:00-04:00,2025-03-24 09:40:00+00:00,AECO,REAL_TIME_5_MIN,51291,AECO,ZONE,184.15,195.07,-12.88,1.96
2025-03-24T05:40:00-04:00,2025-03-24 09:40:00+00:00,2025-03-24T05:45:00-04:00,2025-03-24 09:45:00+00:00,AECO,REAL_TIME_5_MIN,51291,AECO,ZONE,115.11,114.79,-0.76,1.08
2025-03-24T05:45:00-04:00,2025-03-24 09:45:00+00:00,2025-03-24T05:50:00-04:00,2025-03-24 09:50:00+00:00,AECO,REAL_TIME_5_MIN,51291,AECO,ZONE,51.8,52.08,-0.64,0.36
2025-03-24T05:50:00-04:00,2025-03-24 09:50:00+00:00,2025-03-24T05:55:00-04:00,2025-03-24 09:55:00+00:00,AECO,REAL_TIME_5_MIN,51291,AECO,ZONE,28.19,24.250000000000004,3.7,0.24
2025-03-24T05:55:00-04:00,2025-03-24 09:55:00+00:00,2025-03-24T06:00:00-04:00,2025-03-24 10:00:00+00:00,AECO,REAL_TIME_5_MIN,51291,AECO,ZONE,29.69,23.78,5.72,0.19
2025-03-24T06:00:00-04:00,2025-03-24 10:00:00+00:00,2025-03-24T06:05:00-04:00,2025-03-24 10:05:00+00:00,AECO,REAL_TIME_5_MIN,51291,AECO,ZONE,25.75,27.83,-2.34,0.26
2025-03-24T06:05:00-04:00,2025-03-24 10:05:00+00:00,2025-03-24T06:10:00-04:00,2025-03-24 10:10:00+00:00,AECO,REAL_TIME_5_MIN,51291,AECO,ZONE,26.11,38.74,-13.03,0.4
2025-03-24T06:10:00-04:00,2025-03-24 10:10:00+00:00,2025-03-24T06:15:00-04:00,2025-03-24 10:15:00+00:00,AECO,REAL_TIME_5_MIN,51291,AECO,ZONE,30.5,39.83,-9.65,0.32
2025-03-24T06:15:00-04:00,2025-03-24 10:15:00+00:00,2025-03-24T06:20:00-04:00,2025-03-24 10:20:00+00:00,AECO,REAL_TIME_5_MIN,51291,AECO,ZONE,30.55,39.18,-8.99,0.36
2025-03-24T06:20:00-04:00,2025-03-24 10:20:00+00:00,2025-03-24T06:25:00-04:00,2025-03-24 10:25:00+00:00,AECO,REAL_TIME_5_MIN,51291,AECO,ZONE,36.52,64.34,-28.62,0.8
2025-03-24T06:25:00-04:00,2025-03-24 10:25:00+00:00,2025-03-24T06:30:00-04:00,2025-03-24 10:30:00+00:00,AECO,REAL_TIME_5_MIN,51291,AECO,ZONE,44.3,43.32,0.43,0.55
2025-03-24T06:30:00-04:00,2025-03-24 10:30:00+00:00,2025-03-24T06:35:00-04:00,2025-03-24 10:35:00+00:00,AECO,REAL_TIME_5_MIN,51291,AECO,ZONE,32.88,59.95,-27.88,0.81
2025-03-24T06:35:00-04:00,2025-03-24 10:35:00+00:00,2025-03-24T06:40:00-04:00,2025-03-24 10:40:00+00:00,AECO,REAL_TIME_5_MIN,51291,AECO,ZONE,62.91,90.74,-29.03,1.2
2025-03-24T06:40:00-04:00,2025-03-24 10:40:00+00:00,2025-03-24T06:45:00-04:00,2025-03-24 10:45:00+00:00,AECO,REAL_TIME_5_MIN,51291,AECO,ZONE,52.66,63.059999999999995,-11.32,0.92
2025-03-24T06:45:00-04:00,2025-03-24 10:45:00+00:00,2025-03-24T06:50:00-04:00,2025-03-24 10:50:00+00:00,AECO,REAL_TIME_5_MIN,51291,AECO,ZONE,73.07,96.64999999999999,-25.12,1.54
2025-03-24T06:50:00-04:00,2025-03-24 10:50:00+00:00,2025-03-24T06:55:00-04:00,2025-03-24 10:55:00+00:00,AECO,REAL_TIME_5_MIN,51291,AECO,ZONE,68.94,99.89,-32.55,1.6
2025-03-24T06:55:00-04:00,2025-03-24 10:55:00+00:00,2025-03-24T07:00:00-04:00,2025-03-24 11:00:00+00:00,AECO,REAL_TIME_5_MIN,51291,AECO,ZONE,39.22,119.17,-81.59,1.64
2025-03-24T07:00:00-04:00,2025-03-24 11:00:00+00:00,2025-03-24T07:05:00-04:00,2025-03-24 11:05:00+00:00,AECO,REAL_TIME_5_MIN,51291,AECO,ZONE,41.61,108.36,-68.3,1.55
2025-03-24T07:05:00-04:00,2025-03-24 11:05:00+00:00,2025-03-24T07:10:00-04:00,2025-03-24 11:10:00+00:00,AECO,REAL_TIME_5_MIN,51291,AECO,ZONE,87.66,98.16000000000001,-12.21,1.71
2025-03-24T07:10:00-04:00,2025-03-24 11:10:00+00:00,2025-03-24T07:15:00-04:00,2025-03-24 11:15:00+00:00,AECO,REAL_TIME_5_MIN,51291,AECO,ZONE,85.73,98.48,-14.55,1.8
2025-03-24T07:15:00-04:00,2025-03-24 11:15:00+00:00,2025-03-24T07:20:00-04:00,2025-03-24 11:20:00+00:00,AECO,REAL_TIME_5_MIN,51291,AECO,ZONE,39.59,40.75000000000001,-1.82,0.66
2025-03-24T07:20:00-04:00,2025-03-24 11:20:00+00:00,2025-03-24T07:25:00-04:00,2025-03-24 11:25:00+00:00,AECO,REAL_TIME_5_MIN,51291,AECO,ZONE,64.72,119.76,-57.36,2.32
2025-03-24T07:25:00-04:00,2025-03-24 11:25:00+00:00,2025-03-24T07:30:00-04:00,2025-03-24 11:30:00+00:00,AECO,REAL_TIME_5_MIN,51291,AECO,ZONE,34.1,68.25000000000001,-35.45,1.3
2025-03-24T07:30:00-04:00,2025-03-24 11:30:00+00:00,2025-03-24T07:35:00-04:00,2025-03-24 11:35:00+00:00,AECO,REAL_TIME_5_MIN,51291,AECO,ZONE,59.93,131.77,-74.1,2.26
2025-03-24T07:35:00-04:00,2025-03-24 11:35:00+00:00,2025-03-24T07:40:00-04:00,2025-03-24 11:40:00+00:00,AECO,REAL_TIME_5_MIN,51291,AECO,ZONE,121.72,123.27999999999999,-3.74,2.18
2025-03-24T07:40:00-04:00,2025-03-24 11:40:00+00:00,2025-03-24T07:45:00-04:00,2025-03-24 11:45:00+00:00,AECO,REAL_TIME_5_MIN,51291,AECO,ZONE,119.23,121.85000000000001,-4.44,1.82
2025-03-24T07:45:00-04:00,2025-03-24 11:45:00+00:00,2025-03-24T07:50:00-04:00,2025-03-24 11:50:00+00:00,AECO,REAL_TIME_5_MIN,51291,AECO,ZONE,82.43,95.64,-14.6,1.39
2025-03-24T07:50:00-04:00,2025-03-24 11:50:00+00:00,2025-03-24T07:55:00-04:00,2025-03-24 11:55:00+00:00,AECO,REAL_TIME_5_MIN,51291,AECO,ZONE,47.46,47.85,-1.25,0.86
2025-03-24T07:55:00-04:00,2025-03-24 11:55:00+00:00,2025-03-24T08:00:00-04:00,2025-03-24 12:00:00+00:00,AECO,REAL_TIME_5_MIN,51291,AECO,ZONE,124.43,109.05000000000001,13.24,2.14
2025-03-24T08:00:00-04:00,2025-03-24 12:00:00+00:00,2025-03-24T08:05:00-04:00,2025-03-24 12:05:00+00:00,AECO,REAL_TIME_5_MIN,51291,AECO,ZONE,86.63,90.3,-5.59,1.92
2025-03-24T08:05:00-04:00,2025-03-24 12:05:00+00:00,2025-03-24T08:10:00-04:00,2025-03-24 12:10:00+00:00,AECO,REAL_TIME_5_MIN,51291,AECO,ZONE,55.4,57.54,-3.29,1.15
2025-03-24T08:10:00-04:00,2025-03-24 12:10:00+00:00,2025-03-24T08:15:00-04:00,2025-03-24 12:15:00+00:00,AECO,REAL_TIME_5_MIN,51291,AECO,ZONE,83.61,68.50999999999999,13.76,1.34
2025-03-24T08:15:00-04:00,2025-03-24 12:15:00+00:00,2025-03-24T08:20:00-04:00,2025-03-24 12:20:00+00:00,AECO,REAL_TIME_5_MIN,51291,AECO,ZONE,83.67,68.81,13.64,1.22
2025-03-24T08:20:00-04:00,2025-03-24 12:20:00+00:00,2025-03-24T08:25:00-04:00,2025-03-24 12:25:00+00:00,AECO,REAL_TIME_5_MIN,51291,AECO,ZONE,46.9,45.779999999999994,0.45,0.67
2025-03-24T08:25:00-04:00,2025-03-24 12:25:00+00:00,2025-03-24T08:30:00-04:00,2025-03-24 12:30:00+00:00,AECO,REAL_TIME_5_MIN,51291,AECO,ZONE,67.8,53.54,13.46,0.8
2025-03-24T08:30:00-04:00,2025-03-24 12:30:00+00:00,2025-03-24T08:35:00-04:00,2025-03-24 12:35:00+00:00,AECO,REAL_TIME_5_MIN,51291,AECO,ZONE,56.65,46.43,9.47,0.75
2025-03-24T08:35:00-04:00,2025-03-24 12:35:00+00:00,2025-03-24T08:40:00-04:00,2025-03-24 12:40:00+00:00,AECO,REAL_TIME_5_MIN,51291,AECO,ZONE,38.11,37.8,-0.4,0.71
2025-03-24T08:40:00-04:00,2025-03-24 12:40:00+00:00,2025-03-24T08:45:00-04:00,2025-03-24 12:45:00+00:00,AECO,REAL_TIME_5_MIN,51291,AECO,ZONE,43.16,42.11,0.39,0.66
2025-03-24T08:45:00-04:00,2025-03-24 12:45:00+00:00,2025-03-24T08:50:00-04:00,2025-03-24 12:50:00+00:00,AECO,REAL_TIME_5_MIN,51291,AECO,ZONE,39.94,39.33,-0.04,0.65
2025-03-24T08:50:00-04:00,2025-03-24 12:50:00+00:00,2025-03-24T08:55:00-04:00,2025-03-24 12:55:00+00:00,AECO,REAL_TIME_5_MIN,51291,AECO,ZONE,47.66,43.029999999999994,3.82,0.81
2025-03-24T08:55:00-04:00,2025-03-24 12:55:00+00:00,2025-03-24T09:00:00-04:00,2025-03-24 13:00:00+00:00,AECO,REAL_TIME_5_MIN,51291,AECO,ZONE,41.5,39.82,0.9,0.78
2025-03-24T09:00:00-04:00,2025-03-24 13:00:00+00:00,2025-03-24T09:05:00-04:00,2025-03-24 13:05:00+00:00,AECO,REAL_TIME_5_MIN,51291,AECO,ZONE,45.45,48.31000000000001,-3.77,0.91
2025-03-24T09:05:00-04:00,2025-03-24 13:05:00+00:00,2025-03-24T09:10:00-04:00,2025-03-24 13:10:00+00:00,AECO,REAL_TIME_5_MIN,51291,AECO,ZONE,38.39,37.720000000000006,-0.13,0.8
2025-03-24T09:10:00-04:00,2025-03-24 13:10:00+00:00,2025-03-24T09:15:00-04:00,2025-03-24 13:15:00+00:00,AECO,REAL_TIME_5_MIN,51291,AECO,ZONE,42.86,42.22,-0.17,0.81
2025-03-24T09:15:00-04:00,2025-03-24 13:15:00+00:00,2025-03-24T09:20:00-04:00,2025-03-24 13:20:00+00:00,AECO,REAL_TIME_5_MIN,51291,AECO,ZONE,49.01,47.24999999999999,0.84,0.92
2025-03-24T09:20:00-04:00,2025-03-24 13:20:00+00:00,2025-03-24T09:25:00-04:00,2025-03-24 13:25:00+00:00,AECO,REAL_TIME_5_MIN,51291,AECO,ZONE,47.89,45.61,1.26,1.02
2025-03-24T09:25:00-04:00,2025-03-24 13:25:00+00:00,2025-03-24T09:30:00-04:00,2025-03-24 13:30:00+00:00,AECO,REAL_TIME_5_MIN,51291,AECO,ZONE,41.84,39.95,0.96,0.93
2025-03-24T09:30:00-04:00,2025-03-24 13:30:00+00:00,2025-03-24T09:35:00-04:00,2025-03-24 13:35:00+00:00,AECO,REAL_TIME_5_MIN,51291,AECO,ZONE,38.56,37.64,0.0,0.92
2025-03-24T09:35:00-04:00,2025-03-24 13:35:00+00:00,2025-03-24T09:40:00-04:00,2025-03-24 13:40:00+00:00,AECO,REAL_TIME_5_MIN,51291,AECO,ZONE,35.79,34.91,0.06,0.82
2025-03-24T09:40:00-04:00,2025-03-24 13:40:00+00:00,2025-03-24T09:45:00-04:00,2025-03-24 13:45:00+00:00,AECO,REAL_TIME_5_MIN,51291,AECO,ZONE,34.62,33.66,0.04,0.92
2025-03-24T09:45:00-04:00,2025-03-24 13:45:00+00:00,2025-03-24T09:50:00-04:00,2025-03-24 13:50:00+00:00,AECO,REAL_TIME_5_MIN,51291,AECO,ZONE,36.92,35.13,0.69,1.1
2025-03-24T09:50:00-04:00,2025-03-24 13:50:00+00:00,2025-03-24T09:55:00-04:00,2025-03-24 13:55:00+00:00,AECO,REAL_TIME_5_MIN,51291,AECO,ZONE,48.75,44.019999999999996,3.27,1.46
2025-03-24T09:55:00-04:00,2025-03-24 13:55:00+00:00,2025-03-24T10:00:00-04:00,2025-03-24 14:00:00+00:00,AECO,REAL_TIME_5_MIN,51291,AECO,ZONE,42.06,39.85,0.92,1.29
2025-03-24T10:00:00-04:00,2025-03-24 14:00:00+00:00,2025-03-24T10:05:00-04:00,2025-03-24 14:05:00+00:00,AECO,REAL_TIME_5_MIN,51291,AECO,ZONE,50.4,44.05,4.97,1.38
2025-03-24T10:05:00-04:00,2025-03-24 14:05:00+00:00,2025-03-24T10:10:00-04:00,2025-03-24 14:10:00+00:00,AECO,REAL_TIME_5_MIN,51291,AECO,ZONE,48.0,45.3,1.25,1.45
2025-03-24T10:10:00-04:00,2025-03-24 14:10:00+00:00,2025-03-24T10:15:00-04:00,2025-03-24 14:15:00+00:00,AECO,REAL_TIME_5_MIN,51291,AECO,ZONE,50.68,46.04,3.2,1.44
2025-03-24T10:15:00-04:00,2025-03-24 14:15:00+00:00,2025-03-24T10:20:00-04:00,2025-03-24 14:20:00+00:00,AECO,REAL_TIME_5_MIN,51291,AECO,ZONE,119.53,107.52,8.51,3.5
2025-03-24T10:20:00-04:00,2025-03-24 14:20:00+00:00,2025-03-24T10:25:00-04:00,2025-03-24 14:25:00+00:00,AECO,REAL_TIME_5_MIN,51291,AECO,ZONE,167.53,152.11,10.75,4.67
2025-03-24T10:25:00-04:00,2025-03-24 14:25:00+00:00,2025-03-24T10:30:00-04:00,2025-03-24 14:30:00+00:00,AECO,REAL_TIME_5_MIN,51291,AECO,ZONE,313.88,290.71,13.73,9.44
2025-03-24T10:30:00-04:00,2025-03-24 14:30:00+00:00,2025-03-24T10:35:00-04:00,2025-03-24 14:35:00+00:00,AECO,REAL_TIME_5_MIN,51291,AECO,ZONE,75.37,72.56,0.28,2.53
2025-03-24T10:35:00-04:00,2025-03-24 14:35:00+00:00,2025-03-24T10:40:00-04:00,2025-03-24 14:40:00+00:00,AECO,REAL_TIME_5_MIN,51291,AECO,ZONE,37.41,35.13999999999999,0.92,1.35
2025-03-24T10:40:00-04:00,2025-03-24 14:40:00+00:00,2025-03-24T10:45:00-04:00,2025-03-24 14:45:00+00:00,AECO,REAL_TIME_5_MIN,51291,AECO,ZONE,44.77,41.59,1.51,1.67
2025-03-24T10:45:00-04:00,2025-03-24 14:45:00+00:00,2025-03-24T10:50:00-04:00,2025-03-24 14:50:00+00:00,AECO,REAL_TIME_5_MIN,51291,AECO,ZONE,42.6,40.88,0.06,1.66
2025-03-24T10:50:00-04:00,2025-03-24 14:50:00+00:00,2025-03-24T10:55:00-04:00,2025-03-24 14:55:00+00:00,AECO,REAL_TIME_5_MIN,51291,AECO,ZONE,60.85,37.1,22.23,1.52
2025-03-24T10:55:00-04:00,2025-03-24 14:55:00+00:00,2025-03-24T11:00:00-04:00,2025-03-24 15:00:00+00:00,AECO,REAL_TIME_5_MIN,51291,AECO,ZONE,109.11,73.78,32.23,3.1
2025-03-24T11:00:00-04:00,2025-03-24 15:00:00+00:00,2025-03-24T11:05:00-04:00,2025-03-24 15:05:00+00:00,AECO,REAL_TIME_5_MIN,51291,AECO,ZONE,75.16,67.35,5.0,2.81
2025-03-24T11:05:00-04:00,2025-03-24 15:05:00+00:00,2025-03-24T11:10:00-04:00,2025-03-24 15:10:00+00:00,AECO,REAL_TIME_5_MIN,51291,AECO,ZONE,102.28,69.75999999999999,29.87,2.65
2025-03-24T11:10:00-04:00,2025-03-24 15:10:00+00:00,2025-03-24T11:15:00-04:00,2025-03-24 15:15:00+00:00,AECO,REAL_TIME_5_MIN,51291,AECO,ZONE,118.72,83.41,32.45,2.86
2025-03-24T11:15:00-04:00,2025-03-24 15:15:00+00:00,2025-03-24T11:20:00-04:00,2025-03-24 15:20:00+00:00,AECO,REAL_TIME_5_MIN,51291,AECO,ZONE,138.77,95.00000000000001,40.29,3.48
2025-03-24T11:20:00-04:00,2025-03-24 15:20:00+00:00,2025-03-24T11:25:00-04:00,2025-03-24 15:25:00+00:00,AECO,REAL_TIME_5_MIN,51291,AECO,ZONE,137.54,100.28999999999999,33.55,3.7
2025-03-24T11:25:00-04:00,2025-03-24 15:25:00+00:00,2025-03-24T11:30:00-04:00,2025-03-24 15:30:00+00:00,AECO,REAL_TIME_5_MIN,51291,AECO,ZONE,352.81,301.24,41.26,10.31
2025-03-24T11:30:00-04:00,2025-03-24 15:30:00+00:00,2025-03-24T11:35:00-04:00,2025-03-24 15:35:00+00:00,AECO,REAL_TIME_5_MIN,51291,AECO,ZONE,124.2,87.67,33.31,3.22
2025-03-24T11:35:00-04:00,2025-03-24 15:35:00+00:00,2025-03-24T11:40:00-04:00,2025-03-24 15:40:00+00:00,AECO,REAL_TIME_5_MIN,51291,AECO,ZONE,59.91,27.99,30.9,1.02
2025-03-24T11:40:00-04:00,2025-03-24 15:40:00+00:00,2025-03-24T11:45:00-04:00,2025-03-24 15:45:00+00:00,AECO,REAL_TIME_5_MIN,51291,AECO,ZONE,99.14,64.35,32.34,2.45
2025-03-24T11:45:00-04:00,2025-03-24 15:45:00+00:00,2025-03-24T11:50:00-04:00,2025-03-24 15:50:00+00:00,AECO,REAL_TIME_5_MIN,51291,AECO,ZONE,142.79,97.61999999999999,41.64,3.53
2025-03-24T11:50:00-04:00,2025-03-24 15:50:00+00:00,2025-03-24T11:55:00-04:00,2025-03-24 15:55:00+00:00,AECO,REAL_TIME_5_MIN,51291,AECO,ZONE,142.19,96.89,41.59,3.71
2025-03-24T11:55:00-04:00,2025-03-24 15:55:00+00:00,2025-03-24T12:00:00-04:00,2025-03-24 16:00:00+00:00,AECO,REAL_TIME_5_MIN,51291,AECO,ZONE,137.77,95.53000000000002,38.75,3.49
2025-03-24T12:00:00-04:00,2025-03-24 16:00:00+00:00,2025-03-24T12:05:00-04:00,2025-03-24 16:05:00+00:00,AECO,REAL_TIME_5_MIN,51291,AECO,ZONE,116.52,83.84,29.74,2.94
2025-03-24T12:05:00-04:00,2025-03-24 16:05:00+00:00,2025-03-24T12:10:00-04:00,2025-03-24 16:10:00+00:00,AECO,REAL_TIME_5_MIN,51291,AECO,ZONE,209.08,162.47000000000003,41.04,5.57
2025-03-24T12:10:00-04:00,2025-03-24 16:10:00+00:00,2025-03-24T12:15:00-04:00,2025-03-24 16:15:00+00:00,AECO,REAL_TIME_5_MIN,51291,AECO,ZONE,129.0,91.53,34.33,3.14
2025-03-24T12:15:00-04:00,2025-03-24 16:15:00+00:00,2025-03-24T12:20:00-04:00,2025-03-24 16:20:00+00:00,AECO,REAL_TIME_5_MIN,51291,AECO,ZONE,141.51,103.9,34.04,3.57
2025-03-24T12:20:00-04:00,2025-03-24 16:20:00+00:00,2025-03-24T12:25:00-04:00,2025-03-24 16:25:00+00:00,AECO,REAL_TIME_5_MIN,51291,AECO,ZONE,108.61,76.14,29.69,2.78
2025-03-24T12:25:00-04:00,2025-03-24 16:25:00+00:00,2025-03-24T12:30:00-04:00,2025-03-24 16:30:00+00:00,AECO,REAL_TIME_5_MIN,51291,AECO,ZONE,94.59,71.09,21.01,2.49
2025-03-24T12:30:00-04:00,2025-03-24 16:30:00+00:00,2025-03-24T12:35:00-04:00,2025-03-24 16:35:00+00:00,AECO,REAL_TIME_5_MIN,51291,AECO,ZONE,73.8,54.099999999999994,17.89,1.81
2025-03-24T12:35:00-04:00,2025-03-24 16:35:00+00:00,2025-03-24T12:40:00-04:00,2025-03-24 16:40:00+00:00,AECO,REAL_TIME_5_MIN,51291,AECO,ZONE,73.34,64.11000000000001,7.21,2.02
2025-03-24T12:40:00-04:00,2025-03-24 16:40:00+00:00,2025-03-24T12:45:00-04:00,2025-03-24 16:45:00+00:00,AECO,REAL_TIME_5_MIN,51291,AECO,ZONE,118.04,86.46,28.54,3.04
2025-03-24T12:45:00-04:00,2025-03-24 16:45:00+00:00,2025-03-24T12:50:00-04:00,2025-03-24 16:50:00+00:00,AECO,REAL_TIME_5_MIN,51291,AECO,ZONE,129.03,94.78,30.91,3.34
2025-03-24T12:50:00-04:00,2025-03-24 16:50:00+00:00,2025-03-24T12:55:00-04:00,2025-03-24 16:55:00+00:00,AECO,REAL_TIME_5_MIN,51291,AECO,ZONE,106.31,78.65,25.09,2.57
2025-03-24T12:55:00-04:00,2025-03-24 16:55:00+00:00,2025-03-24T13:00:00-04:00,2025-03-24 17:00:00+00:00,AECO,REAL_TIME_5_MIN,51291,AECO,ZONE,130.21,94.81,32.14,3.26
2025-03-24T13:00:00-04:00,2025-03-24 17:00:00+00:00,2025-03-24T13:05:00-04:00,2025-03-24 17:05:00+00:00,AECO,REAL_TIME_5_MIN,51291,AECO,ZONE,75.59,55.73,17.84,2.02
2025-03-24T13:05:00-04:00,2025-03-24 17:05:00+00:00,2025-03-24T13:10:00-04:00,2025-03-24 17:10:00+00:00,AECO,REAL_TIME_5_MIN,51291,AECO,ZONE,108.63,71.53999999999999,34.65,2.44
2025-03-24T13:10:00-04:00,2025-03-24 17:10:00+00:00,2025-03-24T13:15:00-04:00,2025-03-24 17:15:00+00:00,AECO,REAL_TIME_5_MIN,51291,AECO,ZONE,75.0,52.129999999999995,21.1,1.77
2025-03-24T13:15:00-04:00,2025-03-24 17:15:00+00:00,2025-03-24T13:20:00-04:00,2025-03-24 17:20:00+00:00,AECO,REAL_TIME_5_MIN,51291,AECO,ZONE,76.26,50.99000000000001,23.52,1.75
2025-03-24T13:20:00-04:00,2025-03-24 17:20:00+00:00,2025-03-24T13:25:00-04:00,2025-03-24 17:25:00+00:00,AECO,REAL_TIME_5_MIN,51291,AECO,ZONE,221.07,161.20000000000002,54.7,5.17
2025-03-24T13:25:00-04:00,2025-03-24 17:25:00+00:00,2025-03-24T13:30:00-04:00,2025-03-24 17:30:00+00:00,AECO,REAL_TIME_5_MIN,51291,AECO,ZONE,99.32,65.63,31.64,2.05
2025-03-24T13:30:00-04:00,2025-03-24 17:30:00+00:00,2025-03-24T13:35:00-04:00,2025-03-24 17:35:00+00:00,AECO,REAL_TIME_5_MIN,51291,AECO,ZONE,76.79,68.54,6.1,2.15
2025-03-24T13:35:00-04:00,2025-03-24 17:35:00+00:00,2025-03-24T13:40:00-04:00,2025-03-24 17:40:00+00:00,AECO,REAL_TIME_5_MIN,51291,AECO,ZONE,61.56,50.83,9.03,1.7
2025-03-24T13:40:00-04:00,2025-03-24 17:40:00+00:00,2025-03-24T13:45:00-04:00,2025-03-24 17:45:00+00:00,AECO,REAL_TIME_5_MIN,51291,AECO,ZONE,52.47,42.14,8.89,1.44
2025-03-24T13:45:00-04:00,2025-03-24 17:45:00+00:00,2025-03-24T13:50:00-04:00,2025-03-24 17:50:00+00:00,AECO,REAL_TIME_5_MIN,51291,AECO,ZONE,69.39,54.82,12.65,1.92
2025-03-24T13:50:00-04:00,2025-03-24 17:50:00+00:00,2025-03-24T13:55:00-04:00,2025-03-24 17:55:00+00:00,AECO,REAL_TIME_5_MIN,51291,AECO,ZONE,69.66,61.96,5.47,2.23
2025-03-24T13:55:00-04:00,2025-03-24 17:55:00+00:00,2025-03-24T14:00:00-04:00,2025-03-24 18:00:00+00:00,AECO,REAL_TIME_5_MIN,51291,AECO,ZONE,39.73,36.599999999999994,1.81,1.32
2025-03-24T14:00:00-04:00,2025-03-24 18:00:00+00:00,2025-03-24T14:05:00-04:00,2025-03-24 18:05:00+00:00,AECO,REAL_TIME_5_MIN,51291,AECO,ZONE,42.2,39.56000000000001,1.23,1.41
2025-03-24T14:05:00-04:00,2025-03-24 18:05:00+00:00,2025-03-24T14:10:00-04:00,2025-03-24 18:10:00+00:00,AECO,REAL_TIME_5_MIN,51291,AECO,ZONE,57.26,47.29,8.09,1.88
2025-03-24T14:10:00-04:00,2025-03-24 18:10:00+00:00,2025-03-24T14:15:00-04:00,2025-03-24 18:15:00+00:00,AECO,REAL_TIME_5_MIN,51291,AECO,ZONE,60.68,52.1,6.51,2.07
2025-03-24T14:15:00-04:00,2025-03-24 18:15:00+00:00,2025-03-24T14:20:00-04:00,2025-03-24 18:20:00+00:00,AECO,REAL_TIME_5_MIN,51291,AECO,ZONE,62.26,57.559999999999995,2.67,2.03
2025-03-24T14:20:00-04:00,2025-03-24 18:20:00+00:00,2025-03-24T14:25:00-04:00,2025-03-24 18:25:00+00:00,AECO,REAL_TIME_5_MIN,51291,AECO,ZONE,46.68,41.510000000000005,3.84,1.33
2025-03-24T14:25:00-04:00,2025-03-24 18:25:00+00:00,2025-03-24T14:30:00-04:00,2025-03-24 18:30:00+00:00,AECO,REAL_TIME_5_MIN,51291,AECO,ZONE,43.62,39.73,2.56,1.33
2025-03-24T14:30:00-04:00,2025-03-24 18:30:00+00:00,2025-03-24T14:35:00-04:00,2025-03-24 18:35:00+00:00,AECO,REAL_TIME_5_MIN,51291,AECO,ZONE,39.46,33.51,4.78,1.17
2025-03-24T14:35:00-04:00,2025-03-24 18:35:00+00:00,2025-03-24T14:40:00-04:00,2025-03-24 18:40:00+00:00,AECO,REAL_TIME_5_MIN,51291,AECO,ZONE,35.38,29.48,4.78,1.12
2025-03-24T14:40:00-04:00,2025-03-24 18:40:00+00:00,2025-03-24T14:45:00-04:00,2025-03-24 18:45:00+00:00,AECO,REAL_TIME_5_MIN,51291,AECO,ZONE,42.16,38.669999999999995,2.02,1.47
2025-03-24T14:45:00-04:00,2025-03-24 18:45:00+00:00,2025-03-24T14:50:00-04:00,2025-03-24 18:50:00+00:00,AECO,REAL_TIME_5_MIN,51291,AECO,ZONE,37.06,35.19,0.53,1.34
2025-03-24T14:50:00-04:00,2025-03-24 18:50:00+00:00,2025-03-24T14:55:00-04:00,2025-03-24 18:55:00+00:00,AECO,REAL_TIME_5_MIN,51291,AECO,ZONE,32.08,28.3,2.72,1.06
2025-03-24T14:55:00-04:00,2025-03-24 18:55:00+00:00,2025-03-24T15:00:00-04:00,2025-03-24 19:00:00+00:00,AECO,REAL_TIME_5_MIN,51291,AECO,ZONE,36.24,33.330000000000005,1.66,1.25
2025-03-24T15:00:00-04:00,2025-03-24 19:00:00+00:00,2025-03-24T15:05:00-04:00,2025-03-24 19:05:00+00:00,AECO,REAL_TIME_5_MIN,51291,AECO,ZONE,34.06,29.440000000000005,3.38,1.24
2025-03-24T15:05:00-04:00,2025-03-24 19:05:00+00:00,2025-03-24T15:10:00-04:00,2025-03-24 19:10:00+00:00,AECO,REAL_TIME_5_MIN,51291,AECO,ZONE,40.44,34.559999999999995,4.38,1.5
2025-03-24T15:10:00-04:00,2025-03-24 19:10:00+00:00,2025-03-24T15:15:00-04:00,2025-03-24 19:15:00+00:00,AECO,REAL_TIME_5_MIN,51291,AECO,ZONE,35.17,27.71,6.32,1.14
2025-03-24T15:15:00-04:00,2025-03-24 19:15:00+00:00,2025-03-24T15:20:00-04:00,2025-03-24 19:20:00+00:00,AECO,REAL_TIME_5_MIN,51291,AECO,ZONE,30.94,28.730000000000004,1.13,1.08
2025-03-24T15:20:00-04:00,2025-03-24 19:20:00+00:00,2025-03-24T15:25:00-04:00,2025-03-24 19:25:00+00:00,AECO,REAL_TIME_5_MIN,51291,AECO,ZONE,48.33,44.46,2.15,1.72
2025-03-24T15:25:00-04:00,2025-03-24 19:25:00+00:00,2025-03-24T15:30:00-04:00,2025-03-24 19:30:00+00:00,AECO,REAL_TIME_5_MIN,51291,AECO,ZONE,40.08,35.91,2.82,1.35
2025-03-24T15:30:00-04:00,2025-03-24 19:30:00+00:00,2025-03-24T15:35:00-04:00,2025-03-24 19:35:00+00:00,AECO,REAL_TIME_5_MIN,51291,AECO,ZONE,32.38,30.18,1.01,1.19
2025-03-24T15:35:00-04:00,2025-03-24 19:35:00+00:00,2025-03-24T15:40:00-04:00,2025-03-24 19:40:00+00:00,AECO,REAL_TIME_5_MIN,51291,AECO,ZONE,36.09,31.53,3.31,1.25
2025-03-24T15:40:00-04:00,2025-03-24 19:40:00+00:00,2025-03-24T15:45:00-04:00,2025-03-24 19:45:00+00:00,AECO,REAL_TIME_5_MIN,51291,AECO,ZONE,44.63,40.14,2.91,1.58
2025-03-24T15:45:00-04:00,2025-03-24 19:45:00+00:00,2025-03-24T15:50:00-04:00,2025-03-24 19:50:00+00:00,AECO,REAL_TIME_5_MIN,51291,AECO,ZONE,38.89,35.51,1.96,1.42
2025-03-24T15:50:00-04:00,2025-03-24 19:50:00+00:00,2025-03-24T15:55:00-04:00,2025-03-24 19:55:00+00:00,AECO,REAL_TIME_5_MIN,51291,AECO,ZONE,34.08,31.7,1.11,1.27
2025-03-24T15:55:00-04:00,2025-03-24 19:55:00+00:00,2025-03-24T16:00:00-04:00,2025-03-24 20:00:00+00:00,AECO,REAL_TIME_5_MIN,51291,AECO,ZONE,41.66,28.769999999999996,11.64,1.25
2025-03-24T16:00:00-04:00,2025-03-24 20:00:00+00:00,2025-03-24T16:05:00-04:00,2025-03-24 20:05:00+00:00,AECO,REAL_TIME_5_MIN,51291,AECO,ZONE,32.02,22.650000000000006,8.33,1.04
2025-03-24T16:05:00-04:00,2025-03-24 20:05:00+00:00,2025-03-24T16:10:00-04:00,2025-03-24 20:10:00+00:00,AECO,REAL_TIME_5_MIN,51291,AECO,ZONE,36.01,26.749999999999996,8.1,1.16
2025-03-24T16:10:00-04:00,2025-03-24 20:10:00+00:00,2025-03-24T16:15:00-04:00,2025-03-24 20:15:00+00:00,AECO,REAL_TIME_5_MIN,51291,AECO,ZONE,33.08,24.159999999999997,7.98,0.94
2025-03-24T16:15:00-04:00,2025-03-24 20:15:00+00:00,2025-03-24T16:20:00-04:00,2025-03-24 20:20:00+00:00,AECO,REAL_TIME_5_MIN,51291,AECO,ZONE,23.63,22.7,0.0,0.93
2025-03-24T16:20:00-04:00,2025-03-24 20:20:00+00:00,2025-03-24T16:25:00-04:00,2025-03-24 20:25:00+00:00,AECO,REAL_TIME_5_MIN,51291,AECO,ZONE,28.26,27.200000000000003,0.0,1.06
2025-03-24T16:25:00-04:00,2025-03-24 20:25:00+00:00,2025-03-24T16:30:00-04:00,2025-03-24 20:30:00+00:00,AECO,REAL_TIME_5_MIN,51291,AECO,ZONE,25.42,24.270000000000003,0.06,1.09
2025-03-24T16:30:00-04:00,2025-03-24 20:30:00+00:00,2025-03-24T16:35:00-04:00,2025-03-24 20:35:00+00:00,AECO,REAL_TIME_5_MIN,51291,AECO,ZONE,31.82,28.24,2.21,1.37
2025-03-24T16:35:00-04:00,2025-03-24 20:35:00+00:00,2025-03-24T16:40:00-04:00,2025-03-24 20:40:00+00:00,AECO,REAL_TIME_5_MIN,51291,AECO,ZONE,29.81,28.389999999999997,-0.02,1.44
2025-03-24T16:40:00-04:00,2025-03-24 20:40:00+00:00,2025-03-24T16:45:00-04:00,2025-03-24 20:45:00+00:00,AECO,REAL_TIME_5_MIN,51291,AECO,ZONE,29.58,27.27,1.09,1.22
2025-03-24T16:45:00-04:00,2025-03-24 20:45:00+00:00,2025-03-24T16:50:00-04:00,2025-03-24 20:50:00+00:00,AECO,REAL_TIME_5_MIN,51291,AECO,ZONE,28.51,26.78,0.61,1.12
2025-03-24T16:50:00-04:00,2025-03-24 20:50:00+00:00,2025-03-24T16:55:00-04:00,2025-03-24 20:55:00+00:00,AECO,REAL_TIME_5_MIN,51291,AECO,ZONE,28.32,24.36,2.87,1.09
2025-03-24T16:55:00-04:00,2025-03-24 20:55:00+00:00,2025-03-24T17:00:00-04:00,2025-03-24 21:00:00+00:00,AECO,REAL_TIME_5_MIN,51291,AECO,ZONE,28.22,27.03,0.02,1.17
2025-03-24T17:00:00-04:00,2025-03-24 21:00:00+00:00,2025-03-24T17:05:00-04:00,2025-03-24 21:05:00+00:00,AECO,REAL_TIME_5_MIN,51291,AECO,ZONE,32.51,30.319999999999997,0.94,1.25
2025-03-24T17:05:00-04:00,2025-03-24 21:05:00+00:00,2025-03-24T17:10:00-04:00,2025-03-24 21:10:00+00:00,AECO,REAL_TIME_5_MIN,51291,AECO,ZONE,30.47,27.77,1.55,1.15
2025-03-24T17:10:00-04:00,2025-03-24 21:10:00+00:00,2025-03-24T17:15:00-04:00,2025-03-24 21:15:00+00:00,AECO,REAL_TIME_5_MIN,51291,AECO,ZONE,31.73,28.11,2.45,1.17
2025-03-24T17:15:00-04:00,2025-03-24 21:15:00+00:00,2025-03-24T17:20:00-04:00,2025-03-24 21:20:00+00:00,AECO,REAL_TIME_5_MIN,51291,AECO,ZONE,31.15,26.9,3.2,1.05
2025-03-24T17:20:00-04:00,2025-03-24 21:20:00+00:00,2025-03-24T17:25:00-04:00,2025-03-24 21:25:00+00:00,AECO,REAL_TIME_5_MIN,51291,AECO,ZONE,34.01,27.309999999999995,5.62,1.08
2025-03-24T17:25:00-04:00,2025-03-24 21:25:00+00:00,2025-03-24T17:30:00-04:00,2025-03-24 21:30:00+00:00,AECO,REAL_TIME_5_MIN,51291,AECO,ZONE,28.42,26.830000000000002,0.63,0.96
2025-03-24T17:30:00-04:00,2025-03-24 21:30:00+00:00,2025-03-24T17:35:00-04:00,2025-03-24 21:35:00+00:00,AECO,REAL_TIME_5_MIN,51291,AECO,ZONE,28.21,27.55,-0.34,1.0
2025-03-24T17:35:00-04:00,2025-03-24 21:35:00+00:00,2025-03-24T17:40:00-04:00,2025-03-24 21:40:00+00:00,AECO,REAL_TIME_5_MIN,51291,AECO,ZONE,29.44,29.47,-1.06,1.03
2025-03-24T17:40:00-04:00,2025-03-24 21:40:00+00:00,2025-03-24T17:45:00-04:00,2025-03-24 21:45:00+00:00,AECO,REAL_TIME_5_MIN,51291,AECO,ZONE,36.94,39.37,-3.94,1.51
2025-03-24T17:45:00-04:00,2025-03-24 21:45:00+00:00,2025-03-24T17:50:00-04:00,2025-03-24 21:50:00+00:00,AECO,REAL_TIME_5_MIN,51291,AECO,ZONE,26.08,27.15,-2.05,0.98
2025-03-24T17:50:00-04:00,2025-03-24 21:50:00+00:00,2025-03-24T17:55:00-04:00,2025-03-24 21:55:00+00:00,AECO,REAL_TIME_5_MIN,51291,AECO,ZONE,28.62,30.970000000000002,-3.48,1.13
2025-03-24T17:55:00-04:00,2025-03-24 21:55:00+00:00,2025-03-24T18:00:00-04:00,2025-03-24 22:00:00+00:00,AECO,REAL_TIME_5_MIN,51291,AECO,ZONE,28.83,29.79,-2.07,1.11
2025-03-24T18:00:00-04:00,2025-03-24 22:00:00+00:00,2025-03-24T18:05:00-04:00,2025-03-24 22:05:00+00:00,AECO,REAL_TIME_5_MIN,51291,AECO,ZONE,26.15,24.109999999999996,1.12,0.92
2025-03-24T18:05:00-04:00,2025-03-24 22:05:00+00:00,2025-03-24T18:10:00-04:00,2025-03-24 22:10:00+00:00,AECO,REAL_TIME_5_MIN,51291,AECO,ZONE,26.82,26.1,-0.23,0.95
2025-03-24T18:10:00-04:00,2025-03-24 22:10:00+00:00,2025-03-24T18:15:00-04:00,2025-03-24 22:15:00+00:00,AECO,REAL_TIME_5_MIN,51291,AECO,ZONE,26.83,31.79,-6.11,1.15
2025-03-24T18:15:00-04:00,2025-03-24 22:15:00+00:00,2025-03-24T18:20:00-04:00,2025-03-24 22:20:00+00:00,AECO,REAL_TIME_5_MIN,51291,AECO,ZONE,25.17,26.7,-2.45,0.92
2025-03-24T18:20:00-04:00,2025-03-24 22:20:00+00:00,2025-03-24T18:25:00-04:00,2025-03-24 22:25:00+00:00,AECO,REAL_TIME_5_MIN,51291,AECO,ZONE,24.45,24.72,-1.16,0.89
2025-03-24T18:25:00-04:00,2025-03-24 22:25:00+00:00,2025-03-24T18:30:00-04:00,2025-03-24 22:30:00+00:00,AECO,REAL_TIME_5_MIN,51291,AECO,ZONE,25.02,26.04,-1.98,0.96
2025-03-24T18:30:00-04:00,2025-03-24 22:30:00+00:00,2025-03-24T18:35:00-04:00,2025-03-24 22:35:00+00:00,AECO,REAL_TIME_5_MIN,51291,AECO,ZONE,29.31,36.42999999999999,-8.46,1.34
2025-03-24T18:35:00-04:00,2025-03-24 22:35:00+00:00,2025-03-24T18:40:00-04:00,2025-03-24 22:40:00+00:00,AECO,REAL_TIME_5_MIN,51291,AECO,ZONE,22.8,25.03,-3.08,0.85
2025-03-24T18:40:00-04:00,2025-03-24 22:40:00+00:00,2025-03-24T18:45:00-04:00,2025-03-24 22:45:00+00:00,AECO,REAL_TIME_5_MIN,51291,AECO,ZONE,28.33,39.199999999999996,-12.21,1.34
2025-03-24T18:45:00-04:00,2025-03-24 22:45:00+00:00,2025-03-24T18:50:00-04:00,2025-03-24 22:50:00+00:00,AECO,REAL_TIME_5_MIN,51291,AECO,ZONE,32.46,39.21,-8.15,1.4
2025-03-24T18:50:00-04:00,2025-03-24 22:50:00+00:00,2025-03-24T18:55:00-04:00,2025-03-24 22:55:00+00:00,AECO,REAL_TIME_5_MIN,51291,AECO,ZONE,29.28,38.32,-10.42,1.38
2025-03-24T18:55:00-04:00,2025-03-24 22:55:00+00:00,2025-03-24T19:00:00-04:00,2025-03-24 23:00:00+00:00,AECO,REAL_TIME_5_MIN,51291,AECO,ZONE,27.75,34.260000000000005,-7.7,1.19
2025-03-24T19:00:00-04:00,2025-03-24 23:00:00+00:00,2025-03-24T19:05:00-04:00,2025-03-24 23:05:00+00:00,AECO,REAL_TIME_5_MIN,51291,AECO,ZONE,36.78,39.67,-4.25,1.36
2025-03-24T19:05:00-04:00,2025-03-24 23:05:00+00:00,2025-03-24T19:10:00-04:00,2025-03-24 23:10:00+00:00,AECO,REAL_TIME_5_MIN,51291,AECO,ZONE,31.97,78.46,-49.19,2.7
2025-03-24T19:10:00-04:00,2025-03-24 23:10:00+00:00,2025-03-24T19:15:00-04:00,2025-03-24 23:15:00+00:00,AECO,REAL_TIME_5_MIN,51291,AECO,ZONE,32.05,80.1,-50.52,2.47
2025-03-24T19:15:00-04:00,2025-03-24 23:15:00+00:00,2025-03-24T19:20:00-04:00,2025-03-24 23:20:00+00:00,AECO,REAL_TIME_5_MIN,51291,AECO,ZONE,30.29,33.989999999999995,-4.84,1.14
2025-03-24T19:20:00-04:00,2025-03-24 23:20:00+00:00,2025-03-24T19:25:00-04:00,2025-03-24 23:25:00+00:00,AECO,REAL_TIME_5_MIN,51291,AECO,ZONE,27.98,31.789999999999996,-4.93,1.12
2025-03-24T19:25:00-04:00,2025-03-24 23:25:00+00:00,2025-03-24T19:30:00-04:00,2025-03-24 23:30:00+00:00,AECO,REAL_TIME_5_MIN,51291,AECO,ZONE,30.1,34.660000000000004,-5.79,1.23
2025-03-24T19:30:00-04:00,2025-03-24 23:30:00+00:00,2025-03-24T19:35:00-04:00,2025-03-24 23:35:00+00:00,AECO,REAL_TIME_5_MIN,51291,AECO,ZONE,28.44,28.53,-1.13,1.04
2025-03-24T19:35:00-04:00,2025-03-24 23:35:00+00:00,2025-03-24T19:40:00-04:00,2025-03-24 23:40:00+00:00,AECO,REAL_TIME_5_MIN,51291,AECO,ZONE,37.04,36.19,-0.49,1.34
2025-03-24T19:40:00-04:00,2025-03-24 23:40:00+00:00,2025-03-24T19:45:00-04:00,2025-03-24 23:45:00+00:00,AECO,REAL_TIME_5_MIN,51291,AECO,ZONE,39.03,38.53,-0.92,1.42
2025-03-24T19:45:00-04:00,2025-03-24 23:45:00+00:00,2025-03-24T19:50:00-04:00,2025-03-24 23:50:00+00:00,AECO,REAL_TIME_5_MIN,51291,AECO,ZONE,47.54,61.56999999999999,-16.12,2.09
2025-03-24T19:50:00-04:00,2025-03-24 23:50:00+00:00,2025-03-24T19:55:00-04:00,2025-03-24 23:55:00+00:00,AECO,REAL_TIME_5_MIN,51291,AECO,ZONE,129.74,138.47,-13.2,4.47
2025-03-24T19:55:00-04:00,2025-03-24 23:55:00+00:00,2025-03-24T20:00:00-04:00,2025-03-25 00:00:00+00:00,AECO,REAL_TIME_5_MIN,51291,AECO,ZONE,121.46,135.43,-18.1,4.13
2025-03-24T20:00:00-04:00,2025-03-25 00:00:00+00:00,2025-03-24T20:05:00-04:00,2025-03-25 00:05:00+00:00,AECO,REAL_TIME_5_MIN,51291,AECO,ZONE,66.54,79.27000000000001,-15.2,2.47
2025-03-24T20:05:00-04:00,2025-03-25 00:05:00+00:00,2025-03-24T20:10:00-04:00,2025-03-25 00:10:00+00:00,AECO,REAL_TIME_5_MIN,51291,AECO,ZONE,36.22,38.3,-3.29,1.21
2025-03-24T20:10:00-04:00,2025-03-25 00:10:00+00:00,2025-03-24T20:15:00-04:00,2025-03-25 00:15:00+00:00,AECO,REAL_TIME_5_MIN,51291,AECO,ZONE,61.25,95.75,-37.39,2.89
2025-03-24T20:15:00-04:00,2025-03-25 00:15:00+00:00,2025-03-24T20:20:00-04:00,2025-03-25 00:20:00+00:00,AECO,REAL_TIME_5_MIN,51291,AECO,ZONE,44.75,51.470000000000006,-8.13,1.41
2025-03-24T20:20:00-04:00,2025-03-25 00:20:00+00:00,2025-03-24T20:25:00-04:00,2025-03-25 00:25:00+00:00,AECO,REAL_TIME_5_MIN,51291,AECO,ZONE,44.61,73.96000000000001,-31.26,1.91
2025-03-24T20:25:00-04:00,2025-03-25 00:25:00+00:00,2025-03-24T20:30:00-04:00,2025-03-25 00:30:00+00:00,AECO,REAL_TIME_5_MIN,51291,AECO,ZONE,55.75,65.19,-10.86,1.42
2025-03-24T20:30:00-04:00,2025-03-25 00:30:00+00:00,2025-03-24T20:35:00-04:00,2025-03-25 00:35:00+00:00,AECO,REAL_TIME_5_MIN,51291,AECO,ZONE,38.97,61.58,-23.89,1.28
2025-03-24T20:35:00-04:00,2025-03-25 00:35:00+00:00,2025-03-24T20:40:00-04:00,2025-03-25 00:40:00+00:00,AECO,REAL_TIME_5_MIN,51291,AECO,ZONE,52.44,94.82000000000001,-44.18,1.8
2025-03-24T20:40:00-04:00,2025-03-25 00:40:00+00:00,2025-03-24T20:45:00-04:00,2025-03-25 00:45:00+00:00,AECO,REAL_TIME_5_MIN,51291,AECO,ZONE,36.72,51.739999999999995,-16.11,1.09
2025-03-24T20:45:00-04:00,2025-03-25 00:45:00+00:00,2025-03-24T20:50:00-04:00,2025-03-25 00:50:00+00:00,AECO,REAL_TIME_5_MIN,51291,AECO,ZONE,44.03,58.64,-15.93,1.32
2025-03-24T20:50:00-04:00,2025-03-25 00:50:00+00:00,2025-03-24T20:55:00-04:00,2025-03-25 00:55:00+00:00,AECO,REAL_TIME_5_MIN,51291,AECO,ZONE,56.27,96.69000000000001,-42.69,2.27
2025-03-24T20:55:00-04:00,2025-03-25 00:55:00+00:00,2025-03-24T21:00:00-04:00,2025-03-25 01:00:00+00:00,AECO,REAL_TIME_5_MIN,51291,AECO,ZONE,39.84,40.18,-1.29,0.95
2025-03-24T21:00:00-04:00,2025-03-25 01:00:00+00:00,2025-03-24T21:05:00-04:00,2025-03-25 01:05:00+00:00,AECO,REAL_TIME_5_MIN,51291,AECO,ZONE,46.93,94.05000000000001,-49.31,2.19
2025-03-24T21:05:00-04:00,2025-03-25 01:05:00+00:00,2025-03-24T21:10:00-04:00,2025-03-25 01:10:00+00:00,AECO,REAL_TIME_5_MIN,51291,AECO,ZONE,53.47,95.91999999999999,-44.51,2.06
2025-03-24T21:10:00-04:00,2025-03-25 01:10:00+00:00,2025-03-24T21:15:00-04:00,2025-03-25 01:15:00+00:00,AECO,REAL_TIME_5_MIN,51291,AECO,ZONE,52.5,98.3,-47.81,2.01
2025-03-24T21:15:00-04:00,2025-03-25 01:15:00+00:00,2025-03-24T21:20:00-04:00,2025-03-25 01:20:00+00:00,AECO,REAL_TIME_5_MIN,51291,AECO,ZONE,36.6,51.68000000000001,-16.19,1.11
2025-03-24T21:20:00-04:00,2025-03-25 01:20:00+00:00,2025-03-24T21:25:00-04:00,2025-03-25 01:25:00+00:00,AECO,REAL_TIME_5_MIN,51291,AECO,ZONE,42.38,46.36,-4.98,1.0
2025-03-24T21:25:00-04:00,2025-03-25 01:25:00+00:00,2025-03-24T21:30:00-04:00,2025-03-25 01:30:00+00:00,AECO,REAL_TIME_5_MIN,51291,AECO,ZONE,54.92,63.25,-9.66,1.33
2025-03-24T21:30:00-04:00,2025-03-25 01:30:00+00:00,2025-03-24T21:35:00-04:00,2025-03-25 01:35:00+00:00,AECO,REAL_TIME_5_MIN,51291,AECO,ZONE,44.54,47.160000000000004,-3.52,0.9
2025-03-24T21:35:00-04:00,2025-03-25 01:35:00+00:00,2025-03-24T21:40:00-04:00,2025-03-25 01:40:00+00:00,AECO,REAL_TIME_5_MIN,51291,AECO,ZONE,46.62,65.42,-19.91,1.11
2025-03-24T21:40:00-04:00,2025-03-25 01:40:00+00:00,2025-03-24T21:45:00-04:00,2025-03-25 01:45:00+00:00,AECO,REAL_TIME_5_MIN,51291,AECO,ZONE,46.37,55.5,-10.03,0.9
2025-03-24T21:45:00-04:00,2025-03-25 01:45:00+00:00,2025-03-24T21:50:00-04:00,2025-03-25 01:50:00+00:00,AECO,REAL_TIME_5_MIN,51291,AECO,ZONE,37.98,51.239999999999995,-14.18,0.92
2025-03-24T21:50:00-04:00,2025-03-25 01:50:00+00:00,2025-03-24T21:55:00-04:00,2025-03-25 01:55:00+00:00,AECO,REAL_TIME_5_MIN,51291,AECO,ZONE,33.87,42.94,-9.77,0.7
2025-03-24T21:55:00-04:00,2025-03-25 01:55:00+00:00,2025-03-24T22:00:00-04:00,2025-03-25 02:00:00+00:00,AECO,REAL_TIME_5_MIN,51291,AECO,ZONE,33.87,42.94,-9.77,0.7
2025-03-24T22:00:00-04:00,2025-03-25 02:00:00+00:00,2025-03-24T22:05:00-04:00,2025-03-25 02:05:00+00:00,AECO,REAL_TIME_5_MIN,51291,AECO,ZONE,43.68,54.300000000000004,-11.53,0.91
2025-03-24T22:05:00-04:00,2025-03-25 02:05:00+00:00,2025-03-24T22:10:00-04:00,2025-03-25 02:10:00+00:00,AECO,REAL_TIME_5_MIN,51291,AECO,ZONE,129.17,157.82,-31.52,2.87
2025-03-24T22:10:00-04:00,2025-03-25 02:10:00+00:00,2025-03-24T22:15:00-04:00,2025-03-25 02:15:00+00:00,AECO,REAL_TIME_5_MIN,51291,AECO,ZONE,125.23,212.82999999999998,-91.09,3.49
2025-03-24T22:15:00-04:00,2025-03-25 02:15:00+00:00,2025-03-24T22:20:00-04:00,2025-03-25 02:20:00+00:00,AECO,REAL_TIME_5_MIN,51291,AECO,ZONE,32.88,48.21,-16.06,0.73
2025-03-24T22:20:00-04:00,2025-03-25 02:20:00+00:00,2025-03-24T22:25:00-04:00,2025-03-25 02:25:00+00:00,AECO,REAL_TIME_5_MIN,51291,AECO,ZONE,35.58,50.25,-15.38,0.71
2025-03-24T22:25:00-04:00,2025-03-25 02:25:00+00:00,2025-03-24T22:30:00-04:00,2025-03-25 02:30:00+00:00,AECO,REAL_TIME_5_MIN,51291,AECO,ZONE,35.19,43.239999999999995,-8.66,0.61
2025-03-24T22:30:00-04:00,2025-03-25 02:30:00+00:00,2025-03-24T22:35:00-04:00,2025-03-25 02:35:00+00:00,AECO,REAL_TIME_5_MIN,51291,AECO,ZONE,28.26,37.36000000000001,-9.61,0.51
2025-03-24T22:35:00-04:00,2025-03-25 02:35:00+00:00,2025-03-24T22:40:00-04:00,2025-03-25 02:40:00+00:00,AECO,REAL_TIME_5_MIN,51291,AECO,ZONE,31.51,39.59,-8.59,0.51
2025-03-24T22:40:00-04:00,2025-03-25 02:40:00+00:00,2025-03-24T22:45:00-04:00,2025-03-25 02:45:00+00:00,AECO,REAL_TIME_5_MIN,51291,AECO,ZONE,25.67,28.73,-3.5,0.44
2025-03-24T22:45:00-04:00,2025-03-25 02:45:00+00:00,2025-03-24T22:50:00-04:00,2025-03-25 02:50:00+00:00,AECO,REAL_TIME_5_MIN,51291,AECO,ZONE,29.37,35.06,-6.38,0.69
2025-03-24T22:50:00-04:00,2025-03-25 02:50:00+00:00,2025-03-24T22:55:00-04:00,2025-03-25 02:55:00+00:00,AECO,REAL_TIME_5_MIN,51291,AECO,ZONE,28.97,28.88,-0.51,0.6
2025-03-24T22:55:00-04:00,2025-03-25 02:55:00+00:00,2025-03-24T23:00:00-04:00,2025-03-25 03:00:00+00:00,AECO,REAL_TIME_5_MIN,51291,AECO,ZONE,30.38,30.339999999999996,-0.56,0.6
2025-03-24T23:00:00-04:00,2025-03-25 03:00:00+00:00,2025-03-24T23:05:00-04:00,2025-03-25 03:05:00+00:00,AECO,REAL_TIME_5_MIN,51291,AECO,ZONE,27.78,28.44,-1.19,0.53
2025-03-24T23:05:00-04:00,2025-03-25 03:05:00+00:00,2025-03-24T23:10:00-04:00,2025-03-25 03:10:00+00:00,AECO,REAL_TIME_5_MIN,51291,AECO,ZONE,28.01,31.980000000000004,-4.5,0.53
2025-03-24T23:10:00-04:00,2025-03-25 03:10:00+00:00,2025-03-24T23:15:00-04:00,2025-03-25 03:15:00+00:00,AECO,REAL_TIME_5_MIN,51291,AECO,ZONE,27.54,28.97,-1.9,0.47
2025-03-24T23:15:00-04:00,2025-03-25 03:15:00+00:00,2025-03-24T23:20:00-04:00,2025-03-25 03:20:00+00:00,AECO,REAL_TIME_5_MIN,51291,AECO,ZONE,31.48,30.88,0.0,0.6
2025-03-24T23:20:00-04:00,2025-03-25 03:20:00+00:00,2025-03-24T23:25:00-04:00,2025-03-25 03:25:00+00:00,AECO,REAL_TIME_5_MIN,51291,AECO,ZONE,29.02,33.95,-5.58,0.65
2025-03-24T23:25:00-04:00,2025-03-25 03:25:00+00:00,2025-03-24T23:30:00-04:00,2025-03-25 03:30:00+00:00,AECO,REAL_TIME_5_MIN,51291,AECO,ZONE,27.26,28.39,-1.65,0.52
2025-03-24T23:30:00-04:00,2025-03-25 03:30:00+00:00,2025-03-24T23:35:00-04:00,2025-03-25 03:35:00+00:00,AECO,REAL_TIME_5_MIN,51291,AECO,ZONE,28.24,31.99,-4.34,0.59
2025-03-24T23:35:00-04:00,2025-03-25 03:35:00+00:00,2025-03-24T23:40:00-04:00,2025-03-25 03:40:00+00:00,AECO,REAL_TIME_5_MIN,51291,AECO,ZONE,28.0,27.79,-0.31,0.52
2025-03-24T23:40:00-04:00,2025-03-25 03:40:00+00:00,2025-03-24T23:45:00-04:00,2025-03-25 03:45:00+00:00,AECO,REAL_TIME_5_MIN,51291,AECO,ZONE,26.36,28.830000000000002,-2.99,0.52
2025-03-24T23:45:00-04:00,2025-03-25 03:45:00+00:00,2025-03-24T23:50:00-04:00,2025-03-25 03:50:00+00:00,AECO,REAL_TIME_5_MIN,51291,AECO,ZONE,27.45,28.7,-1.73,0.48
2025-03-24T23:50:00-04:00,2025-03-25 03:50:00+00:00,2025-03-24T23:55:00-04:00,2025-03-25 03:55:00+00:00,AECO,REAL_TIME_5_MIN,51291,AECO,ZONE,26.76,28.82,-2.57,0.51
2025-03-24T23:55:00-04:00,2025-03-25 03:55:00+00:00,2025-03-25T00:00:00-04:00,2025-03-25 04:00:00+00:00,AECO,REAL_TIME_5_MIN,51291,AECO,ZONE,26.34,31.32,-5.54,0.56
2025-03-25T00:00:00-04:00,2025-03-25 04:00:00+00:00,2025-03-25T00:05:00-04:00,2025-03-25 04:05:00+00:00,AECO,REAL_TIME_5_MIN,51291,AECO,ZONE,33.24,53.25000000000001,-20.91,0.9
2025-03-25T00:05:00-04:00,2025-03-25 04:05:00+00:00,2025-03-25T00:10:00-04:00,2025-03-25 04:10:00+00:00,AECO,REAL_TIME_5_MIN,51291,AECO,ZONE,26.84,52.34,-26.33,0.83
2025-03-25T00:10:00-04:00,2025-03-25 04:10:00+00:00,2025-03-25T00:15:00-04:00,2025-03-25 04:15:00+00:00,AECO,REAL_TIME_5_MIN,51291,AECO,ZONE,33.38,52.23,-19.48,0.63
2025-03-25T00:15:00-04:00,2025-03-25 04:15:00+00:00,2025-03-25T00:20:00-04:00,2025-03-25 04:20:00+00:00,AECO,REAL_TIME_5_MIN,51291,AECO,ZONE,27.56,30.499999999999996,-3.4,0.46
2025-03-25T00:20:00-04:00,2025-03-25 04:20:00+00:00,2025-03-25T00:25:00-04:00,2025-03-25 04:25:00+00:00,AECO,REAL_TIME_5_MIN,51291,AECO,ZONE,25.94,29.19,-3.66,0.41
2025-03-25T00:25:00-04:00,2025-03-25 04:25:00+00:00,2025-03-25T00:30:00-04:00,2025-03-25 04:30:00+00:00,AECO,REAL_TIME_5_MIN,51291,AECO,ZONE,25.28,32.330000000000005,-7.42,0.37
2025-03-25T00:30:00-04:00,2025-03-25 04:30:00+00:00,2025-03-25T00:35:00-04:00,2025-03-25 04:35:00+00:00,AECO,REAL_TIME_5_MIN,51291,AECO,ZONE,25.11,32.25,-7.51,0.37
2025-03-25T00:35:00-04:00,2025-03-25 04:35:00+00:00,2025-03-25T00:40:00-04:00,2025-03-25 04:40:00+00:00,AECO,REAL_TIME_5_MIN,51291,AECO,ZONE,26.29,32.1,-6.32,0.51
2025-03-25T00:40:00-04:00,2025-03-25 04:40:00+00:00,2025-03-25T00:45:00-04:00,2025-03-25 04:45:00+00:00,AECO,REAL_TIME_5_MIN,51291,AECO,ZONE,25.54,30.49,-5.41,0.46
2025-03-25T00:45:00-04:00,2025-03-25 04:45:00+00:00,2025-03-25T00:50:00-04:00,2025-03-25 04:50:00+00:00,AECO,REAL_TIME_5_MIN,51291,AECO,ZONE,26.11,32.05,-6.41,0.47
2025-03-25T00:50:00-04:00,2025-03-25 04:50:00+00:00,2025-03-25T00:55:00-04:00,2025-03-25 04:55:00+00:00,AECO,REAL_TIME_5_MIN,51291,AECO,ZONE,25.94,32.39,-6.9,0.45
2025-03-25T00:55:00-04:00,2025-03-25 04:55:00+00:00,2025-03-25T01:00:00-04:00,2025-03-25 05:00:00+00:00,AECO,REAL_TIME_5_MIN,51291,AECO,ZONE,27.02,32.11,-5.6,0.51
2025-03-25T01:00:00-04:00,2025-03-25 05:00:00+00:00,2025-03-25T01:05:00-04:00,2025-03-25 05:05:00+00:00,AECO,REAL_TIME_5_MIN,51291,AECO,ZONE,26.05,36.47,-10.94,0.52
2025-03-25T01:05:00-04:00,2025-03-25 05:05:00+00:00,2025-03-25T01:10:00-04:00,2025-03-25 05:10:00+00:00,AECO,REAL_TIME_5_MIN,51291,AECO,ZONE,28.08,33.05,-5.42,0.45
2025-03-25T01:10:00-04:00,2025-03-25 05:10:00+00:00,2025-03-25T01:15:00-04:00,2025-03-25 05:15:00+00:00,AECO,REAL_TIME_5_MIN,51291,AECO,ZONE,27.72,56.339999999999996,-29.24,0.62
2025-03-25T01:15:00-04:00,2025-03-25 05:15:00+00:00,2025-03-25T01:20:00-04:00,2025-03-25 05:20:00+00:00,AECO,REAL_TIME_5_MIN,51291,AECO,ZONE,37.85,40.56,-3.2,0.49
2025-03-25T01:20:00-04:00,2025-03-25 05:20:00+00:00,2025-03-25T01:25:00-04:00,2025-03-25 05:25:00+00:00,AECO,REAL_TIME_5_MIN,51291,AECO,ZONE,38.71,37.879999999999995,0.34,0.49
2025-03-25T01:25:00-04:00,2025-03-25 05:25:00+00:00,2025-03-25T01:30:00-04:00,2025-03-25 05:30:00+00:00,AECO,REAL_TIME_5_MIN,51291,AECO,ZONE,35.52,35.120000000000005,0.0,0.4
2025-03-25T01:30:00-04:00,2025-03-25 05:30:00+00:00,2025-03-25T01:35:00-04:00,2025-03-25 05:35:00+00:00,AECO,REAL_TIME_5_MIN,51291,AECO,ZONE,29.43,29.45,-0.29,0.27
2025-03-25T01:35:00-04:00,2025-03-25 05:35:00+00:00,2025-03-25T01:40:00-04:00,2025-03-25 05:40:00+00:00,AECO,REAL_TIME_5_MIN,51291,AECO,ZONE,32.57,34.38,-2.16,0.35
2025-03-25T01:40:00-04:00,2025-03-25 05:40:00+00:00,2025-03-25T01:45:00-04:00,2025-03-25 05:45:00+00:00,AECO,REAL_TIME_5_MIN,51291,AECO,ZONE,36.01,36.35,-0.67,0.33
2025-03-25T01:45:00-04:00,2025-03-25 05:45:00+00:00,2025-03-25T01:50:00-04:00,2025-03-25 05:50:00+00:00,AECO,REAL_TIME_5_MIN,51291,AECO,ZONE,29.47,33.42,-4.25,0.3
2025-03-25T01:50:00-04:00,2025-03-25 05:50:00+00:00,2025-03-25T01:55:00-04:00,2025-03-25 05:55:00+00:00,AECO,REAL_TIME_5_MIN,51291,AECO,ZONE,34.9,35.8,-1.24,0.34
2025-03-25T01:55:00-04:00,2025-03-25 05:55:00+00:00,2025-03-25T02:00:00-04:00,2025-03-25 06:00:00+00:00,AECO,REAL_TIME_5_MIN,51291,AECO,ZONE,26.66,28.43,-2.03,0.26
2025-03-25T02:00:00-04:00,2025-03-25 06:00:00+00:00,2025-03-25T02:05:00-04:00,2025-03-25 06:05:00+00:00,AECO,REAL_TIME_5_MIN,51291,AECO,ZONE,27.46,31.36,-4.18,0.28
2025-03-25T02:05:00-04:00,2025-03-25 06:05:00+00:00,2025-03-25T02:10:00-04:00,2025-03-25 06:10:00+00:00,AECO,REAL_TIME_5_MIN,51291,AECO,ZONE,27.17,31.380000000000003,-4.49,0.28
2025-03-25T02:10:00-04:00,2025-03-25 06:10:00+00:00,2025-03-25T02:15:00-04:00,2025-03-25 06:15:00+00:00,AECO,REAL_TIME_5_MIN,51291,AECO,ZONE,27.49,31.49,-4.34,0.34
2025-03-25T02:15:00-04:00,2025-03-25 06:15:00+00:00,2025-03-25T02:20:00-04:00,2025-03-25 06:20:00+00:00,AECO,REAL_TIME_5_MIN,51291,AECO,ZONE,25.52,32.33,-7.09,0.28
2025-03-25T02:20:00-04:00,2025-03-25 06:20:00+00:00,2025-03-25T02:25:00-04:00,2025-03-25 06:25:00+00:00,AECO,REAL_TIME_5_MIN,51291,AECO,ZONE,26.06,31.02,-5.19,0.23
2025-03-25T02:25:00-04:00,2025-03-25 06:25:00+00:00,2025-03-25T02:30:00-04:00,2025-03-25 06:30:00+00:00,AECO,REAL_TIME_5_MIN,51291,AECO,ZONE,26.46,32.61,-6.42,0.27
2025-03-25T02:30:00-04:00,2025-03-25 06:30:00+00:00,2025-03-25T02:35:00-04:00,2025-03-25 06:35:00+00:00,AECO,REAL_TIME_5_MIN,51291,AECO,ZONE,25.29,35.199999999999996,-10.19,0.28
2025-03-25T02:35:00-04:00,2025-03-25 06:35:00+00:00,2025-03-25T02:40:00-04:00,2025-03-25 06:40:00+00:00,AECO,REAL_TIME_5_MIN,51291,AECO,ZONE,26.41,33.11,-6.95,0.25
2025-03-25T02:40:00-04:00,2025-03-25 06:40:00+00:00,2025-03-25T02:45:00-04:00,2025-03-25 06:45:00+00:00,AECO,REAL_TIME_5_MIN,51291,AECO,ZONE,25.48,35.8,-10.56,0.24
2025-03-25T02:45:00-04:00,2025-03-25 06:45:00+00:00,2025-03-25T02:50:00-04:00,2025-03-25 06:50:00+00:00,AECO,REAL_TIME_5_MIN,51291,AECO,ZONE,26.08,33.65,-7.93,0.36
2025-03-25T02:50:00-04:00,2025-03-25 06:50:00+00:00,2025-03-25T02:55:00-04:00,2025-03-25 06:55:00+00:00,AECO,REAL_TIME_5_MIN,51291,AECO,ZONE,25.25,31.16,-6.22,0.31
2025-03-25T02:55:00-04:00,2025-03-25 06:55:00+00:00,2025-03-25T03:00:00-04:00,2025-03-25 07:00:00+00:00,AECO,REAL_TIME_5_MIN,51291,AECO,ZONE,26.69,30.03,-3.63,0.29
2025-03-25T03:00:00-04:00,2025-03-25 07:00:00+00:00,2025-03-25T03:05:00-04:00,2025-03-25 07:05:00+00:00,AECO,REAL_TIME_5_MIN,51291,AECO,ZONE,25.47,32.41,-7.21,0.27
2025-03-25T03:05:00-04:00,2025-03-25 07:05:00+00:00,2025-03-25T03:10:00-04:00,2025-03-25 07:10:00+00:00,AECO,REAL_TIME_5_MIN,51291,AECO,ZONE,26.33,32.52,-6.42,0.23
2025-03-25T03:10:00-04:00,2025-03-25 07:10:00+00:00,2025-03-25T03:15:00-04:00,2025-03-25 07:15:00+00:00,AECO,REAL_TIME_5_MIN,51291,AECO,ZONE,25.88,32.73,-7.13,0.28
2025-03-25T03:15:00-04:00,2025-03-25 07:15:00+00:00,2025-03-25T03:20:00-04:00,2025-03-25 07:20:00+00:00,AECO,REAL_TIME_5_MIN,51291,AECO,ZONE,26.43,32.38999999999999,-6.23,0.27
2025-03-25T03:20:00-04:00,2025-03-25 07:20:00+00:00,2025-03-25T03:25:00-04:00,2025-03-25 07:25:00+00:00,AECO,REAL_TIME_5_MIN,51291,AECO,ZONE,24.69,50.160000000000004,-25.93,0.46
2025-03-25T03:25:00-04:00,2025-03-25 07:25:00+00:00,2025-03-25T03:30:00-04:00,2025-03-25 07:30:00+00:00,AECO,REAL_TIME_5_MIN,51291,AECO,ZONE,25.2,32.51,-7.64,0.33
2025-03-25T03:30:00-04:00,2025-03-25 07:30:00+00:00,2025-03-25T03:35:00-04:00,2025-03-25 07:35:00+00:00,AECO,REAL_TIME_5_MIN,51291,AECO,ZONE,25.14,48.91,-24.19,0.42
2025-03-25T03:35:00-04:00,2025-03-25 07:35:00+00:00,2025-03-25T03:40:00-04:00,2025-03-25 07:40:00+00:00,AECO,REAL_TIME_5_MIN,51291,AECO,ZONE,26.63,34.169999999999995,-7.88,0.34
2025-03-25T03:40:00-04:00,2025-03-25 07:40:00+00:00,2025-03-25T03:45:00-04:00,2025-03-25 07:45:00+00:00,AECO,REAL_TIME_5_MIN,51291,AECO,ZONE,24.85,32.760000000000005,-8.17,0.26
2025-03-25T03:45:00-04:00,2025-03-25 07:45:00+00:00,2025-03-25T03:50:00-04:00,2025-03-25 07:50:00+00:00,AECO,REAL_TIME_5_MIN,51291,AECO,ZONE,25.8,31.830000000000002,-6.22,0.19
2025-03-25T03:50:00-04:00,2025-03-25 07:50:00+00:00,2025-03-25T03:55:00-04:00,2025-03-25 07:55:00+00:00,AECO,REAL_TIME_5_MIN,51291,AECO,ZONE,23.72,32.160000000000004,-8.74,0.3
2025-03-25T03:55:00-04:00,2025-03-25 07:55:00+00:00,2025-03-25T04:00:00-04:00,2025-03-25 08:00:00+00:00,AECO,REAL_TIME_5_MIN,51291,AECO,ZONE,25.09,29.06,-4.24,0.27
2025-03-25T04:00:00-04:00,2025-03-25 08:00:00+00:00,2025-03-25T04:05:00-04:00,2025-03-25 08:05:00+00:00,AECO,REAL_TIME_5_MIN,51291,AECO,ZONE,24.32,30.17,-6.16,0.31
2025-03-25T04:05:00-04:00,2025-03-25 08:05:00+00:00,2025-03-25T04:10:00-04:00,2025-03-25 08:10:00+00:00,AECO,REAL_TIME_5_MIN,51291,AECO,ZONE,24.52,31.0,-6.76,0.28
2025-03-25T04:10:00-04:00,2025-03-25 08:10:00+00:00,2025-03-25T04:15:00-04:00,2025-03-25 08:15:00+00:00,AECO,REAL_TIME_5_MIN,51291,AECO,ZONE,24.72,31.91,-7.6,0.41
2025-03-25T04:15:00-04:00,2025-03-25 08:15:00+00:00,2025-03-25T04:20:00-04:00,2025-03-25 08:20:00+00:00,AECO,REAL_TIME_5_MIN,51291,AECO,ZONE,36.75,40.43,-4.2,0.52
2025-03-25T04:20:00-04:00,2025-03-25 08:20:00+00:00,2025-03-25T04:25:00-04:00,2025-03-25 08:25:00+00:00,AECO,REAL_TIME_5_MIN,51291,AECO,ZONE,27.07,32.27,-5.57,0.37
2025-03-25T04:25:00-04:00,2025-03-25 08:25:00+00:00,2025-03-25T04:30:00-04:00,2025-03-25 08:30:00+00:00,AECO,REAL_TIME_5_MIN,51291,AECO,ZONE,28.11,31.91,-4.03,0.23
2025-03-25T04:30:00-04:00,2025-03-25 08:30:00+00:00,2025-03-25T04:35:00-04:00,2025-03-25 08:35:00+00:00,AECO,REAL_TIME_5_MIN,51291,AECO,ZONE,26.81,28.65,-2.04,0.2
2025-03-25T04:35:00-04:00,2025-03-25 08:35:00+00:00,2025-03-25T04:40:00-04:00,2025-03-25 08:40:00+00:00,AECO,REAL_TIME_5_MIN,51291,AECO,ZONE,30.69,33.199999999999996,-2.78,0.27
2025-03-25T04:40:00-04:00,2025-03-25 08:40:00+00:00,2025-03-25T04:45:00-04:00,2025-03-25 08:45:00+00:00,AECO,REAL_TIME_5_MIN,51291,AECO,ZONE,28.84,32.330000000000005,-3.72,0.23
2025-03-25T04:45:00-04:00,2025-03-25 08:45:00+00:00,2025-03-25T04:50:00-04:00,2025-03-25 08:50:00+00:00,AECO,REAL_TIME_5_MIN,51291,AECO,ZONE,27.96,28.330000000000002,-0.61,0.24
2025-03-25T04:50:00-04:00,2025-03-25 08:50:00+00:00,2025-03-25T04:55:00-04:00,2025-03-25 08:55:00+00:00,AECO,REAL_TIME_5_MIN,51291,AECO,ZONE,28.19,44.02,-16.19,0.36
2025-03-25T04:55:00-04:00,2025-03-25 08:55:00+00:00,2025-03-25T05:00:00-04:00,2025-03-25 09:00:00+00:00,AECO,REAL_TIME_5_MIN,51291,AECO,ZONE,27.02,27.59,-0.78,0.21
2025-03-25T05:00:00-04:00,2025-03-25 09:00:00+00:00,2025-03-25T05:05:00-04:00,2025-03-25 09:05:00+00:00,AECO,REAL_TIME_5_MIN,51291,AECO,ZONE,30.98,30.52,0.26,0.2
2025-03-25T05:05:00-04:00,2025-03-25 09:05:00+00:00,2025-03-25T05:10:00-04:00,2025-03-25 09:10:00+00:00,AECO,REAL_TIME_5_MIN,51291,AECO,ZONE,23.49,26.249999999999996,-2.93,0.17
2025-03-25T05:10:00-04:00,2025-03-25 09:10:00+00:00,2025-03-25T05:15:00-04:00,2025-03-25 09:15:00+00:00,AECO,REAL_TIME_5_MIN,51291,AECO,ZONE,27.47,28.849999999999998,-1.68,0.3
2025-03-25T05:15:00-04:00,2025-03-25 09:15:00+00:00,2025-03-25T05:20:00-04:00,2025-03-25 09:20:00+00:00,AECO,REAL_TIME_5_MIN,51291,AECO,ZONE,35.24,34.71,0.19,0.34
2025-03-25T05:20:00-04:00,2025-03-25 09:20:00+00:00,2025-03-25T05:25:00-04:00,2025-03-25 09:25:00+00:00,AECO,REAL_TIME_5_MIN,51291,AECO,ZONE,40.39,39.95,0.0,0.44
2025-03-25T05:25:00-04:00,2025-03-25 09:25:00+00:00,2025-03-25T05:30:00-04:00,2025-03-25 09:30:00+00:00,AECO,REAL_TIME_5_MIN,51291,AECO,ZONE,36.04,53.0,-17.46,0.5
2025-03-25T05:30:00-04:00,2025-03-25 09:30:00+00:00,2025-03-25T05:35:00-04:00,2025-03-25 09:35:00+00:00,AECO,REAL_TIME_5_MIN,51291,AECO,ZONE,40.71,45.72,-5.43,0.42
2025-03-25T05:35:00-04:00,2025-03-25 09:35:00+00:00,2025-03-25T05:40:00-04:00,2025-03-25 09:40:00+00:00,AECO,REAL_TIME_5_MIN,51291,AECO,ZONE,37.01,50.8,-14.25,0.46
2025-03-25T05:40:00-04:00,2025-03-25 09:40:00+00:00,2025-03-25T05:45:00-04:00,2025-03-25 09:45:00+00:00,AECO,REAL_TIME_5_MIN,51291,AECO,ZONE,36.5,41.720000000000006,-5.59,0.37
2025-03-25T05:45:00-04:00,2025-03-25 09:45:00+00:00,2025-03-25T05:50:00-04:00,2025-03-25 09:50:00+00:00,AECO,REAL_TIME_5_MIN,51291,AECO,ZONE,41.6,51.46,-10.44,0.58
2025-03-25T05:50:00-04:00,2025-03-25 09:50:00+00:00,2025-03-25T05:55:00-04:00,2025-03-25 09:55:00+00:00,AECO,REAL_TIME_5_MIN,51291,AECO,ZONE,39.44,43.03999999999999,-3.94,0.34
2025-03-25T05:55:00-04:00,2025-03-25 09:55:00+00:00,2025-03-25T06:00:00-04:00,2025-03-25 10:00:00+00:00,AECO,REAL_TIME_5_MIN,51291,AECO,ZONE,35.85,50.18000000000001,-14.91,0.58
2025-03-25T06:00:00-04:00,2025-03-25 10:00:00+00:00,2025-03-25T06:05:00-04:00,2025-03-25 10:05:00+00:00,AECO,REAL_TIME_5_MIN,51291,AECO,ZONE,33.24,32.89,0.1,0.25
2025-03-25T06:05:00-04:00,2025-03-25 10:05:00+00:00,2025-03-25T06:10:00-04:00,2025-03-25 10:10:00+00:00,AECO,REAL_TIME_5_MIN,51291,AECO,ZONE,34.42,38.73,-4.65,0.34
2025-03-25T06:10:00-04:00,2025-03-25 10:10:00+00:00,2025-03-25T06:15:00-04:00,2025-03-25 10:15:00+00:00,AECO,REAL_TIME_5_MIN,51291,AECO,ZONE,36.65,39.63999999999999,-3.34,0.35
2025-03-25T06:15:00-04:00,2025-03-25 10:15:00+00:00,2025-03-25T06:20:00-04:00,2025-03-25 10:20:00+00:00,AECO,REAL_TIME_5_MIN,51291,AECO,ZONE,37.4,36.669999999999995,0.27,0.46
2025-03-25T06:20:00-04:00,2025-03-25 10:20:00+00:00,2025-03-25T06:25:00-04:00,2025-03-25 10:25:00+00:00,AECO,REAL_TIME_5_MIN,51291,AECO,ZONE,35.59,38.85,-3.9,0.64
2025-03-25T06:25:00-04:00,2025-03-25 10:25:00+00:00,2025-03-25T06:30:00-04:00,2025-03-25 10:30:00+00:00,AECO,REAL_TIME_5_MIN,51291,AECO,ZONE,53.69,55.239999999999995,-2.48,0.93
2025-03-25T06:30:00-04:00,2025-03-25 10:30:00+00:00,2025-03-25T06:35:00-04:00,2025-03-25 10:35:00+00:00,AECO,REAL_TIME_5_MIN,51291,AECO,ZONE,40.67,41.71,-1.76,0.72
2025-03-25T06:35:00-04:00,2025-03-25 10:35:00+00:00,2025-03-25T06:40:00-04:00,2025-03-25 10:40:00+00:00,AECO,REAL_TIME_5_MIN,51291,AECO,ZONE,41.96,49.45,-8.16,0.67
2025-03-25T06:40:00-04:00,2025-03-25 10:40:00+00:00,2025-03-25T06:45:00-04:00,2025-03-25 10:45:00+00:00,AECO,REAL_TIME_5_MIN,51291,AECO,ZONE,64.19,62.97,0.25,0.97
2025-03-25T06:45:00-04:00,2025-03-25 10:45:00+00:00,2025-03-25T06:50:00-04:00,2025-03-25 10:50:00+00:00,AECO,REAL_TIME_5_MIN,51291,AECO,ZONE,48.99,55.830000000000005,-7.71,0.87
2025-03-25T06:50:00-04:00,2025-03-25 10:50:00+00:00,2025-03-25T06:55:00-04:00,2025-03-25 10:55:00+00:00,AECO,REAL_TIME_5_MIN,51291,AECO,ZONE,67.09,66.31,-0.38,1.16
2025-03-25T06:55:00-04:00,2025-03-25 10:55:00+00:00,2025-03-25T07:00:00-04:00,2025-03-25 11:00:00+00:00,AECO,REAL_TIME_5_MIN,51291,AECO,ZONE,67.09,66.31,-0.38,1.16
2025-03-25T07:00:00-04:00,2025-03-25 11:00:00+00:00,2025-03-25T07:05:00-04:00,2025-03-25 11:05:00+00:00,AECO,REAL_TIME_5_MIN,51291,AECO,ZONE,39.63,38.580000000000005,0.4,0.65
2025-03-25T07:05:00-04:00,2025-03-25 11:05:00+00:00,2025-03-25T07:10:00-04:00,2025-03-25 11:10:00+00:00,AECO,REAL_TIME_5_MIN,51291,AECO,ZONE,38.14,42.89,-5.55,0.8
2025-03-25T07:10:00-04:00,2025-03-25 11:10:00+00:00,2025-03-25T07:15:00-04:00,2025-03-25 11:15:00+00:00,AECO,REAL_TIME_5_MIN,51291,AECO,ZONE,42.58,42.910000000000004,-1.06,0.73
2025-03-25T07:15:00-04:00,2025-03-25 11:15:00+00:00,2025-03-25T07:20:00-04:00,2025-03-25 11:20:00+00:00,AECO,REAL_TIME_5_MIN,51291,AECO,ZONE,63.95,62.89,0.0,1.06
2025-03-25T07:20:00-04:00,2025-03-25 11:20:00+00:00,2025-03-25T07:25:00-04:00,2025-03-25 11:25:00+00:00,AECO,REAL_TIME_5_MIN,51291,AECO,ZONE,43.27,56.17000000000001,-13.63,0.73
2025-03-25T07:25:00-04:00,2025-03-25 11:25:00+00:00,2025-03-25T07:30:00-04:00,2025-03-25 11:30:00+00:00,AECO,REAL_TIME_5_MIN,51291,AECO,ZONE,43.73,66.44,-23.7,0.99
2025-03-25T07:30:00-04:00,2025-03-25 11:30:00+00:00,2025-03-25T07:35:00-04:00,2025-03-25 11:35:00+00:00,AECO,REAL_TIME_5_MIN,51291,AECO,ZONE,45.4,66.61,-22.3,1.09
2025-03-25T07:35:00-04:00,2025-03-25 11:35:00+00:00,2025-03-25T07:40:00-04:00,2025-03-25 11:40:00+00:00,AECO,REAL_TIME_5_MIN,51291,AECO,ZONE,38.76,48.129999999999995,-10.14,0.77
2025-03-25T07:40:00-04:00,2025-03-25 11:40:00+00:00,2025-03-25T07:45:00-04:00,2025-03-25 11:45:00+00:00,AECO,REAL_TIME_5_MIN,51291,AECO,ZONE,43.47,68.02,-25.7,1.15
2025-03-25T07:45:00-04:00,2025-03-25 11:45:00+00:00,2025-03-25T07:50:00-04:00,2025-03-25 11:50:00+00:00,AECO,REAL_TIME_5_MIN,51291,AECO,ZONE,37.67,53.03,-16.16,0.8
2025-03-25T07:50:00-04:00,2025-03-25 11:50:00+00:00,2025-03-25T07:55:00-04:00,2025-03-25 11:55:00+00:00,AECO,REAL_TIME_5_MIN,51291,AECO,ZONE,36.8,50.44,-14.36,0.72
2025-03-25T07:55:00-04:00,2025-03-25 11:55:00+00:00,2025-03-25T08:00:00-04:00,2025-03-25 12:00:00+00:00,AECO,REAL_TIME_5_MIN,51291,AECO,ZONE,39.02,54.67,-16.28,0.63
2025-03-25T08:00:00-04:00,2025-03-25 12:00:00+00:00,2025-03-25T08:05:00-04:00,2025-03-25 12:05:00+00:00,AECO,REAL_TIME_5_MIN,51291,AECO,ZONE,34.27,48.60000000000001,-14.81,0.48
2025-03-25T08:05:00-04:00,2025-03-25 12:05:00+00:00,2025-03-25T08:10:00-04:00,2025-03-25 12:10:00+00:00,AECO,REAL_TIME_5_MIN,51291,AECO,ZONE,35.64,46.6,-11.37,0.41
2025-03-25T08:10:00-04:00,2025-03-25 12:10:00+00:00,2025-03-25T08:15:00-04:00,2025-03-25 12:15:00+00:00,AECO,REAL_TIME_5_MIN,51291,AECO,ZONE,29.45,80.19,-51.35,0.61
2025-03-25T08:15:00-04:00,2025-03-25 12:15:00+00:00,2025-03-25T08:20:00-04:00,2025-03-25 12:20:00+00:00,AECO,REAL_TIME_5_MIN,51291,AECO,ZONE,37.67,47.28,-9.92,0.31
2025-03-25T08:20:00-04:00,2025-03-25 12:20:00+00:00,2025-03-25T08:25:00-04:00,2025-03-25 12:25:00+00:00,AECO,REAL_TIME_5_MIN,51291,AECO,ZONE,32.62,40.4,-8.04,0.26
2025-03-25T08:25:00-04:00,2025-03-25 12:25:00+00:00,2025-03-25T08:30:00-04:00,2025-03-25 12:30:00+00:00,AECO,REAL_TIME_5_MIN,51291,AECO,ZONE,35.18,42.480000000000004,-7.52,0.22
2025-03-25T08:30:00-04:00,2025-03-25 12:30:00+00:00,2025-03-25T08:35:00-04:00,2025-03-25 12:35:00+00:00,AECO,REAL_TIME_5_MIN,51291,AECO,ZONE,34.78,35.199999999999996,-0.62,0.2
2025-03-25T08:35:00-04:00,2025-03-25 12:35:00+00:00,2025-03-25T08:40:00-04:00,2025-03-25 12:40:00+00:00,AECO,REAL_TIME_5_MIN,51291,AECO,ZONE,28.63,34.88999999999999,-6.5,0.24
2025-03-25T08:40:00-04:00,2025-03-25 12:40:00+00:00,2025-03-25T08:45:00-04:00,2025-03-25 12:45:00+00:00,AECO,REAL_TIME_5_MIN,51291,AECO,ZONE,33.43,33.38,-0.09,0.14
2025-03-25T08:45:00-04:00,2025-03-25 12:45:00+00:00,2025-03-25T08:50:00-04:00,2025-03-25 12:50:00+00:00,AECO,REAL_TIME_5_MIN,51291,AECO,ZONE,28.35,29.830000000000002,-1.51,0.03
2025-03-25T08:50:00-04:00,2025-03-25 12:50:00+00:00,2025-03-25T08:55:00-04:00,2025-03-25 12:55:00+00:00,AECO,REAL_TIME_5_MIN,51291,AECO,ZONE,28.16,29.78,-1.64,0.02
2025-03-25T08:55:00-04:00,2025-03-25 12:55:00+00:00,2025-03-25T09:00:00-04:00,2025-03-25 13:00:00+00:00,AECO,REAL_TIME_5_MIN,51291,AECO,ZONE,32.18,41.05,-8.76,-0.11
2025-03-25T09:00:00-04:00,2025-03-25 13:00:00+00:00,2025-03-25T09:05:00-04:00,2025-03-25 13:05:00+00:00,AECO,REAL_TIME_5_MIN,51291,AECO,ZONE,31.47,35.309999999999995,-3.72,-0.12
2025-03-25T09:05:00-04:00,2025-03-25 13:05:00+00:00,2025-03-25T09:10:00-04:00,2025-03-25 13:10:00+00:00,AECO,REAL_TIME_5_MIN,51291,AECO,ZONE,31.43,32.1,-0.54,-0.13
2025-03-25T09:10:00-04:00,2025-03-25 13:10:00+00:00,2025-03-25T09:15:00-04:00,2025-03-25 13:15:00+00:00,AECO,REAL_TIME_5_MIN,51291,AECO,ZONE,30.41,31.39,-0.73,-0.25
2025-03-25T09:15:00-04:00,2025-03-25 13:15:00+00:00,2025-03-25T09:20:00-04:00,2025-03-25 13:20:00+00:00,AECO,REAL_TIME_5_MIN,51291,AECO,ZONE,28.28,30.830000000000002,-2.29,-0.26
2025-03-25T09:20:00-04:00,2025-03-25 13:20:00+00:00,2025-03-25T09:25:00-04:00,2025-03-25 13:25:00+00:00,AECO,REAL_TIME_5_MIN,51291,AECO,ZONE,31.07,31.75,-0.46,-0.22
2025-03-25T09:25:00-04:00,2025-03-25 13:25:00+00:00,2025-03-25T09:30:00-04:00,2025-03-25 13:30:00+00:00,AECO,REAL_TIME_5_MIN,51291,AECO,ZONE,26.47,35.89,-9.06,-0.36
2025-03-25T09:30:00-04:00,2025-03-25 13:30:00+00:00,2025-03-25T09:35:00-04:00,2025-03-25 13:35:00+00:00,AECO,REAL_TIME_5_MIN,51291,AECO,ZONE,27.98,32.8,-4.46,-0.36
2025-03-25T09:35:00-04:00,2025-03-25 13:35:00+00:00,2025-03-25T09:40:00-04:00,2025-03-25 13:40:00+00:00,AECO,REAL_TIME_5_MIN,51291,AECO,ZONE,26.49,39.48,-12.41,-0.58
2025-03-25T09:40:00-04:00,2025-03-25 13:40:00+00:00,2025-03-25T09:45:00-04:00,2025-03-25 13:45:00+00:00,AECO,REAL_TIME_5_MIN,51291,AECO,ZONE,26.07,29.71,-3.2,-0.44
2025-03-25T09:45:00-04:00,2025-03-25 13:45:00+00:00,2025-03-25T09:50:00-04:00,2025-03-25 13:50:00+00:00,AECO,REAL_TIME_5_MIN,51291,AECO,ZONE,24.69,27.470000000000002,-2.43,-0.35
2025-03-25T09:50:00-04:00,2025-03-25 13:50:00+00:00,2025-03-25T09:55:00-04:00,2025-03-25 13:55:00+00:00,AECO,REAL_TIME_5_MIN,51291,AECO,ZONE,25.46,28.130000000000003,-2.35,-0.32
2025-03-25T09:55:00-04:00,2025-03-25 13:55:00+00:00,2025-03-25T10:00:00-04:00,2025-03-25 14:00:00+00:00,AECO,REAL_TIME_5_MIN,51291,AECO,ZONE,23.76,24.080000000000002,-0.09,-0.23
2025-03-25T10:00:00-04:00,2025-03-25 14:00:00+00:00,2025-03-25T10:05:00-04:00,2025-03-25 14:05:00+00:00,AECO,REAL_TIME_5_MIN,51291,AECO,ZONE,24.6,24.950000000000003,-0.09,-0.26
2025-03-25T10:05:00-04:00,2025-03-25 14:05:00+00:00,2025-03-25T10:10:00-04:00,2025-03-25 14:10:00+00:00,AECO,REAL_TIME_5_MIN,51291,AECO,ZONE,23.72,24.049999999999997,-0.09,-0.24
2025-03-25T10:10:00-04:00,2025-03-25 14:10:00+00:00,2025-03-25T10:15:00-04:00,2025-03-25 14:15:00+00:00,AECO,REAL_TIME_5_MIN,51291,AECO,ZONE,27.71,28.17,-0.09,-0.37
2025-03-25T10:15:00-04:00,2025-03-25 14:15:00+00:00,2025-03-25T10:20:00-04:00,2025-03-25 14:20:00+00:00,AECO,REAL_TIME_5_MIN,51291,AECO,ZONE,26.32,28.46,-1.76,-0.38
2025-03-25T10:20:00-04:00,2025-03-25 14:20:00+00:00,2025-03-25T10:25:00-04:00,2025-03-25 14:25:00+00:00,AECO,REAL_TIME_5_MIN,51291,AECO,ZONE,25.75,30.14,-3.85,-0.54
2025-03-25T10:25:00-04:00,2025-03-25 14:25:00+00:00,2025-03-25T10:30:00-04:00,2025-03-25 14:30:00+00:00,AECO,REAL_TIME_5_MIN,51291,AECO,ZONE,25.26,27.8,-2.07,-0.47
2025-03-25T10:30:00-04:00,2025-03-25 14:30:00+00:00,2025-03-25T10:35:00-04:00,2025-03-25 14:35:00+00:00,AECO,REAL_TIME_5_MIN,51291,AECO,ZONE,24.23,29.58,-4.81,-0.54
2025-03-25T10:35:00-04:00,2025-03-25 14:35:00+00:00,2025-03-25T10:40:00-04:00,2025-03-25 14:40:00+00:00,AECO,REAL_TIME_5_MIN,51291,AECO,ZONE,27.46,29.22,-1.22,-0.54
2025-03-25T10:40:00-04:00,2025-03-25 14:40:00+00:00,2025-03-25T10:45:00-04:00,2025-03-25 14:45:00+00:00,AECO,REAL_TIME_5_MIN,51291,AECO,ZONE,24.68,30.419999999999998,-5.18,-0.56
2025-03-25T10:45:00-04:00,2025-03-25 14:45:00+00:00,2025-03-25T10:50:00-04:00,2025-03-25 14:50:00+00:00,AECO,REAL_TIME_5_MIN,51291,AECO,ZONE,24.41,28.21,-3.23,-0.57
2025-03-25T10:50:00-04:00,2025-03-25 14:50:00+00:00,2025-03-25T10:55:00-04:00,2025-03-25 14:55:00+00:00,AECO,REAL_TIME_5_MIN,51291,AECO,ZONE,23.72,28.119999999999997,-3.97,-0.43
2025-03-25T10:55:00-04:00,2025-03-25 14:55:00+00:00,2025-03-25T11:00:00-04:00,2025-03-25 15:00:00+00:00,AECO,REAL_TIME_5_MIN,51291,AECO,ZONE,28.58,28.959999999999997,0.03,-0.41
2025-03-25T11:00:00-04:00,2025-03-25 15:00:00+00:00,2025-03-25T11:05:00-04:00,2025-03-25 15:05:00+00:00,AECO,REAL_TIME_5_MIN,51291,AECO,ZONE,24.97,29.4,-4.05,-0.38
2025-03-25T11:05:00-04:00,2025-03-25 15:05:00+00:00,2025-03-25T11:10:00-04:00,2025-03-25 15:10:00+00:00,AECO,REAL_TIME_5_MIN,51291,AECO,ZONE,22.51,23.970000000000002,-1.09,-0.37
2025-03-25T11:10:00-04:00,2025-03-25 15:10:00+00:00,2025-03-25T11:15:00-04:00,2025-03-25 15:15:00+00:00,AECO,REAL_TIME_5_MIN,51291,AECO,ZONE,69.95,277.28000000000003,-204.04,-3.29
2025-03-25T11:15:00-04:00,2025-03-25 15:15:00+00:00,2025-03-25T11:20:00-04:00,2025-03-25 15:20:00+00:00,AECO,REAL_TIME_5_MIN,51291,AECO,ZONE,27.31,32.44,-4.8,-0.33
2025-03-25T11:20:00-04:00,2025-03-25 15:20:00+00:00,2025-03-25T11:25:00-04:00,2025-03-25 15:25:00+00:00,AECO,REAL_TIME_5_MIN,51291,AECO,ZONE,28.47,34.37,-5.52,-0.38
2025-03-25T11:25:00-04:00,2025-03-25 15:25:00+00:00,2025-03-25T11:30:00-04:00,2025-03-25 15:30:00+00:00,AECO,REAL_TIME_5_MIN,51291,AECO,ZONE,27.69,32.870000000000005,-4.66,-0.52
2025-03-25T11:30:00-04:00,2025-03-25 15:30:00+00:00,2025-03-25T11:35:00-04:00,2025-03-25 15:35:00+00:00,AECO,REAL_TIME_5_MIN,51291,AECO,ZONE,25.17,24.340000000000003,1.09,-0.26
2025-03-25T11:35:00-04:00,2025-03-25 15:35:00+00:00,2025-03-25T11:40:00-04:00,2025-03-25 15:40:00+00:00,AECO,REAL_TIME_5_MIN,51291,AECO,ZONE,25.96,26.69,-0.42,-0.31
2025-03-25T11:40:00-04:00,2025-03-25 15:40:00+00:00,2025-03-25T11:45:00-04:00,2025-03-25 15:45:00+00:00,AECO,REAL_TIME_5_MIN,51291,AECO,ZONE,25.63,28.08,-2.11,-0.34
2025-03-25T11:45:00-04:00,2025-03-25 15:45:00+00:00,2025-03-25T11:50:00-04:00,2025-03-25 15:50:00+00:00,AECO,REAL_TIME_5_MIN,51291,AECO,ZONE,24.76,24.82,0.21,-0.27
2025-03-25T11:50:00-04:00,2025-03-25 15:50:00+00:00,2025-03-25T11:55:00-04:00,2025-03-25 15:55:00+00:00,AECO,REAL_TIME_5_MIN,51291,AECO,ZONE,24.58,24.72,0.09,-0.23
2025-03-25T11:55:00-04:00,2025-03-25 15:55:00+00:00,2025-03-25T12:00:00-04:00,2025-03-25 16:00:00+00:00,AECO,REAL_TIME_5_MIN,51291,AECO,ZONE,24.76,24.26,0.76,-0.26
2025-03-25T12:00:00-04:00,2025-03-25 16:00:00+00:00,2025-03-25T12:05:00-04:00,2025-03-25 16:05:00+00:00,AECO,REAL_TIME_5_MIN,51291,AECO,ZONE,25.78,30.700000000000003,-4.53,-0.39
2025-03-25T12:05:00-04:00,2025-03-25 16:05:00+00:00,2025-03-25T12:10:00-04:00,2025-03-25 16:10:00+00:00,AECO,REAL_TIME_5_MIN,51291,AECO,ZONE,22.93,23.959999999999997,-0.65,-0.38
2025-03-25T12:10:00-04:00,2025-03-25 16:10:00+00:00,2025-03-25T12:15:00-04:00,2025-03-25 16:15:00+00:00,AECO,REAL_TIME_5_MIN,51291,AECO,ZONE,22.88,23.57,-0.3,-0.39
2025-03-25T12:15:00-04:00,2025-03-25 16:15:00+00:00,2025-03-25T12:20:00-04:00,2025-03-25 16:20:00+00:00,AECO,REAL_TIME_5_MIN,51291,AECO,ZONE,22.54,22.78,0.06,-0.3
2025-03-25T12:20:00-04:00,2025-03-25 16:20:00+00:00,2025-03-25T12:25:00-04:00,2025-03-25 16:25:00+00:00,AECO,REAL_TIME_5_MIN,51291,AECO,ZONE,22.86,23.86,-0.75,-0.25
2025-03-25T12:25:00-04:00,2025-03-25 16:25:00+00:00,2025-03-25T12:30:00-04:00,2025-03-25 16:30:00+00:00,AECO,REAL_TIME_5_MIN,51291,AECO,ZONE,23.02,23.93,-0.64,-0.27
2025-03-25T12:30:00-04:00,2025-03-25 16:30:00+00:00,2025-03-25T12:35:00-04:00,2025-03-25 16:35:00+00:00,AECO,REAL_TIME_5_MIN,51291,AECO,ZONE,22.71,22.980000000000004,-0.01,-0.26
2025-03-25T12:35:00-04:00,2025-03-25 16:35:00+00:00,2025-03-25T12:40:00-04:00,2025-03-25 16:40:00+00:00,AECO,REAL_TIME_5_MIN,51291,AECO,ZONE,22.92,23.26,-0.08,-0.26
2025-03-25T12:40:00-04:00,2025-03-25 16:40:00+00:00,2025-03-25T12:45:00-04:00,2025-03-25 16:45:00+00:00,AECO,REAL_TIME_5_MIN,51291,AECO,ZONE,22.41,22.66,-0.01,-0.24
2025-03-25T12:45:00-04:00,2025-03-25 16:45:00+00:00,2025-03-25T12:50:00-04:00,2025-03-25 16:50:00+00:00,AECO,REAL_TIME_5_MIN,51291,AECO,ZONE,23.7,23.95,0.0,-0.25
2025-03-25T12:50:00-04:00,2025-03-25 16:50:00+00:00,2025-03-25T12:55:00-04:00,2025-03-25 16:55:00+00:00,AECO,REAL_TIME_5_MIN,51291,AECO,ZONE,22.84,23.16,-0.02,-0.3
2025-03-25T12:55:00-04:00,2025-03-25 16:55:00+00:00,2025-03-25T13:00:00-04:00,2025-03-25 17:00:00+00:00,AECO,REAL_TIME_5_MIN,51291,AECO,ZONE,21.96,26.89,-4.55,-0.38
2025-03-25T13:00:00-04:00,2025-03-25 17:00:00+00:00,2025-03-25T13:05:00-04:00,2025-03-25 17:05:00+00:00,AECO,REAL_TIME_5_MIN,51291,AECO,ZONE,22.81,23.4,-0.28,-0.31
2025-03-25T13:05:00-04:00,2025-03-25 17:05:00+00:00,2025-03-25T13:10:00-04:00,2025-03-25 17:10:00+00:00,AECO,REAL_TIME_5_MIN,51291,AECO,ZONE,22.77,23.59,-0.63,-0.19
2025-03-25T13:10:00-04:00,2025-03-25 17:10:00+00:00,2025-03-25T13:15:00-04:00,2025-03-25 17:15:00+00:00,AECO,REAL_TIME_5_MIN,51291,AECO,ZONE,23.91,24.0,0.23,-0.32
2025-03-25T13:15:00-04:00,2025-03-25 17:15:00+00:00,2025-03-25T13:20:00-04:00,2025-03-25 17:20:00+00:00,AECO,REAL_TIME_5_MIN,51291,AECO,ZONE,22.0,22.81,-0.5,-0.31
2025-03-25T13:20:00-04:00,2025-03-25 17:20:00+00:00,2025-03-25T13:25:00-04:00,2025-03-25 17:25:00+00:00,AECO,REAL_TIME_5_MIN,51291,AECO,ZONE,23.59,29.25,-5.29,-0.37
2025-03-25T13:25:00-04:00,2025-03-25 17:25:00+00:00,2025-03-25T13:30:00-04:00,2025-03-25 17:30:00+00:00,AECO,REAL_TIME_5_MIN,51291,AECO,ZONE,22.28,23.59,-1.0,-0.31
2025-03-25T13:30:00-04:00,2025-03-25 17:30:00+00:00,2025-03-25T13:35:00-04:00,2025-03-25 17:35:00+00:00,AECO,REAL_TIME_5_MIN,51291,AECO,ZONE,22.42,23.45,-0.74,-0.29
2025-03-25T13:35:00-04:00,2025-03-25 17:35:00+00:00,2025-03-25T13:40:00-04:00,2025-03-25 17:40:00+00:00,AECO,REAL_TIME_5_MIN,51291,AECO,ZONE,23.27,25.24,-1.72,-0.25
2025-03-25T13:40:00-04:00,2025-03-25 17:40:00+00:00,2025-03-25T13:45:00-04:00,2025-03-25 17:45:00+00:00,AECO,REAL_TIME_5_MIN,51291,AECO,ZONE,22.37,23.72,-1.11,-0.24
2025-03-25T13:45:00-04:00,2025-03-25 17:45:00+00:00,2025-03-25T13:50:00-04:00,2025-03-25 17:50:00+00:00,AECO,REAL_TIME_5_MIN,51291,AECO,ZONE,22.06,24.93,-2.57,-0.3
2025-03-25T13:50:00-04:00,2025-03-25 17:50:00+00:00,2025-03-25T13:55:00-04:00,2025-03-25 17:55:00+00:00,AECO,REAL_TIME_5_MIN,51291,AECO,ZONE,21.91,23.57,-1.4,-0.26
2025-03-25T13:55:00-04:00,2025-03-25 17:55:00+00:00,2025-03-25T14:00:00-04:00,2025-03-25 18:00:00+00:00,AECO,REAL_TIME_5_MIN,51291,AECO,ZONE,22.23,23.48,-1.06,-0.19
2025-03-25T14:00:00-04:00,2025-03-25 18:00:00+00:00,2025-03-25T14:05:00-04:00,2025-03-25 18:05:00+00:00,AECO,REAL_TIME_5_MIN,51291,AECO,ZONE,21.48,23.34,-1.67,-0.19
2025-03-25T14:05:00-04:00,2025-03-25 18:05:00+00:00,2025-03-25T14:10:00-04:00,2025-03-25 18:10:00+00:00,AECO,REAL_TIME_5_MIN,51291,AECO,ZONE,22.35,22.86,-0.38,-0.13
2025-03-25T14:10:00-04:00,2025-03-25 18:10:00+00:00,2025-03-25T14:15:00-04:00,2025-03-25 18:15:00+00:00,AECO,REAL_TIME_5_MIN,51291,AECO,ZONE,21.89,22.3,-0.34,-0.07
2025-03-25T14:15:00-04:00,2025-03-25 18:15:00+00:00,2025-03-25T14:20:00-04:00,2025-03-25 18:20:00+00:00,AECO,REAL_TIME_5_MIN,51291,AECO,ZONE,22.43,22.7,-0.14,-0.13
2025-03-25T14:20:00-04:00,2025-03-25 18:20:00+00:00,2025-03-25T14:25:00-04:00,2025-03-25 18:25:00+00:00,AECO,REAL_TIME_5_MIN,51291,AECO,ZONE,22.25,22.29,0.09,-0.13
2025-03-25T14:25:00-04:00,2025-03-25 18:25:00+00:00,2025-03-25T14:30:00-04:00,2025-03-25 18:30:00+00:00,AECO,REAL_TIME_5_MIN,51291,AECO,ZONE,22.42,22.55,0.03,-0.16
2025-03-25T14:30:00-04:00,2025-03-25 18:30:00+00:00,2025-03-25T14:35:00-04:00,2025-03-25 18:35:00+00:00,AECO,REAL_TIME_5_MIN,51291,AECO,ZONE,22.5,23.04,-0.38,-0.16
2025-03-25T14:35:00-04:00,2025-03-25 18:35:00+00:00,2025-03-25T14:40:00-04:00,2025-03-25 18:40:00+00:00,AECO,REAL_TIME_5_MIN,51291,AECO,ZONE,21.88,27.11,-5.05,-0.18
2025-03-25T14:40:00-04:00,2025-03-25 18:40:00+00:00,2025-03-25T14:45:00-04:00,2025-03-25 18:45:00+00:00,AECO,REAL_TIME_5_MIN,51291,AECO,ZONE,22.16,23.42,-1.08,-0.18
2025-03-25T14:45:00-04:00,2025-03-25 18:45:00+00:00,2025-03-25T14:50:00-04:00,2025-03-25 18:50:00+00:00,AECO,REAL_TIME_5_MIN,51291,AECO,ZONE,22.21,23.27,-0.99,-0.07
2025-03-25T14:50:00-04:00,2025-03-25 18:50:00+00:00,2025-03-25T14:55:00-04:00,2025-03-25 18:55:00+00:00,AECO,REAL_TIME_5_MIN,51291,AECO,ZONE,22.25,25.36,-2.93,-0.18
2025-03-25T14:55:00-04:00,2025-03-25 18:55:00+00:00,2025-03-25T15:00:00-04:00,2025-03-25 19:00:00+00:00,AECO,REAL_TIME_5_MIN,51291,AECO,ZONE,22.29,23.71,-1.28,-0.14
2025-03-25T15:00:00-04:00,2025-03-25 19:00:00+00:00,2025-03-25T15:05:00-04:00,2025-03-25 19:05:00+00:00,AECO,REAL_TIME_5_MIN,51291,AECO,ZONE,22.54,31.849999999999998,-9.25,-0.06
2025-03-25T15:05:00-04:00,2025-03-25 19:05:00+00:00,2025-03-25T15:10:00-04:00,2025-03-25 19:10:00+00:00,AECO,REAL_TIME_5_MIN,51291,AECO,ZONE,22.59,25.580000000000002,-3.01,0.02
2025-03-25T15:10:00-04:00,2025-03-25 19:10:00+00:00,2025-03-25T15:15:00-04:00,2025-03-25 19:15:00+00:00,AECO,REAL_TIME_5_MIN,51291,AECO,ZONE,25.47,31.52,-5.99,-0.06
2025-03-25T15:15:00-04:00,2025-03-25 19:15:00+00:00,2025-03-25T15:20:00-04:00,2025-03-25 19:20:00+00:00,AECO,REAL_TIME_5_MIN,51291,AECO,ZONE,23.36,26.779999999999998,-3.38,-0.04
2025-03-25T15:20:00-04:00,2025-03-25 19:20:00+00:00,2025-03-25T15:25:00-04:00,2025-03-25 19:25:00+00:00,AECO,REAL_TIME_5_MIN,51291,AECO,ZONE,23.8,25.57,-1.74,-0.03
2025-03-25T15:25:00-04:00,2025-03-25 19:25:00+00:00,2025-03-25T15:30:00-04:00,2025-03-25 19:30:00+00:00,AECO,REAL_TIME_5_MIN,51291,AECO,ZONE,24.74,30.36,-5.71,0.09
2025-03-25T15:30:00-04:00,2025-03-25 19:30:00+00:00,2025-03-25T15:35:00-04:00,2025-03-25 19:35:00+00:00,AECO,REAL_TIME_5_MIN,51291,AECO,ZONE,24.02,29.3,-5.23,-0.05
2025-03-25T15:35:00-04:00,2025-03-25 19:35:00+00:00,2025-03-25T15:40:00-04:00,2025-03-25 19:40:00+00:00,AECO,REAL_TIME_5_MIN,51291,AECO,ZONE,23.84,25.35,-1.53,0.02
2025-03-25T15:40:00-04:00,2025-03-25 19:40:00+00:00,2025-03-25T15:45:00-04:00,2025-03-25 19:45:00+00:00,AECO,REAL_TIME_5_MIN,51291,AECO,ZONE,25.21,25.07,0.1,0.04
2025-03-25T15:45:00-04:00,2025-03-25 19:45:00+00:00,2025-03-25T15:50:00-04:00,2025-03-25 19:50:00+00:00,AECO,REAL_TIME_5_MIN,51291,AECO,ZONE,24.51,24.32,0.1,0.09
2025-03-25T15:50:00-04:00,2025-03-25 19:50:00+00:00,2025-03-25T15:55:00-04:00,2025-03-25 19:55:00+00:00,AECO,REAL_TIME_5_MIN,51291,AECO,ZONE,25.05,24.919999999999998,0.1,0.03
2025-03-25T15:55:00-04:00,2025-03-25 19:55:00+00:00,2025-03-25T16:00:00-04:00,2025-03-25 20:00:00+00:00,,,,,,,,,
2025-03-25T16:00:00-04:00,2025-03-25 20:00:00+00:00,2025-03-25T16:05:00-04:00,2025-03-25 20:05:00+00:00,AECO,REAL_TIME_5_MIN,51291,AECO,ZONE,26.89,33.94,-7.08,0.03
2025-03-25T16:05:00-04:00,2025-03-25 20:05:00+00:00,2025-03-25T16:10:00-04:00,2025-03-25 20:10:00+00:00,AECO,REAL_TIME_5_MIN,51291,AECO,ZONE,26.5,31.240000000000002,-4.73,-0.01
2025-03-25T16:10:00-04:00,2025-03-25 20:10:00+00:00,2025-03-25T16:15:00-04:00,2025-03-25 20:15:00+00:00,AECO,REAL_TIME_5_MIN,51291,AECO,ZONE,26.4,32.09,-5.74,0.05
2025-03-25T16:15:00-04:00,2025-03-25 20:15:00+00:00,2025-03-25T16:20:00-04:00,2025-03-25 20:20:00+00:00,AECO,REAL_TIME_5_MIN,51291,AECO,ZONE,27.59,31.43,-3.92,0.08
2025-03-25T16:20:00-04:00,2025-03-25 20:20:00+00:00,2025-03-25T16:25:00-04:00,2025-03-25 20:25:00+00:00,AECO,REAL_TIME_5_MIN,51291,AECO,ZONE,27.02,33.97,-7.14,0.19
2025-03-25T16:25:00-04:00,2025-03-25 20:25:00+00:00,2025-03-25T16:30:00-04:00,2025-03-25 20:30:00+00:00,AECO,REAL_TIME_5_MIN,51291,AECO,ZONE,27.73,27.38,0.19,0.16
2025-03-25T16:30:00-04:00,2025-03-25 20:30:00+00:00,2025-03-25T16:35:00-04:00,2025-03-25 20:35:00+00:00,AECO,REAL_TIME_5_MIN,51291,AECO,ZONE,27.59,23.5,3.86,0.23
2025-03-25T16:35:00-04:00,2025-03-25 20:35:00+00:00,2025-03-25T16:40:00-04:00,2025-03-25 20:40:00+00:00,AECO,REAL_TIME_5_MIN,51291,AECO,ZONE,27.95,34.809999999999995,-7.21,0.35
2025-03-25T16:40:00-04:00,2025-03-25 20:40:00+00:00,2025-03-25T16:45:00-04:00,2025-03-25 20:45:00+00:00,AECO,REAL_TIME_5_MIN,51291,AECO,ZONE,33.58,45.37,-12.25,0.46
2025-03-25T16:45:00-04:00,2025-03-25 20:45:00+00:00,2025-03-25T16:50:00-04:00,2025-03-25 20:50:00+00:00,AECO,REAL_TIME_5_MIN,51291,AECO,ZONE,33.57,45.68,-12.48,0.37
2025-03-25T16:50:00-04:00,2025-03-25 20:50:00+00:00,2025-03-25T16:55:00-04:00,2025-03-25 20:55:00+00:00,AECO,REAL_TIME_5_MIN,51291,AECO,ZONE,28.37,39.46,-11.46,0.37
2025-03-25T16:55:00-04:00,2025-03-25 20:55:00+00:00,2025-03-25T17:00:00-04:00,2025-03-25 21:00:00+00:00,AECO,REAL_TIME_5_MIN,51291,AECO,ZONE,27.14,31.060000000000002,-4.25,0.33
2025-03-25T17:00:00-04:00,2025-03-25 21:00:00+00:00,2025-03-25T17:05:00-04:00,2025-03-25 21:05:00+00:00,AECO,REAL_TIME_5_MIN,51291,AECO,ZONE,28.01,33.68,-6.21,0.54
2025-03-25T17:05:00-04:00,2025-03-25 21:05:00+00:00,2025-03-25T17:10:00-04:00,2025-03-25 21:10:00+00:00,AECO,REAL_TIME_5_MIN,51291,AECO,ZONE,31.79,25.189999999999998,6.18,0.42
2025-03-25T17:10:00-04:00,2025-03-25 21:10:00+00:00,2025-03-25T17:15:00-04:00,2025-03-25 21:15:00+00:00,AECO,REAL_TIME_5_MIN,51291,AECO,ZONE,27.9,26.82,0.63,0.45
2025-03-25T17:15:00-04:00,2025-03-25 21:15:00+00:00,2025-03-25T17:20:00-04:00,2025-03-25 21:20:00+00:00,AECO,REAL_TIME_5_MIN,51291,AECO,ZONE,28.09,26.830000000000002,0.7,0.56
2025-03-25T17:20:00-04:00,2025-03-25 21:20:00+00:00,2025-03-25T17:25:00-04:00,2025-03-25 21:25:00+00:00,AECO,REAL_TIME_5_MIN,51291,AECO,ZONE,29.64,28.8,0.24,0.6
2025-03-25T17:25:00-04:00,2025-03-25 21:25:00+00:00,2025-03-25T17:30:00-04:00,2025-03-25 21:30:00+00:00,AECO,REAL_TIME_5_MIN,51291,AECO,ZONE,31.66,24.67,6.42,0.57
2025-03-25T17:30:00-04:00,2025-03-25 21:30:00+00:00,2025-03-25T17:35:00-04:00,2025-03-25 21:35:00+00:00,AECO,REAL_TIME_5_MIN,51291,AECO,ZONE,39.27,36.52,1.93,0.82
2025-03-25T17:35:00-04:00,2025-03-25 21:35:00+00:00,2025-03-25T17:40:00-04:00,2025-03-25 21:40:00+00:00,AECO,REAL_TIME_5_MIN,51291,AECO,ZONE,37.54,35.27,1.44,0.83
2025-03-25T17:40:00-04:00,2025-03-25 21:40:00+00:00,2025-03-25T17:45:00-04:00,2025-03-25 21:45:00+00:00,AECO,REAL_TIME_5_MIN,51291,AECO,ZONE,47.93,39.57,7.6,0.76
2025-03-25T17:45:00-04:00,2025-03-25 21:45:00+00:00,2025-03-25T17:50:00-04:00,2025-03-25 21:50:00+00:00,AECO,REAL_TIME_5_MIN,51291,AECO,ZONE,41.3,37.44,3.14,0.72
2025-03-25T17:50:00-04:00,2025-03-25 21:50:00+00:00,2025-03-25T17:55:00-04:00,2025-03-25 21:55:00+00:00,AECO,REAL_TIME_5_MIN,51291,AECO,ZONE,39.25,36.470000000000006,1.98,0.8
2025-03-25T17:55:00-04:00,2025-03-25 21:55:00+00:00,2025-03-25T18:00:00-04:00,2025-03-25 22:00:00+00:00,AECO,REAL_TIME_5_MIN,51291,AECO,ZONE,31.3,30.009999999999998,0.67,0.62
2025-03-25T18:00:00-04:00,2025-03-25 22:00:00+00:00,2025-03-25T18:05:00-04:00,2025-03-25 22:05:00+00:00,AECO,REAL_TIME_5_MIN,51291,AECO,ZONE,31.06,29.71,0.65,0.7
2025-03-25T18:05:00-04:00,2025-03-25 22:05:00+00:00,2025-03-25T18:10:00-04:00,2025-03-25 22:10:00+00:00,AECO,REAL_TIME_5_MIN,51291,AECO,ZONE,31.85,27.630000000000003,3.52,0.7
2025-03-25T18:10:00-04:00,2025-03-25 22:10:00+00:00,2025-03-25T18:15:00-04:00,2025-03-25 22:15:00+00:00,AECO,REAL_TIME_5_MIN,51291,AECO,ZONE,31.61,29.999999999999996,0.76,0.85
2025-03-25T18:15:00-04:00,2025-03-25 22:15:00+00:00,2025-03-25T18:20:00-04:00,2025-03-25 22:20:00+00:00,AECO,REAL_TIME_5_MIN,51291,AECO,ZONE,34.94,29.119999999999997,5.14,0.68
2025-03-25T18:20:00-04:00,2025-03-25 22:20:00+00:00,2025-03-25T18:25:00-04:00,2025-03-25 22:25:00+00:00,AECO,REAL_TIME_5_MIN,51291,AECO,ZONE,31.31,29.98,0.74,0.59
2025-03-25T18:25:00-04:00,2025-03-25 22:25:00+00:00,2025-03-25T18:30:00-04:00,2025-03-25 22:30:00+00:00,AECO,REAL_TIME_5_MIN,51291,AECO,ZONE,52.99,49.410000000000004,2.54,1.04
2025-03-25T18:30:00-04:00,2025-03-25 22:30:00+00:00,2025-03-25T18:35:00-04:00,2025-03-25 22:35:00+00:00,AECO,REAL_TIME_5_MIN,51291,AECO,ZONE,39.13,37.92,0.49,0.72
2025-03-25T18:35:00-04:00,2025-03-25 22:35:00+00:00,2025-03-25T18:40:00-04:00,2025-03-25 22:40:00+00:00,AECO,REAL_TIME_5_MIN,51291,AECO,ZONE,40.05,38.98,0.43,0.64
2025-03-25T18:40:00-04:00,2025-03-25 22:40:00+00:00,2025-03-25T18:45:00-04:00,2025-03-25 22:45:00+00:00,AECO,REAL_TIME_5_MIN,51291,AECO,ZONE,58.83,51.489999999999995,6.39,0.95
2025-03-25T18:45:00-04:00,2025-03-25 22:45:00+00:00,2025-03-25T18:50:00-04:00,2025-03-25 22:50:00+00:00,AECO,REAL_TIME_5_MIN,51291,AECO,ZONE,48.57,44.620000000000005,3.04,0.91
2025-03-25T18:50:00-04:00,2025-03-25 22:50:00+00:00,2025-03-25T18:55:00-04:00,2025-03-25 22:55:00+00:00,AECO,REAL_TIME_5_MIN,51291,AECO,ZONE,51.99,48.870000000000005,2.08,1.04
2025-03-25T18:55:00-04:00,2025-03-25 22:55:00+00:00,2025-03-25T19:00:00-04:00,2025-03-25 23:00:00+00:00,AECO,REAL_TIME_5_MIN,51291,AECO,ZONE,42.67,42.81,-1.02,0.88
2025-03-25T19:00:00-04:00,2025-03-25 23:00:00+00:00,2025-03-25T19:05:00-04:00,2025-03-25 23:05:00+00:00,AECO,REAL_TIME_5_MIN,51291,AECO,ZONE,33.25,32.37,0.31,0.57
2025-03-25T19:05:00-04:00,2025-03-25 23:05:00+00:00,2025-03-25T19:10:00-04:00,2025-03-25 23:10:00+00:00,AECO,REAL_TIME_5_MIN,51291,AECO,ZONE,34.13,33.220000000000006,0.29,0.62
2025-03-25T19:10:00-04:00,2025-03-25 23:10:00+00:00,2025-03-25T19:15:00-04:00,2025-03-25 23:15:00+00:00,AECO,REAL_TIME_5_MIN,51291,AECO,ZONE,39.82,39.12,-0.08,0.78
2025-03-25T19:15:00-04:00,2025-03-25 23:15:00+00:00,2025-03-25T19:20:00-04:00,2025-03-25 23:20:00+00:00,AECO,REAL_TIME_5_MIN,51291,AECO,ZONE,35.82,35.199999999999996,-0.08,0.7
2025-03-25T19:20:00-04:00,2025-03-25 23:20:00+00:00,2025-03-25T19:25:00-04:00,2025-03-25 23:25:00+00:00,AECO,REAL_TIME_5_MIN,51291,AECO,ZONE,52.64,51.09,0.48,1.07
2025-03-25T19:25:00-04:00,2025-03-25 23:25:00+00:00,2025-03-25T19:30:00-04:00,2025-03-25 23:30:00+00:00,AECO,REAL_TIME_5_MIN,51291,AECO,ZONE,54.93,53.089999999999996,0.77,1.07
2025-03-25T19:30:00-04:00,2025-03-25 23:30:00+00:00,2025-03-25T19:35:00-04:00,2025-03-25 23:35:00+00:00,AECO,REAL_TIME_5_MIN,51291,AECO,ZONE,72.6,70.58,0.57,1.45
2025-03-25T19:35:00-04:00,2025-03-25 23:35:00+00:00,2025-03-25T19:40:00-04:00,2025-03-25 23:40:00+00:00,AECO,REAL_TIME_5_MIN,51291,AECO,ZONE,77.21,75.02,0.86,1.33
2025-03-25T19:40:00-04:00,2025-03-25 23:40:00+00:00,2025-03-25T19:45:00-04:00,2025-03-25 23:45:00+00:00,AECO,REAL_TIME_5_MIN,51291,AECO,ZONE,75.26,72.66,1.31,1.29
2025-03-25T19:45:00-04:00,2025-03-25 23:45:00+00:00,2025-03-25T19:50:00-04:00,2025-03-25 23:50:00+00:00,AECO,REAL_TIME_5_MIN,51291,AECO,ZONE,76.38,74.97999999999999,-0.07,1.47
2025-03-25T19:50:00-04:00,2025-03-25 23:50:00+00:00,2025-03-25T19:55:00-04:00,2025-03-25 23:55:00+00:00,AECO,REAL_TIME_5_MIN,51291,AECO,ZONE,68.54,67.31,-0.07,1.3
2025-03-25T19:55:00-04:00,2025-03-25 23:55:00+00:00,2025-03-25T20:00:00-04:00,2025-03-26 00:00:00+00:00,AECO,REAL_TIME_5_MIN,51291,AECO,ZONE,76.4,75.15,-0.07,1.32
2025-03-25T20:00:00-04:00,2025-03-26 00:00:00+00:00,2025-03-25T20:05:00-04:00,2025-03-26 00:05:00+00:00,AECO,REAL_TIME_5_MIN,51291,AECO,ZONE,126.33,124.25999999999999,-0.05,2.12
2025-03-25T20:05:00-04:00,2025-03-26 00:05:00+00:00,2025-03-25T20:10:00-04:00,2025-03-26 00:10:00+00:00,AECO,REAL_TIME_5_MIN,51291,AECO,ZONE,92.51,104.79,-14.06,1.78
2025-03-25T20:10:00-04:00,2025-03-26 00:10:00+00:00,2025-03-25T20:15:00-04:00,2025-03-26 00:15:00+00:00,AECO,REAL_TIME_5_MIN,51291,AECO,ZONE,94.21,106.5,-14.11,1.82
2025-03-25T20:15:00-04:00,2025-03-26 00:15:00+00:00,2025-03-25T20:20:00-04:00,2025-03-26 00:20:00+00:00,AECO,REAL_TIME_5_MIN,51291,AECO,ZONE,77.05,75.88,-0.07,1.24
2025-03-25T20:20:00-04:00,2025-03-26 00:20:00+00:00,2025-03-25T20:25:00-04:00,2025-03-26 00:25:00+00:00,AECO,REAL_TIME_5_MIN,51291,AECO,ZONE,71.51,74.61,-4.28,1.18
2025-03-25T20:25:00-04:00,2025-03-26 00:25:00+00:00,2025-03-25T20:30:00-04:00,2025-03-26 00:30:00+00:00,AECO,REAL_TIME_5_MIN,51291,AECO,ZONE,44.88,52.160000000000004,-8.0,0.72
2025-03-25T20:30:00-04:00,2025-03-26 00:30:00+00:00,2025-03-25T20:35:00-04:00,2025-03-26 00:35:00+00:00,AECO,REAL_TIME_5_MIN,51291,AECO,ZONE,47.96,47.730000000000004,-0.45,0.68
2025-03-25T20:35:00-04:00,2025-03-26 00:35:00+00:00,2025-03-25T20:40:00-04:00,2025-03-26 00:40:00+00:00,AECO,REAL_TIME_5_MIN,51291,AECO,ZONE,55.07,56.11,-1.85,0.81
2025-03-25T20:40:00-04:00,2025-03-26 00:40:00+00:00,2025-03-25T20:45:00-04:00,2025-03-26 00:45:00+00:00,AECO,REAL_TIME_5_MIN,51291,AECO,ZONE,53.25,54.599999999999994,-2.19,0.84
2025-03-25T20:45:00-04:00,2025-03-26 00:45:00+00:00,2025-03-25T20:50:00-04:00,2025-03-26 00:50:00+00:00,AECO,REAL_TIME_5_MIN,51291,AECO,ZONE,44.43,58.9,-15.23,0.76
2025-03-25T20:50:00-04:00,2025-03-26 00:50:00+00:00,2025-03-25T20:55:00-04:00,2025-03-26 00:55:00+00:00,AECO,REAL_TIME_5_MIN,51291,AECO,ZONE,40.87,47.36,-7.11,0.62
2025-03-25T20:55:00-04:00,2025-03-26 00:55:00+00:00,2025-03-25T21:00:00-04:00,2025-03-26 01:00:00+00:00,AECO,REAL_TIME_5_MIN,51291,AECO,ZONE,40.54,50.39,-10.47,0.62
2025-03-25T21:00:00-04:00,2025-03-26 01:00:00+00:00,2025-03-25T21:05:00-04:00,2025-03-26 01:05:00+00:00,AECO,REAL_TIME_5_MIN,51291,AECO,ZONE,32.3,40.92,-9.13,0.51
2025-03-25T21:05:00-04:00,2025-03-26 01:05:00+00:00,2025-03-25T21:10:00-04:00,2025-03-26 01:10:00+00:00,AECO,REAL_TIME_5_MIN,51291,AECO,ZONE,29.61,34.96,-5.79,0.44
2025-03-25T21:10:00-04:00,2025-03-26 01:10:00+00:00,2025-03-25T21:15:00-04:00,2025-03-26 01:15:00+00:00,AECO,REAL_TIME_5_MIN,51291,AECO,ZONE,34.4,45.88,-12.03,0.55
2025-03-25T21:15:00-04:00,2025-03-26 01:15:00+00:00,2025-03-25T21:20:00-04:00,2025-03-26 01:20:00+00:00,AECO,REAL_TIME_5_MIN,51291,AECO,ZONE,35.18,53.39,-18.79,0.58
2025-03-25T21:20:00-04:00,2025-03-26 01:20:00+00:00,2025-03-25T21:25:00-04:00,2025-03-26 01:25:00+00:00,AECO,REAL_TIME_5_MIN,51291,AECO,ZONE,32.9,67.74000000000001,-35.59,0.75
2025-03-25T21:25:00-04:00,2025-03-26 01:25:00+00:00,2025-03-25T21:30:00-04:00,2025-03-26 01:30:00+00:00,AECO,REAL_TIME_5_MIN,51291,AECO,ZONE,28.41,34.9,-6.85,0.36
2025-03-25T21:30:00-04:00,2025-03-26 01:30:00+00:00,2025-03-25T21:35:00-04:00,2025-03-26 01:35:00+00:00,AECO,REAL_TIME_5_MIN,51291,AECO,ZONE,28.86,53.17999999999999,-24.88,0.56
2025-03-25T21:35:00-04:00,2025-03-26 01:35:00+00:00,2025-03-25T21:40:00-04:00,2025-03-26 01:40:00+00:00,AECO,REAL_TIME_5_MIN,51291,AECO,ZONE,32.07,46.879999999999995,-15.34,0.53
2025-03-25T21:40:00-04:00,2025-03-26 01:40:00+00:00,2025-03-25T21:45:00-04:00,2025-03-26 01:45:00+00:00,AECO,REAL_TIME_5_MIN,51291,AECO,ZONE,26.61,66.30999999999999,-40.43,0.73
2025-03-25T21:45:00-04:00,2025-03-26 01:45:00+00:00,2025-03-25T21:50:00-04:00,2025-03-26 01:50:00+00:00,AECO,REAL_TIME_5_MIN,51291,AECO,ZONE,30.65,43.449999999999996,-13.43,0.63
2025-03-25T21:50:00-04:00,2025-03-26 01:50:00+00:00,2025-03-25T21:55:00-04:00,2025-03-26 01:55:00+00:00,AECO,REAL_TIME_5_MIN,51291,AECO,ZONE,27.25,52.13,-25.61,0.73
2025-03-25T21:55:00-04:00,2025-03-26 01:55:00+00:00,2025-03-25T22:00:00-04:00,2025-03-26 02:00:00+00:00,AECO,REAL_TIME_5_MIN,51291,AECO,ZONE,31.08,41.54,-11.03,0.57
2025-03-25T22:00:00-04:00,2025-03-26 02:00:00+00:00,2025-03-25T22:05:00-04:00,2025-03-26 02:05:00+00:00,AECO,REAL_TIME_5_MIN,51291,AECO,ZONE,28.19,87.26,-59.98,0.91
2025-03-25T22:05:00-04:00,2025-03-26 02:05:00+00:00,2025-03-25T22:10:00-04:00,2025-03-26 02:10:00+00:00,AECO,REAL_TIME_5_MIN,51291,AECO,ZONE,26.07,66.8,-41.47,0.74
2025-03-25T22:10:00-04:00,2025-03-26 02:10:00+00:00,2025-03-25T22:15:00-04:00,2025-03-26 02:15:00+00:00,AECO,REAL_TIME_5_MIN,51291,AECO,ZONE,31.94,87.29,-56.01,0.66
2025-03-25T22:15:00-04:00,2025-03-26 02:15:00+00:00,2025-03-25T22:20:00-04:00,2025-03-26 02:20:00+00:00,AECO,REAL_TIME_5_MIN,51291,AECO,ZONE,40.76,90.27000000000001,-50.42,0.91
2025-03-25T22:20:00-04:00,2025-03-26 02:20:00+00:00,2025-03-25T22:25:00-04:00,2025-03-26 02:25:00+00:00,AECO,REAL_TIME_5_MIN,51291,AECO,ZONE,28.92,61.230000000000004,-32.77,0.46
2025-03-25T22:25:00-04:00,2025-03-26 02:25:00+00:00,2025-03-25T22:30:00-04:00,2025-03-26 02:30:00+00:00,AECO,REAL_TIME_5_MIN,51291,AECO,ZONE,26.61,43.949999999999996,-17.66,0.32
2025-03-25T22:30:00-04:00,2025-03-26 02:30:00+00:00,2025-03-25T22:35:00-04:00,2025-03-26 02:35:00+00:00,AECO,REAL_TIME_5_MIN,51291,AECO,ZONE,24.75,38.410000000000004,-13.99,0.33
2025-03-25T22:35:00-04:00,2025-03-26 02:35:00+00:00,2025-03-25T22:40:00-04:00,2025-03-26 02:40:00+00:00,AECO,REAL_TIME_5_MIN,51291,AECO,ZONE,23.52,40.99999999999999,-17.83,0.35
2025-03-25T22:40:00-04:00,2025-03-26 02:40:00+00:00,2025-03-25T22:45:00-04:00,2025-03-26 02:45:00+00:00,AECO,REAL_TIME_5_MIN,51291,AECO,ZONE,25.86,67.23,-41.84,0.47
2025-03-25T22:45:00-04:00,2025-03-26 02:45:00+00:00,2025-03-25T22:50:00-04:00,2025-03-26 02:50:00+00:00,AECO,REAL_TIME_5_MIN,51291,AECO,ZONE,24.49,67.77,-43.61,0.33
2025-03-25T22:50:00-04:00,2025-03-26 02:50:00+00:00,2025-03-25T22:55:00-04:00,2025-03-26 02:55:00+00:00,AECO,REAL_TIME_5_MIN,51291,AECO,ZONE,23.79,41.629999999999995,-18.04,0.2
2025-03-25T22:55:00-04:00,2025-03-26 02:55:00+00:00,2025-03-25T23:00:00-04:00,2025-03-26 03:00:00+00:00,AECO,REAL_TIME_5_MIN,51291,AECO,ZONE,24.76,58.13999999999999,-33.76,0.38
2025-03-25T23:00:00-04:00,2025-03-26 03:00:00+00:00,2025-03-25T23:05:00-04:00,2025-03-26 03:05:00+00:00,AECO,REAL_TIME_5_MIN,51291,AECO,ZONE,29.76,57.06,-27.63,0.33
2025-03-25T23:05:00-04:00,2025-03-26 03:05:00+00:00,2025-03-25T23:10:00-04:00,2025-03-26 03:10:00+00:00,AECO,REAL_TIME_5_MIN,51291,AECO,ZONE,25.19,58.279999999999994,-33.3,0.21
2025-03-25T23:10:00-04:00,2025-03-26 03:10:00+00:00,2025-03-25T23:15:00-04:00,2025-03-26 03:15:00+00:00,AECO,REAL_TIME_5_MIN,51291,AECO,ZONE,26.33,64.71,-38.56,0.18
2025-03-25T23:15:00-04:00,2025-03-26 03:15:00+00:00,2025-03-25T23:20:00-04:00,2025-03-26 03:20:00+00:00,AECO,REAL_TIME_5_MIN,51291,AECO,ZONE,29.32,76.50999999999999,-47.47,0.28
2025-03-25T23:20:00-04:00,2025-03-26 03:20:00+00:00,2025-03-25T23:25:00-04:00,2025-03-26 03:25:00+00:00,AECO,REAL_TIME_5_MIN,51291,AECO,ZONE,49.79,82.08999999999999,-32.69,0.39
2025-03-25T23:25:00-04:00,2025-03-26 03:25:00+00:00,2025-03-25T23:30:00-04:00,2025-03-26 03:30:00+00:00,AECO,REAL_TIME_5_MIN,51291,AECO,ZONE,34.11,41.96,-8.18,0.33
2025-03-25T23:30:00-04:00,2025-03-26 03:30:00+00:00,2025-03-25T23:35:00-04:00,2025-03-26 03:35:00+00:00,AECO,REAL_TIME_5_MIN,51291,AECO,ZONE,30.14,64.46,-34.8,0.48
2025-03-25T23:35:00-04:00,2025-03-26 03:35:00+00:00,2025-03-25T23:40:00-04:00,2025-03-26 03:40:00+00:00,AECO,REAL_TIME_5_MIN,51291,AECO,ZONE,48.76,48.33,0.0,0.43
2025-03-25T23:40:00-04:00,2025-03-26 03:40:00+00:00,2025-03-25T23:45:00-04:00,2025-03-26 03:45:00+00:00,AECO,REAL_TIME_5_MIN,51291,AECO,ZONE,28.46,33.04,-4.84,0.26
2025-03-25T23:45:00-04:00,2025-03-26 03:45:00+00:00,2025-03-25T23:50:00-04:00,2025-03-26 03:50:00+00:00,AECO,REAL_TIME_5_MIN,51291,AECO,ZONE,36.42,36.83,-0.62,0.21
2025-03-25T23:50:00-04:00,2025-03-26 03:50:00+00:00,2025-03-25T23:55:00-04:00,2025-03-26 03:55:00+00:00,AECO,REAL_TIME_5_MIN,51291,AECO,ZONE,41.91,42.519999999999996,-0.85,0.24
2025-03-25T23:55:00-04:00,2025-03-26 03:55:00+00:00,2025-03-26T00:00:00-04:00,2025-03-26 04:00:00+00:00,AECO,REAL_TIME_5_MIN,51291,AECO,ZONE,31.29,31.529999999999998,-0.41,0.17
