interval_start_local,interval_start_utc,interval_end_local,interval_end_utc,location,lmp
2025-03-24T00:00:00-05:00,2025-03-24 05:00:00+00:00,2025-03-24T00:05:00-05:00,2025-03-24 05:05:00+00:00,HB_HOUSTON,27.25
2025-03-24T00:05:00-05:00,2025-03-24 05:05:00+00:00,2025-03-24T00:10:00-05:00,2025-03-24 05:10:00+00:00,HB_HOUSTON,27.13
2025-03-24T00:10:00-05:00,2025-03-24 05:10:00+00:00,2025-03-24T00:15:00-05:00,2025-03-24 05:15:00+00:00,HB_HOUSTON,28.25
2025-03-24T00:15:00-05:00,2025-03-24 05:15:00+00:00,2025-03-24T00:20:00-05:00,2025-03-24 05:20:00+00:00,HB_HOUSTON,28.28
2025-03-24T00:20:00-05:00,2025-03-24 05:20:00+00:00,2025-03-24T00:25:00-05:00,2025-03-24 05:25:00+00:00,HB_HOUSTON,28.56
2025-03-24T00:25:00-05:00,2025-03-24 05:25:00+00:00,2025-03-24T00:30:00-05:00,2025-03-24 05:30:00+00:00,HB_HOUSTON,28.63
2025-03-24T00:30:00-05:00,2025-03-24 05:30:00+00:00,2025-03-24T00:35:00-05:00,2025-03-24 05:35:00+00:00,HB_HOUSTON,28.72
2025-03-24T00:35:00-05:00,2025-03-24 05:35:00+00:00,2025-03-24T00:40:00-05:00,2025-03-24 05:40:00+00:00,HB_HOUSTON,29.14
2025-03-24T00:40:00-05:00,2025-03-24 05:40:00+00:00,2025-03-24T00:45:00-05:00,2025-03-24 05:45:00+00:00,HB_HOUSTON,29.41
2025-03-24T00:45:00-05:00,2025-03-24 05:45:00+00:00,2025-03-24T00:50:00-05:00,2025-03-24 05:50:00+00:00,HB_HOUSTON,29.19
2025-03-24T00:50:00-05:00,2025-03-24 05:50:00+00:00,2025-03-24T00:55:00-05:00,2025-03-24 05:55:00+00:00,HB_HOUSTON,29.11
2025-03-24T00:55:00-05:00,2025-03-24 05:55:00+00:00,2025-03-24T01:00:00-05:00,2025-03-24 06:00:00+00:00,HB_HOUSTON,29.14
2025-03-24T01:00:00-05:00,2025-03-24 06:00:00+00:00,2025-03-24T01:05:00-05:00,2025-03-24 06:05:00+00:00,HB_HOUSTON,28.89
2025-03-24T01:05:00-05:00,2025-03-24 06:05:00+00:00,2025-03-24T01:10:00-05:00,2025-03-24 06:10:00+00:00,HB_HOUSTON,28.88
2025-03-24T01:10:00-05:00,2025-03-24 06:10:00+00:00,2025-03-24T01:15:00-05:00,2025-03-24 06:15:00+00:00,HB_HOUSTON,28.49
2025-03-24T01:15:00-05:00,2025-03-24 06:15:00+00:00,2025-03-24T01:20:00-05:00,2025-03-24 06:20:00+00:00,HB_HOUSTON,27.5
2025-03-24T01:20:00-05:00,2025-03-24 06:20:00+00:00,2025-03-24T01:25:00-05:00,2025-03-24 06:25:00+00:00,HB_HOUSTON,25.46
2025-03-24T01:25:00-05:00,2025-03-24 06:25:00+00:00,2025-03-24T01:30:00-05:00,2025-03-24 06:30:00+00:00,HB_HOUSTON,25.03
2025-03-24T01:30:00-05:00,2025-03-24 06:30:00+00:00,2025-03-24T01:35:00-05:00,2025-03-24 06:35:00+00:00,HB_HOUSTON,25.24
2025-03-24T01:35:00-05:00,2025-03-24 06:35:00+00:00,2025-03-24T01:40:00-05:00,2025-03-24 06:40:00+00:00,HB_HOUSTON,25.75
2025-03-24T01:40:00-05:00,2025-03-24 06:40:00+00:00,2025-03-24T01:45:00-05:00,2025-03-24 06:45:00+00:00,HB_HOUSTON,26.19
2025-03-24T01:45:00-05:00,2025-03-24 06:45:00+00:00,2025-03-24T01:50:00-05:00,2025-03-24 06:50:00+00:00,HB_HOUSTON,27.65
2025-03-24T01:50:00-05:00,2025-03-24 06:50:00+00:00,2025-03-24T01:55:00-05:00,2025-03-24 06:55:00+00:00,HB_HOUSTON,29.16
2025-03-24T01:55:00-05:00,2025-03-24 06:55:00+00:00,2025-03-24T02:00:00-05:00,2025-03-24 07:00:00+00:00,HB_HOUSTON,28.11
2025-03-24T02:00:00-05:00,2025-03-24 07:00:00+00:00,2025-03-24T02:05:00-05:00,2025-03-24 07:05:00+00:00,HB_HOUSTON,26.21
2025-03-24T02:05:00-05:00,2025-03-24 07:05:00+00:00,2025-03-24T02:10:00-05:00,2025-03-24 07:10:00+00:00,HB_HOUSTON,26.25
2025-03-24T02:10:00-05:00,2025-03-24 07:10:00+00:00,2025-03-24T02:15:00-05:00,2025-03-24 07:15:00+00:00,HB_HOUSTON,25.3
2025-03-24T02:15:00-05:00,2025-03-24 07:15:00+00:00,2025-03-24T02:20:00-05:00,2025-03-24 07:20:00+00:00,HB_HOUSTON,25.27
2025-03-24T02:20:00-05:00,2025-03-24 07:20:00+00:00,2025-03-24T02:25:00-05:00,2025-03-24 07:25:00+00:00,HB_HOUSTON,24.44
2025-03-24T02:25:00-05:00,2025-03-24 07:25:00+00:00,2025-03-24T02:30:00-05:00,2025-03-24 07:30:00+00:00,HB_HOUSTON,24.51
2025-03-24T02:30:00-05:00,2025-03-24 07:30:00+00:00,2025-03-24T02:35:00-05:00,2025-03-24 07:35:00+00:00,HB_HOUSTON,24.73
2025-03-24T02:35:00-05:00,2025-03-24 07:35:00+00:00,2025-03-24T02:40:00-05:00,2025-03-24 07:40:00+00:00,HB_HOUSTON,24.11
2025-03-24T02:40:00-05:00,2025-03-24 07:40:00+00:00,2025-03-24T02:45:00-05:00,2025-03-24 07:45:00+00:00,HB_HOUSTON,23.38
2025-03-24T02:45:00-05:00,2025-03-24 07:45:00+00:00,2025-03-24T02:50:00-05:00,2025-03-24 07:50:00+00:00,HB_HOUSTON,23.14
2025-03-24T02:50:00-05:00,2025-03-24 07:50:00+00:00,2025-03-24T02:55:00-05:00,2025-03-24 07:55:00+00:00,HB_HOUSTON,22.9
2025-03-24T02:55:00-05:00,2025-03-24 07:55:00+00:00,2025-03-24T03:00:00-05:00,2025-03-24 08:00:00+00:00,HB_HOUSTON,23
2025-03-24T03:00:00-05:00,2025-03-24 08:00:00+00:00,2025-03-24T03:05:00-05:00,2025-03-24 08:05:00+00:00,HB_HOUSTON,21.3
2025-03-24T03:05:00-05:00,2025-03-24 08:05:00+00:00,2025-03-24T03:10:00-05:00,2025-03-24 08:10:00+00:00,HB_HOUSTON,22.65
2025-03-24T03:10:00-05:00,2025-03-24 08:10:00+00:00,2025-03-24T03:15:00-05:00,2025-03-24 08:15:00+00:00,HB_HOUSTON,22.68
2025-03-24T03:15:00-05:00,2025-03-24 08:15:00+00:00,2025-03-24T03:20:00-05:00,2025-03-24 08:20:00+00:00,HB_HOUSTON,22.86
2025-03-24T03:20:00-05:00,2025-03-24 08:20:00+00:00,2025-03-24T03:25:00-05:00,2025-03-24 08:25:00+00:00,HB_HOUSTON,23.03
2025-03-24T03:25:00-05:00,2025-03-24 08:25:00+00:00,2025-03-24T03:30:00-05:00,2025-03-24 08:30:00+00:00,HB_HOUSTON,22.04
2025-03-24T03:30:00-05:00,2025-03-24 08:30:00+00:00,2025-03-24T03:35:00-05:00,2025-03-24 08:35:00+00:00,HB_HOUSTON,22.15
2025-03-24T03:35:00-05:00,2025-03-24 08:35:00+00:00,2025-03-24T03:40:00-05:00,2025-03-24 08:40:00+00:00,HB_HOUSTON,22.2
2025-03-24T03:40:00-05:00,2025-03-24 08:40:00+00:00,2025-03-24T03:45:00-05:00,2025-03-24 08:45:00+00:00,HB_HOUSTON,22.41
2025-03-24T03:45:00-05:00,2025-03-24 08:45:00+00:00,2025-03-24T03:50:00-05:00,2025-03-24 08:50:00+00:00,HB_HOUSTON,22.46
2025-03-24T03:50:00-05:00,2025-03-24 08:50:00+00:00,2025-03-24T03:55:00-05:00,2025-03-24 08:55:00+00:00,HB_HOUSTON,21.94
2025-03-24T03:55:00-05:00,2025-03-24 08:55:00+00:00,2025-03-24T04:00:00-05:00,2025-03-24 09:00:00+00:00,HB_HOUSTON,21.6
2025-03-24T04:00:00-05:00,2025-03-24 09:00:00+00:00,2025-03-24T04:05:00-05:00,2025-03-24 09:05:00+00:00,HB_HOUSTON,21.59
2025-03-24T04:05:00-05:00,2025-03-24 09:05:00+00:00,2025-03-24T04:10:00-05:00,2025-03-24 09:10:00+00:00,HB_HOUSTON,22.22
2025-03-24T04:10:00-05:00,2025-03-24 09:10:00+00:00,2025-03-24T04:15:00-05:00,2025-03-24 09:15:00+00:00,HB_HOUSTON,22.91
2025-03-24T04:15:00-05:00,2025-03-24 09:15:00+00:00,2025-03-24T04:20:00-05:00,2025-03-24 09:20:00+00:00,HB_HOUSTON,23.51
2025-03-24T04:20:00-05:00,2025-03-24 09:20:00+00:00,2025-03-24T04:25:00-05:00,2025-03-24 09:25:00+00:00,HB_HOUSTON,23.18
2025-03-24T04:25:00-05:00,2025-03-24 09:25:00+00:00,2025-03-24T04:30:00-05:00,2025-03-24 09:30:00+00:00,HB_HOUSTON,22.86
2025-03-24T04:30:00-05:00,2025-03-24 09:30:00+00:00,2025-03-24T04:35:00-05:00,2025-03-24 09:35:00+00:00,HB_HOUSTON,22.77
2025-03-24T04:35:00-05:00,2025-03-24 09:35:00+00:00,2025-03-24T04:40:00-05:00,2025-03-24 09:40:00+00:00,HB_HOUSTON,22.7
2025-03-24T04:40:00-05:00,2025-03-24 09:40:00+00:00,2025-03-24T04:45:00-05:00,2025-03-24 09:45:00+00:00,HB_HOUSTON,23.39
2025-03-24T04:45:00-05:00,2025-03-24 09:45:00+00:00,2025-03-24T04:50:00-05:00,2025-03-24 09:50:00+00:00,HB_HOUSTON,22.84
2025-03-24T04:50:00-05:00,2025-03-24 09:50:00+00:00,2025-03-24T04:55:00-05:00,2025-03-24 09:55:00+00:00,HB_HOUSTON,22.72
2025-03-24T04:55:00-05:00,2025-03-24 09:55:00+00:00,2025-03-24T05:00:00-05:00,2025-03-24 10:00:00+00:00,HB_HOUSTON,22.5
2025-03-24T05:00:00-05:00,2025-03-24 10:00:00+00:00,2025-03-24T05:05:00-05:00,2025-03-24 10:05:00+00:00,HB_HOUSTON,22.56
2025-03-24T05:05:00-05:00,2025-03-24 10:05:00+00:00,2025-03-24T05:10:00-05:00,2025-03-24 10:10:00+00:00,HB_HOUSTON,23.09
2025-03-24T05:10:00-05:00,2025-03-24 10:10:00+00:00,2025-03-24T05:15:00-05:00,2025-03-24 10:15:00+00:00,HB_HOUSTON,23.76
2025-03-24T05:15:00-05:00,2025-03-24 10:15:00+00:00,2025-03-24T05:20:00-05:00,2025-03-24 10:20:00+00:00,HB_HOUSTON,24.05
2025-03-24T05:20:00-05:00,2025-03-24 10:20:00+00:00,2025-03-24T05:25:00-05:00,2025-03-24 10:25:00+00:00,HB_HOUSTON,23.87
2025-03-24T05:25:00-05:00,2025-03-24 10:25:00+00:00,2025-03-24T05:30:00-05:00,2025-03-24 10:30:00+00:00,HB_HOUSTON,24.21
2025-03-24T05:30:00-05:00,2025-03-24 10:30:00+00:00,2025-03-24T05:35:00-05:00,2025-03-24 10:35:00+00:00,HB_HOUSTON,24.47
2025-03-24T05:35:00-05:00,2025-03-24 10:35:00+00:00,2025-03-24T05:40:00-05:00,2025-03-24 10:40:00+00:00,HB_HOUSTON,25.25
2025-03-24T05:40:00-05:00,2025-03-24 10:40:00+00:00,2025-03-24T05:45:00-05:00,2025-03-24 10:45:00+00:00,HB_HOUSTON,27.51
2025-03-24T05:45:00-05:00,2025-03-24 10:45:00+00:00,2025-03-24T05:50:00-05:00,2025-03-24 10:50:00+00:00,HB_HOUSTON,28.35
2025-03-24T05:50:00-05:00,2025-03-24 10:50:00+00:00,2025-03-24T05:55:00-05:00,2025-03-24 10:55:00+00:00,HB_HOUSTON,28.38
2025-03-24T05:55:00-05:00,2025-03-24 10:55:00+00:00,2025-03-24T06:00:00-05:00,2025-03-24 11:00:00+00:00,HB_HOUSTON,32.95
2025-03-24T06:00:00-05:00,2025-03-24 11:00:00+00:00,2025-03-24T06:05:00-05:00,2025-03-24 11:05:00+00:00,HB_HOUSTON,29.52
2025-03-24T06:05:00-05:00,2025-03-24 11:05:00+00:00,2025-03-24T06:10:00-05:00,2025-03-24 11:10:00+00:00,HB_HOUSTON,30.92
2025-03-24T06:10:00-05:00,2025-03-24 11:10:00+00:00,2025-03-24T06:15:00-05:00,2025-03-24 11:15:00+00:00,HB_HOUSTON,33.73
2025-03-24T06:15:00-05:00,2025-03-24 11:15:00+00:00,2025-03-24T06:20:00-05:00,2025-03-24 11:20:00+00:00,HB_HOUSTON,33.55
2025-03-24T06:20:00-05:00,2025-03-24 11:20:00+00:00,2025-03-24T06:25:00-05:00,2025-03-24 11:25:00+00:00,HB_HOUSTON,34.54
2025-03-24T06:25:00-05:00,2025-03-24 11:25:00+00:00,2025-03-24T06:30:00-05:00,2025-03-24 11:30:00+00:00,HB_HOUSTON,38.26
2025-03-24T06:30:00-05:00,2025-03-24 11:30:00+00:00,2025-03-24T06:35:00-05:00,2025-03-24 11:35:00+00:00,HB_HOUSTON,39.68
2025-03-24T06:35:00-05:00,2025-03-24 11:35:00+00:00,2025-03-24T06:40:00-05:00,2025-03-24 11:40:00+00:00,HB_HOUSTON,35.75
2025-03-24T06:40:00-05:00,2025-03-24 11:40:00+00:00,2025-03-24T06:45:00-05:00,2025-03-24 11:45:00+00:00,HB_HOUSTON,35.76
2025-03-24T06:45:00-05:00,2025-03-24 11:45:00+00:00,2025-03-24T06:50:00-05:00,2025-03-24 11:50:00+00:00,HB_HOUSTON,36.91
2025-03-24T06:50:00-05:00,2025-03-24 11:50:00+00:00,2025-03-24T06:55:00-05:00,2025-03-24 11:55:00+00:00,HB_HOUSTON,35.09
2025-03-24T06:55:00-05:00,2025-03-24 11:55:00+00:00,2025-03-24T07:00:00-05:00,2025-03-24 12:00:00+00:00,HB_HOUSTON,38.42
2025-03-24T07:00:00-05:00,2025-03-24 12:00:00+00:00,2025-03-24T07:05:00-05:00,2025-03-24 12:05:00+00:00,HB_HOUSTON,35.26
2025-03-24T07:05:00-05:00,2025-03-24 12:05:00+00:00,2025-03-24T07:10:00-05:00,2025-03-24 12:10:00+00:00,HB_HOUSTON,35.35
2025-03-24T07:10:00-05:00,2025-03-24 12:10:00+00:00,2025-03-24T07:15:00-05:00,2025-03-24 12:15:00+00:00,HB_HOUSTON,38.23
2025-03-24T07:15:00-05:00,2025-03-24 12:15:00+00:00,2025-03-24T07:20:00-05:00,2025-03-24 12:20:00+00:00,HB_HOUSTON,39.03
2025-03-24T07:20:00-05:00,2025-03-24 12:20:00+00:00,2025-03-24T07:25:00-05:00,2025-03-24 12:25:00+00:00,HB_HOUSTON,39.02
2025-03-24T07:25:00-05:00,2025-03-24 12:25:00+00:00,2025-03-24T07:30:00-05:00,2025-03-24 12:30:00+00:00,HB_HOUSTON,37.6
2025-03-24T07:30:00-05:00,2025-03-24 12:30:00+00:00,2025-03-24T07:35:00-05:00,2025-03-24 12:35:00+00:00,HB_HOUSTON,35.5
2025-03-24T07:35:00-05:00,2025-03-24 12:35:00+00:00,2025-03-24T07:40:00-05:00,2025-03-24 12:40:00+00:00,HB_HOUSTON,33.78
2025-03-24T07:40:00-05:00,2025-03-24 12:40:00+00:00,2025-03-24T07:45:00-05:00,2025-03-24 12:45:00+00:00,HB_HOUSTON,32.99
2025-03-24T07:45:00-05:00,2025-03-24 12:45:00+00:00,2025-03-24T07:50:00-05:00,2025-03-24 12:50:00+00:00,HB_HOUSTON,32.95
2025-03-24T07:50:00-05:00,2025-03-24 12:50:00+00:00,2025-03-24T07:55:00-05:00,2025-03-24 12:55:00+00:00,HB_HOUSTON,30.84
2025-03-24T07:55:00-05:00,2025-03-24 12:55:00+00:00,2025-03-24T08:00:00-05:00,2025-03-24 13:00:00+00:00,HB_HOUSTON,30.07
2025-03-24T08:00:00-05:00,2025-03-24 13:00:00+00:00,2025-03-24T08:05:00-05:00,2025-03-24 13:05:00+00:00,HB_HOUSTON,32.6
2025-03-24T08:05:00-05:00,2025-03-24 13:05:00+00:00,2025-03-24T08:10:00-05:00,2025-03-24 13:10:00+00:00,HB_HOUSTON,29.73
2025-03-24T08:10:00-05:00,2025-03-24 13:10:00+00:00,2025-03-24T08:15:00-05:00,2025-03-24 13:15:00+00:00,HB_HOUSTON,23.97
2025-03-24T08:15:00-05:00,2025-03-24 13:15:00+00:00,2025-03-24T08:20:00-05:00,2025-03-24 13:20:00+00:00,HB_HOUSTON,21.66
2025-03-24T08:20:00-05:00,2025-03-24 13:20:00+00:00,2025-03-24T08:25:00-05:00,2025-03-24 13:25:00+00:00,HB_HOUSTON,19.74
2025-03-24T08:25:00-05:00,2025-03-24 13:25:00+00:00,2025-03-24T08:30:00-05:00,2025-03-24 13:30:00+00:00,HB_HOUSTON,18.63
2025-03-24T08:30:00-05:00,2025-03-24 13:30:00+00:00,2025-03-24T08:35:00-05:00,2025-03-24 13:35:00+00:00,HB_HOUSTON,18.61
2025-03-24T08:35:00-05:00,2025-03-24 13:35:00+00:00,2025-03-24T08:40:00-05:00,2025-03-24 13:40:00+00:00,HB_HOUSTON,18.14
2025-03-24T08:40:00-05:00,2025-03-24 13:40:00+00:00,2025-03-24T08:45:00-05:00,2025-03-24 13:45:00+00:00,HB_HOUSTON,17
2025-03-24T08:45:00-05:00,2025-03-24 13:45:00+00:00,2025-03-24T08:50:00-05:00,2025-03-24 13:50:00+00:00,HB_HOUSTON,8.89
2025-03-24T08:50:00-05:00,2025-03-24 13:50:00+00:00,2025-03-24T08:55:00-05:00,2025-03-24 13:55:00+00:00,HB_HOUSTON,7.14
2025-03-24T08:55:00-05:00,2025-03-24 13:55:00+00:00,2025-03-24T09:00:00-05:00,2025-03-24 14:00:00+00:00,HB_HOUSTON,3.14
2025-03-24T09:00:00-05:00,2025-03-24 14:00:00+00:00,2025-03-24T09:05:00-05:00,2025-03-24 14:05:00+00:00,HB_HOUSTON,2.92
2025-03-24T09:05:00-05:00,2025-03-24 14:05:00+00:00,2025-03-24T09:10:00-05:00,2025-03-24 14:10:00+00:00,HB_HOUSTON,6.77
2025-03-24T09:10:00-05:00,2025-03-24 14:10:00+00:00,2025-03-24T09:15:00-05:00,2025-03-24 14:15:00+00:00,HB_HOUSTON,10.02
2025-03-24T09:15:00-05:00,2025-03-24 14:15:00+00:00,2025-03-24T09:20:00-05:00,2025-03-24 14:20:00+00:00,HB_HOUSTON,7.34
2025-03-24T09:20:00-05:00,2025-03-24 14:20:00+00:00,2025-03-24T09:25:00-05:00,2025-03-24 14:25:00+00:00,HB_HOUSTON,9.01
2025-03-24T09:25:00-05:00,2025-03-24 14:25:00+00:00,2025-03-24T09:30:00-05:00,2025-03-24 14:30:00+00:00,HB_HOUSTON,1.99
2025-03-24T09:30:00-05:00,2025-03-24 14:30:00+00:00,2025-03-24T09:35:00-05:00,2025-03-24 14:35:00+00:00,HB_HOUSTON,4.63
2025-03-24T09:35:00-05:00,2025-03-24 14:35:00+00:00,2025-03-24T09:40:00-05:00,2025-03-24 14:40:00+00:00,HB_HOUSTON,2.33
2025-03-24T09:40:00-05:00,2025-03-24 14:40:00+00:00,2025-03-24T09:45:00-05:00,2025-03-24 14:45:00+00:00,HB_HOUSTON,1.93
2025-03-24T09:45:00-05:00,2025-03-24 14:45:00+00:00,2025-03-24T09:50:00-05:00,2025-03-24 14:50:00+00:00,HB_HOUSTON,0.01
2025-03-24T09:50:00-05:00,2025-03-24 14:50:00+00:00,2025-03-24T09:55:00-05:00,2025-03-24 14:55:00+00:00,HB_HOUSTON,4.48
2025-03-24T09:55:00-05:00,2025-03-24 14:55:00+00:00,2025-03-24T10:00:00-05:00,2025-03-24 15:00:00+00:00,HB_HOUSTON,4.2
2025-03-24T10:00:00-05:00,2025-03-24 15:00:00+00:00,2025-03-24T10:05:00-05:00,2025-03-24 15:05:00+00:00,HB_HOUSTON,0.01
2025-03-24T10:05:00-05:00,2025-03-24 15:05:00+00:00,2025-03-24T10:10:00-05:00,2025-03-24 15:10:00+00:00,HB_HOUSTON,0.01
2025-03-24T10:10:00-05:00,2025-03-24 15:10:00+00:00,2025-03-24T10:15:00-05:00,2025-03-24 15:15:00+00:00,HB_HOUSTON,0.01
2025-03-24T10:15:00-05:00,2025-03-24 15:15:00+00:00,2025-03-24T10:20:00-05:00,2025-03-24 15:20:00+00:00,HB_HOUSTON,0
2025-03-24T10:20:00-05:00,2025-03-24 15:20:00+00:00,2025-03-24T10:25:00-05:00,2025-03-24 15:25:00+00:00,HB_HOUSTON,0.01
2025-03-24T10:25:00-05:00,2025-03-24 15:25:00+00:00,2025-03-24T10:30:00-05:00,2025-03-24 15:30:00+00:00,HB_HOUSTON,0.01
2025-03-24T10:30:00-05:00,2025-03-24 15:30:00+00:00,2025-03-24T10:35:00-05:00,2025-03-24 15:35:00+00:00,HB_HOUSTON,0.01
2025-03-24T10:35:00-05:00,2025-03-24 15:35:00+00:00,2025-03-24T10:40:00-05:00,2025-03-24 15:40:00+00:00,HB_HOUSTON,0.01
2025-03-24T10:40:00-05:00,2025-03-24 15:40:00+00:00,2025-03-24T10:45:00-05:00,2025-03-24 15:45:00+00:00,HB_HOUSTON,0.01
2025-03-24T10:45:00-05:00,2025-03-24 15:45:00+00:00,2025-03-24T10:50:00-05:00,2025-03-24 15:50:00+00:00,HB_HOUSTON,0
2025-03-24T10:50:00-05:00,2025-03-24 15:50:00+00:00,2025-03-24T10:55:00-05:00,2025-03-24 15:55:00+00:00,HB_HOUSTON,0
2025-03-24T10:55:00-05:00,2025-03-24 15:55:00+00:00,2025-03-24T11:00:00-05:00,2025-03-24 16:00:00+00:00,HB_HOUSTON,0
2025-03-24T11:00:00-05:00,2025-03-24 16:00:00+00:00,2025-03-24T11:05:00-05:00,2025-03-24 16:05:00+00:00,HB_HOUSTON,0
2025-03-24T11:05:00-05:00,2025-03-24 16:05:00+00:00,2025-03-24T11:10:00-05:00,2025-03-24 16:10:00+00:00,HB_HOUSTON,0
2025-03-24T11:10:00-05:00,2025-03-24 16:10:00+00:00,2025-03-24T11:15:00-05:00,2025-03-24 16:15:00+00:00,HB_HOUSTON,0
2025-03-24T11:15:00-05:00,2025-03-24 16:15:00+00:00,2025-03-24T11:20:00-05:00,2025-03-24 16:20:00+00:00,HB_HOUSTON,0
2025-03-24T11:20:00-05:00,2025-03-24 16:20:00+00:00,2025-03-24T11:25:00-05:00,2025-03-24 16:25:00+00:00,HB_HOUSTON,0
2025-03-24T11:25:00-05:00,2025-03-24 16:25:00+00:00,2025-03-24T11:30:00-05:00,2025-03-24 16:30:00+00:00,HB_HOUSTON,0
2025-03-24T11:30:00-05:00,2025-03-24 16:30:00+00:00,2025-03-24T11:35:00-05:00,2025-03-24 16:35:00+00:00,HB_HOUSTON,0.01
2025-03-24T11:35:00-05:00,2025-03-24 16:35:00+00:00,2025-03-24T11:40:00-05:00,2025-03-24 16:40:00+00:00,HB_HOUSTON,0.01
2025-03-24T11:40:00-05:00,2025-03-24 16:40:00+00:00,2025-03-24T11:45:00-05:00,2025-03-24 16:45:00+00:00,HB_HOUSTON,0
2025-03-24T11:45:00-05:00,2025-03-24 16:45:00+00:00,2025-03-24T11:50:00-05:00,2025-03-24 16:50:00+00:00,HB_HOUSTON,0.01
2025-03-24T11:50:00-05:00,2025-03-24 16:50:00+00:00,2025-03-24T11:55:00-05:00,2025-03-24 16:55:00+00:00,HB_HOUSTON,0.01
2025-03-24T11:55:00-05:00,2025-03-24 16:55:00+00:00,2025-03-24T12:00:00-05:00,2025-03-24 17:00:00+00:00,HB_HOUSTON,0.18
2025-03-24T12:00:00-05:00,2025-03-24 17:00:00+00:00,2025-03-24T12:05:00-05:00,2025-03-24 17:05:00+00:00,HB_HOUSTON,0.25
2025-03-24T12:05:00-05:00,2025-03-24 17:05:00+00:00,2025-03-24T12:10:00-05:00,2025-03-24 17:10:00+00:00,HB_HOUSTON,0.34
2025-03-24T12:10:00-05:00,2025-03-24 17:10:00+00:00,2025-03-24T12:15:00-05:00,2025-03-24 17:15:00+00:00,HB_HOUSTON,0.35
2025-03-24T12:15:00-05:00,2025-03-24 17:15:00+00:00,2025-03-24T12:20:00-05:00,2025-03-24 17:20:00+00:00,HB_HOUSTON,0.41
2025-03-24T12:20:00-05:00,2025-03-24 17:20:00+00:00,2025-03-24T12:25:00-05:00,2025-03-24 17:25:00+00:00,HB_HOUSTON,17.07
2025-03-24T12:25:00-05:00,2025-03-24 17:25:00+00:00,2025-03-24T12:30:00-05:00,2025-03-24 17:30:00+00:00,HB_HOUSTON,17.02
2025-03-24T12:30:00-05:00,2025-03-24 17:30:00+00:00,2025-03-24T12:35:00-05:00,2025-03-24 17:35:00+00:00,HB_HOUSTON,4.71
2025-03-24T12:35:00-05:00,2025-03-24 17:35:00+00:00,2025-03-24T12:40:00-05:00,2025-03-24 17:40:00+00:00,HB_HOUSTON,17.22
2025-03-24T12:40:00-05:00,2025-03-24 17:40:00+00:00,2025-03-24T12:45:00-05:00,2025-03-24 17:45:00+00:00,HB_HOUSTON,23.17
2025-03-24T12:45:00-05:00,2025-03-24 17:45:00+00:00,2025-03-24T12:50:00-05:00,2025-03-24 17:50:00+00:00,HB_HOUSTON,20.69
2025-03-24T12:50:00-05:00,2025-03-24 17:50:00+00:00,2025-03-24T12:55:00-05:00,2025-03-24 17:55:00+00:00,HB_HOUSTON,22.04
2025-03-24T12:55:00-05:00,2025-03-24 17:55:00+00:00,2025-03-24T13:00:00-05:00,2025-03-24 18:00:00+00:00,HB_HOUSTON,19.94
2025-03-24T13:00:00-05:00,2025-03-24 18:00:00+00:00,2025-03-24T13:05:00-05:00,2025-03-24 18:05:00+00:00,HB_HOUSTON,17.58
2025-03-24T13:05:00-05:00,2025-03-24 18:05:00+00:00,2025-03-24T13:10:00-05:00,2025-03-24 18:10:00+00:00,HB_HOUSTON,17.35
2025-03-24T13:10:00-05:00,2025-03-24 18:10:00+00:00,2025-03-24T13:15:00-05:00,2025-03-24 18:15:00+00:00,HB_HOUSTON,22.7
2025-03-24T13:15:00-05:00,2025-03-24 18:15:00+00:00,2025-03-24T13:20:00-05:00,2025-03-24 18:20:00+00:00,HB_HOUSTON,23.26
2025-03-24T13:20:00-05:00,2025-03-24 18:20:00+00:00,2025-03-24T13:25:00-05:00,2025-03-24 18:25:00+00:00,HB_HOUSTON,22.92
2025-03-24T13:25:00-05:00,2025-03-24 18:25:00+00:00,2025-03-24T13:30:00-05:00,2025-03-24 18:30:00+00:00,HB_HOUSTON,22.16
2025-03-24T13:30:00-05:00,2025-03-24 18:30:00+00:00,2025-03-24T13:35:00-05:00,2025-03-24 18:35:00+00:00,HB_HOUSTON,22.79
2025-03-24T13:35:00-05:00,2025-03-24 18:35:00+00:00,2025-03-24T13:40:00-05:00,2025-03-24 18:40:00+00:00,HB_HOUSTON,25.59
2025-03-24T13:40:00-05:00,2025-03-24 18:40:00+00:00,2025-03-24T13:45:00-05:00,2025-03-24 18:45:00+00:00,HB_HOUSTON,25.59
2025-03-24T13:45:00-05:00,2025-03-24 18:45:00+00:00,2025-03-24T13:50:00-05:00,2025-03-24 18:50:00+00:00,HB_HOUSTON,27.69
2025-03-24T13:50:00-05:00,2025-03-24 18:50:00+00:00,2025-03-24T13:55:00-05:00,2025-03-24 18:55:00+00:00,HB_HOUSTON,27.69
2025-03-24T13:55:00-05:00,2025-03-24 18:55:00+00:00,2025-03-24T14:00:00-05:00,2025-03-24 19:00:00+00:00,HB_HOUSTON,27.72
2025-03-24T14:00:00-05:00,2025-03-24 19:00:00+00:00,2025-03-24T14:05:00-05:00,2025-03-24 19:05:00+00:00,HB_HOUSTON,27.78
2025-03-24T14:05:00-05:00,2025-03-24 19:05:00+00:00,2025-03-24T14:10:00-05:00,2025-03-24 19:10:00+00:00,HB_HOUSTON,26.24
2025-03-24T14:10:00-05:00,2025-03-24 19:10:00+00:00,2025-03-24T14:15:00-05:00,2025-03-24 19:15:00+00:00,HB_HOUSTON,26.2
2025-03-24T14:15:00-05:00,2025-03-24 19:15:00+00:00,2025-03-24T14:20:00-05:00,2025-03-24 19:20:00+00:00,HB_HOUSTON,26.24
2025-03-24T14:20:00-05:00,2025-03-24 19:20:00+00:00,2025-03-24T14:25:00-05:00,2025-03-24 19:25:00+00:00,HB_HOUSTON,27.07
2025-03-24T14:25:00-05:00,2025-03-24 19:25:00+00:00,2025-03-24T14:30:00-05:00,2025-03-24 19:30:00+00:00,HB_HOUSTON,25.52
2025-03-24T14:30:00-05:00,2025-03-24 19:30:00+00:00,2025-03-24T14:35:00-05:00,2025-03-24 19:35:00+00:00,HB_HOUSTON,25.63
2025-03-24T14:35:00-05:00,2025-03-24 19:35:00+00:00,2025-03-24T14:40:00-05:00,2025-03-24 19:40:00+00:00,HB_HOUSTON,26.24
2025-03-24T14:40:00-05:00,2025-03-24 19:40:00+00:00,2025-03-24T14:45:00-05:00,2025-03-24 19:45:00+00:00,HB_HOUSTON,30.35
2025-03-24T14:45:00-05:00,2025-03-24 19:45:00+00:00,2025-03-24T14:50:00-05:00,2025-03-24 19:50:00+00:00,HB_HOUSTON,27.61
2025-03-24T14:50:00-05:00,2025-03-24 19:50:00+00:00,2025-03-24T14:55:00-05:00,2025-03-24 19:55:00+00:00,HB_HOUSTON,28.1
2025-03-24T14:55:00-05:00,2025-03-24 19:55:00+00:00,2025-03-24T15:00:00-05:00,2025-03-24 20:00:00+00:00,HB_HOUSTON,27.63
2025-03-24T15:00:00-05:00,2025-03-24 20:00:00+00:00,2025-03-24T15:05:00-05:00,2025-03-24 20:05:00+00:00,HB_HOUSTON,27.38
2025-03-24T15:05:00-05:00,2025-03-24 20:05:00+00:00,2025-03-24T15:10:00-05:00,2025-03-24 20:10:00+00:00,HB_HOUSTON,28.16
2025-03-24T15:10:00-05:00,2025-03-24 20:10:00+00:00,2025-03-24T15:15:00-05:00,2025-03-24 20:15:00+00:00,HB_HOUSTON,29.12
2025-03-24T15:15:00-05:00,2025-03-24 20:15:00+00:00,2025-03-24T15:20:00-05:00,2025-03-24 20:20:00+00:00,HB_HOUSTON,26.55
2025-03-24T15:20:00-05:00,2025-03-24 20:20:00+00:00,2025-03-24T15:25:00-05:00,2025-03-24 20:25:00+00:00,HB_HOUSTON,26.88
2025-03-24T15:25:00-05:00,2025-03-24 20:25:00+00:00,2025-03-24T15:30:00-05:00,2025-03-24 20:30:00+00:00,HB_HOUSTON,28.48
2025-03-24T15:30:00-05:00,2025-03-24 20:30:00+00:00,2025-03-24T15:35:00-05:00,2025-03-24 20:35:00+00:00,HB_HOUSTON,29.73
2025-03-24T15:35:00-05:00,2025-03-24 20:35:00+00:00,2025-03-24T15:40:00-05:00,2025-03-24 20:40:00+00:00,HB_HOUSTON,30.22
2025-03-24T15:40:00-05:00,2025-03-24 20:40:00+00:00,2025-03-24T15:45:00-05:00,2025-03-24 20:45:00+00:00,HB_HOUSTON,30.67
2025-03-24T15:45:00-05:00,2025-03-24 20:45:00+00:00,2025-03-24T15:50:00-05:00,2025-03-24 20:50:00+00:00,HB_HOUSTON,29.89
2025-03-24T15:50:00-05:00,2025-03-24 20:50:00+00:00,2025-03-24T15:55:00-05:00,2025-03-24 20:55:00+00:00,HB_HOUSTON,30.08
2025-03-24T15:55:00-05:00,2025-03-24 20:55:00+00:00,2025-03-24T16:00:00-05:00,2025-03-24 21:00:00+00:00,HB_HOUSTON,30.09
2025-03-24T16:00:00-05:00,2025-03-24 21:00:00+00:00,2025-03-24T16:05:00-05:00,2025-03-24 21:05:00+00:00,HB_HOUSTON,28.69
2025-03-24T16:05:00-05:00,2025-03-24 21:05:00+00:00,2025-03-24T16:10:00-05:00,2025-03-24 21:10:00+00:00,HB_HOUSTON,28.47
2025-03-24T16:10:00-05:00,2025-03-24 21:10:00+00:00,2025-03-24T16:15:00-05:00,2025-03-24 21:15:00+00:00,HB_HOUSTON,31.03
2025-03-24T16:15:00-05:00,2025-03-24 21:15:00+00:00,2025-03-24T16:20:00-05:00,2025-03-24 21:20:00+00:00,HB_HOUSTON,31.14
2025-03-24T16:20:00-05:00,2025-03-24 21:20:00+00:00,2025-03-24T16:25:00-05:00,2025-03-24 21:25:00+00:00,HB_HOUSTON,31.47
2025-03-24T16:25:00-05:00,2025-03-24 21:25:00+00:00,2025-03-24T16:30:00-05:00,2025-03-24 21:30:00+00:00,HB_HOUSTON,30.28
2025-03-24T16:30:00-05:00,2025-03-24 21:30:00+00:00,2025-03-24T16:35:00-05:00,2025-03-24 21:35:00+00:00,HB_HOUSTON,25.56
2025-03-24T16:35:00-05:00,2025-03-24 21:35:00+00:00,2025-03-24T16:40:00-05:00,2025-03-24 21:40:00+00:00,HB_HOUSTON,15.9
2025-03-24T16:40:00-05:00,2025-03-24 21:40:00+00:00,2025-03-24T16:45:00-05:00,2025-03-24 21:45:00+00:00,HB_HOUSTON,20.11
2025-03-24T16:45:00-05:00,2025-03-24 21:45:00+00:00,2025-03-24T16:50:00-05:00,2025-03-24 21:50:00+00:00,HB_HOUSTON,25.57
2025-03-24T16:50:00-05:00,2025-03-24 21:50:00+00:00,2025-03-24T16:55:00-05:00,2025-03-24 21:55:00+00:00,HB_HOUSTON,25.63
2025-03-24T16:55:00-05:00,2025-03-24 21:55:00+00:00,2025-03-24T17:00:00-05:00,2025-03-24 22:00:00+00:00,HB_HOUSTON,25.55
2025-03-24T17:00:00-05:00,2025-03-24 22:00:00+00:00,2025-03-24T17:05:00-05:00,2025-03-24 22:05:00+00:00,HB_HOUSTON,25.23
2025-03-24T17:05:00-05:00,2025-03-24 22:05:00+00:00,2025-03-24T17:10:00-05:00,2025-03-24 22:10:00+00:00,HB_HOUSTON,25.37
2025-03-24T17:10:00-05:00,2025-03-24 22:10:00+00:00,2025-03-24T17:15:00-05:00,2025-03-24 22:15:00+00:00,HB_HOUSTON,25.54
2025-03-24T17:15:00-05:00,2025-03-24 22:15:00+00:00,2025-03-24T17:20:00-05:00,2025-03-24 22:20:00+00:00,HB_HOUSTON,31.18
2025-03-24T17:20:00-05:00,2025-03-24 22:20:00+00:00,2025-03-24T17:25:00-05:00,2025-03-24 22:25:00+00:00,HB_HOUSTON,31.5
2025-03-24T17:25:00-05:00,2025-03-24 22:25:00+00:00,2025-03-24T17:30:00-05:00,2025-03-24 22:30:00+00:00,HB_HOUSTON,26.51
2025-03-24T17:30:00-05:00,2025-03-24 22:30:00+00:00,2025-03-24T17:35:00-05:00,2025-03-24 22:35:00+00:00,HB_HOUSTON,26.75
2025-03-24T17:35:00-05:00,2025-03-24 22:35:00+00:00,2025-03-24T17:40:00-05:00,2025-03-24 22:40:00+00:00,HB_HOUSTON,28.9
2025-03-24T17:40:00-05:00,2025-03-24 22:40:00+00:00,2025-03-24T17:45:00-05:00,2025-03-24 22:45:00+00:00,HB_HOUSTON,30.51
2025-03-24T17:45:00-05:00,2025-03-24 22:45:00+00:00,2025-03-24T17:50:00-05:00,2025-03-24 22:50:00+00:00,HB_HOUSTON,28.81
2025-03-24T17:50:00-05:00,2025-03-24 22:50:00+00:00,2025-03-24T17:55:00-05:00,2025-03-24 22:55:00+00:00,HB_HOUSTON,32.05
2025-03-24T17:55:00-05:00,2025-03-24 22:55:00+00:00,2025-03-24T18:00:00-05:00,2025-03-24 23:00:00+00:00,HB_HOUSTON,42.18
2025-03-24T18:00:00-05:00,2025-03-24 23:00:00+00:00,2025-03-24T18:05:00-05:00,2025-03-24 23:05:00+00:00,HB_HOUSTON,31.97
2025-03-24T18:05:00-05:00,2025-03-24 23:05:00+00:00,2025-03-24T18:10:00-05:00,2025-03-24 23:10:00+00:00,HB_HOUSTON,28.49
2025-03-24T18:10:00-05:00,2025-03-24 23:10:00+00:00,2025-03-24T18:15:00-05:00,2025-03-24 23:15:00+00:00,HB_HOUSTON,29.79
2025-03-24T18:15:00-05:00,2025-03-24 23:15:00+00:00,2025-03-24T18:20:00-05:00,2025-03-24 23:20:00+00:00,HB_HOUSTON,38.95
2025-03-24T18:20:00-05:00,2025-03-24 23:20:00+00:00,2025-03-24T18:25:00-05:00,2025-03-24 23:25:00+00:00,HB_HOUSTON,45.06
2025-03-24T18:25:00-05:00,2025-03-24 23:25:00+00:00,2025-03-24T18:30:00-05:00,2025-03-24 23:30:00+00:00,HB_HOUSTON,75.47
2025-03-24T18:30:00-05:00,2025-03-24 23:30:00+00:00,2025-03-24T18:35:00-05:00,2025-03-24 23:35:00+00:00,HB_HOUSTON,101.49
2025-03-24T18:35:00-05:00,2025-03-24 23:35:00+00:00,2025-03-24T18:40:00-05:00,2025-03-24 23:40:00+00:00,HB_HOUSTON,142.69
2025-03-24T18:40:00-05:00,2025-03-24 23:40:00+00:00,2025-03-24T18:45:00-05:00,2025-03-24 23:45:00+00:00,HB_HOUSTON,149.99
2025-03-24T18:45:00-05:00,2025-03-24 23:45:00+00:00,2025-03-24T18:50:00-05:00,2025-03-24 23:50:00+00:00,HB_HOUSTON,149.99
2025-03-24T18:50:00-05:00,2025-03-24 23:50:00+00:00,2025-03-24T18:55:00-05:00,2025-03-24 23:55:00+00:00,HB_HOUSTON,200.25
2025-03-24T18:55:00-05:00,2025-03-24 23:55:00+00:00,2025-03-24T19:00:00-05:00,2025-03-25 00:00:00+00:00,HB_HOUSTON,199.99
2025-03-24T19:00:00-05:00,2025-03-25 00:00:00+00:00,2025-03-24T19:05:00-05:00,2025-03-25 00:05:00+00:00,HB_HOUSTON,75
2025-03-24T19:05:00-05:00,2025-03-25 00:05:00+00:00,2025-03-24T19:10:00-05:00,2025-03-25 00:10:00+00:00,HB_HOUSTON,115.09
2025-03-24T19:10:00-05:00,2025-03-25 00:10:00+00:00,2025-03-24T19:15:00-05:00,2025-03-25 00:15:00+00:00,HB_HOUSTON,144.18
2025-03-24T19:15:00-05:00,2025-03-25 00:15:00+00:00,2025-03-24T19:20:00-05:00,2025-03-25 00:20:00+00:00,HB_HOUSTON,119.69
2025-03-24T19:20:00-05:00,2025-03-25 00:20:00+00:00,2025-03-24T19:25:00-05:00,2025-03-25 00:25:00+00:00,HB_HOUSTON,234.87
2025-03-24T19:25:00-05:00,2025-03-25 00:25:00+00:00,2025-03-24T19:30:00-05:00,2025-03-25 00:30:00+00:00,HB_HOUSTON,128.41
2025-03-24T19:30:00-05:00,2025-03-25 00:30:00+00:00,2025-03-24T19:35:00-05:00,2025-03-25 00:35:00+00:00,HB_HOUSTON,120.77
2025-03-24T19:35:00-05:00,2025-03-25 00:35:00+00:00,2025-03-24T19:40:00-05:00,2025-03-25 00:40:00+00:00,HB_HOUSTON,115.38
2025-03-24T19:40:00-05:00,2025-03-25 00:40:00+00:00,2025-03-24T19:45:00-05:00,2025-03-25 00:45:00+00:00,HB_HOUSTON,156.68
2025-03-24T19:45:00-05:00,2025-03-25 00:45:00+00:00,2025-03-24T19:50:00-05:00,2025-03-25 00:50:00+00:00,HB_HOUSTON,204.24
2025-03-24T19:50:00-05:00,2025-03-25 00:50:00+00:00,2025-03-24T19:55:00-05:00,2025-03-25 00:55:00+00:00,HB_HOUSTON,133.6
2025-03-24T19:55:00-05:00,2025-03-25 00:55:00+00:00,2025-03-24T20:00:00-05:00,2025-03-25 01:00:00+00:00,HB_HOUSTON,133.17
2025-03-24T20:00:00-05:00,2025-03-25 01:00:00+00:00,2025-03-24T20:05:00-05:00,2025-03-25 01:05:00+00:00,HB_HOUSTON,292.45
2025-03-24T20:05:00-05:00,2025-03-25 01:05:00+00:00,2025-03-24T20:10:00-05:00,2025-03-25 01:10:00+00:00,HB_HOUSTON,385.71
2025-03-24T20:10:00-05:00,2025-03-25 01:10:00+00:00,2025-03-24T20:15:00-05:00,2025-03-25 01:15:00+00:00,HB_HOUSTON,219.37
2025-03-24T20:15:00-05:00,2025-03-25 01:15:00+00:00,2025-03-24T20:20:00-05:00,2025-03-25 01:20:00+00:00,HB_HOUSTON,150
2025-03-24T20:20:00-05:00,2025-03-25 01:20:00+00:00,2025-03-24T20:25:00-05:00,2025-03-25 01:25:00+00:00,HB_HOUSTON,140.2
2025-03-24T20:25:00-05:00,2025-03-25 01:25:00+00:00,2025-03-24T20:30:00-05:00,2025-03-25 01:30:00+00:00,HB_HOUSTON,110.43
2025-03-24T20:30:00-05:00,2025-03-25 01:30:00+00:00,2025-03-24T20:35:00-05:00,2025-03-25 01:35:00+00:00,HB_HOUSTON,103.36
2025-03-24T20:35:00-05:00,2025-03-25 01:35:00+00:00,2025-03-24T20:40:00-05:00,2025-03-25 01:40:00+00:00,HB_HOUSTON,102.43
2025-03-24T20:40:00-05:00,2025-03-25 01:40:00+00:00,2025-03-24T20:45:00-05:00,2025-03-25 01:45:00+00:00,HB_HOUSTON,93.21
2025-03-24T20:45:00-05:00,2025-03-25 01:45:00+00:00,2025-03-24T20:50:00-05:00,2025-03-25 01:50:00+00:00,HB_HOUSTON,79.5
2025-03-24T20:50:00-05:00,2025-03-25 01:50:00+00:00,2025-03-24T20:55:00-05:00,2025-03-25 01:55:00+00:00,HB_HOUSTON,79.01
2025-03-24T20:55:00-05:00,2025-03-25 01:55:00+00:00,2025-03-24T21:00:00-05:00,2025-03-25 02:00:00+00:00,HB_HOUSTON,79.56
2025-03-24T21:00:00-05:00,2025-03-25 02:00:00+00:00,2025-03-24T21:05:00-05:00,2025-03-25 02:05:00+00:00,HB_HOUSTON,100.04
2025-03-24T21:05:00-05:00,2025-03-25 02:05:00+00:00,2025-03-24T21:10:00-05:00,2025-03-25 02:10:00+00:00,HB_HOUSTON,104.12
2025-03-24T21:10:00-05:00,2025-03-25 02:10:00+00:00,2025-03-24T21:15:00-05:00,2025-03-25 02:15:00+00:00,HB_HOUSTON,94.89
2025-03-24T21:15:00-05:00,2025-03-25 02:15:00+00:00,2025-03-24T21:20:00-05:00,2025-03-25 02:20:00+00:00,HB_HOUSTON,89.4
2025-03-24T21:20:00-05:00,2025-03-25 02:20:00+00:00,2025-03-24T21:25:00-05:00,2025-03-25 02:25:00+00:00,HB_HOUSTON,66.96
2025-03-24T21:25:00-05:00,2025-03-25 02:25:00+00:00,2025-03-24T21:30:00-05:00,2025-03-25 02:30:00+00:00,HB_HOUSTON,50.75
2025-03-24T21:30:00-05:00,2025-03-25 02:30:00+00:00,2025-03-24T21:35:00-05:00,2025-03-25 02:35:00+00:00,HB_HOUSTON,64.79
2025-03-24T21:35:00-05:00,2025-03-25 02:35:00+00:00,2025-03-24T21:40:00-05:00,2025-03-25 02:40:00+00:00,HB_HOUSTON,57.84
2025-03-24T21:40:00-05:00,2025-03-25 02:40:00+00:00,2025-03-24T21:45:00-05:00,2025-03-25 02:45:00+00:00,HB_HOUSTON,42.51
2025-03-24T21:45:00-05:00,2025-03-25 02:45:00+00:00,2025-03-24T21:50:00-05:00,2025-03-25 02:50:00+00:00,HB_HOUSTON,38.4
2025-03-24T21:50:00-05:00,2025-03-25 02:50:00+00:00,2025-03-24T21:55:00-05:00,2025-03-25 02:55:00+00:00,HB_HOUSTON,45.94
2025-03-24T21:55:00-05:00,2025-03-25 02:55:00+00:00,2025-03-24T22:00:00-05:00,2025-03-25 03:00:00+00:00,HB_HOUSTON,41.37
2025-03-24T22:00:00-05:00,2025-03-25 03:00:00+00:00,2025-03-24T22:05:00-05:00,2025-03-25 03:05:00+00:00,HB_HOUSTON,39.99
2025-03-24T22:05:00-05:00,2025-03-25 03:05:00+00:00,2025-03-24T22:10:00-05:00,2025-03-25 03:10:00+00:00,HB_HOUSTON,34.39
2025-03-24T22:10:00-05:00,2025-03-25 03:10:00+00:00,2025-03-24T22:15:00-05:00,2025-03-25 03:15:00+00:00,HB_HOUSTON,31.19
2025-03-24T22:15:00-05:00,2025-03-25 03:15:00+00:00,2025-03-24T22:20:00-05:00,2025-03-25 03:20:00+00:00,HB_HOUSTON,31.34
2025-03-24T22:20:00-05:00,2025-03-25 03:20:00+00:00,2025-03-24T22:25:00-05:00,2025-03-25 03:25:00+00:00,HB_HOUSTON,31.55
2025-03-24T22:25:00-05:00,2025-03-25 03:25:00+00:00,2025-03-24T22:30:00-05:00,2025-03-25 03:30:00+00:00,HB_HOUSTON,33.35
2025-03-24T22:30:00-05:00,2025-03-25 03:30:00+00:00,2025-03-24T22:35:00-05:00,2025-03-25 03:35:00+00:00,HB_HOUSTON,31.39
2025-03-24T22:35:00-05:00,2025-03-25 03:35:00+00:00,2025-03-24T22:40:00-05:00,2025-03-25 03:40:00+00:00,HB_HOUSTON,27.72
2025-03-24T22:40:00-05:00,2025-03-25 03:40:00+00:00,2025-03-24T22:45:00-05:00,2025-03-25 03:45:00+00:00,HB_HOUSTON,26.63
2025-03-24T22:45:00-05:00,2025-03-25 03:45:00+00:00,2025-03-24T22:50:00-05:00,2025-03-25 03:50:00+00:00,HB_HOUSTON,29.12
2025-03-24T22:50:00-05:00,2025-03-25 03:50:00+00:00,2025-03-24T22:55:00-05:00,2025-03-25 03:55:00+00:00,HB_HOUSTON,31.91
2025-03-24T22:55:00-05:00,2025-03-25 03:55:00+00:00,2025-03-24T23:00:00-05:00,2025-03-25 04:00:00+00:00,HB_HOUSTON,29.57
2025-03-24T23:00:00-05:00,2025-03-25 04:00:00+00:00,2025-03-24T23:05:00-05:00,2025-03-25 04:05:00+00:00,HB_HOUSTON,27.8
2025-03-24T23:05:00-05:00,2025-03-25 04:05:00+00:00,2025-03-24T23:10:00-05:00,2025-03-25 04:10:00+00:00,HB_HOUSTON,27.56
2025-03-24T23:10:00-05:00,2025-03-25 04:10:00+00:00,2025-03-24T23:15:00-05:00,2025-03-25 04:15:00+00:00,HB_HOUSTON,26.67
2025-03-24T23:15:00-05:00,2025-03-25 04:15:00+00:00,2025-03-24T23:20:00-05:00,2025-03-25 04:20:00+00:00,HB_HOUSTON,26.25
2025-03-24T23:20:00-05:00,2025-03-25 04:20:00+00:00,2025-03-24T23:25:00-05:00,2025-03-25 04:25:00+00:00,HB_HOUSTON,24.52
2025-03-24T23:25:00-05:00,2025-03-25 04:25:00+00:00,2025-03-24T23:30:00-05:00,2025-03-25 04:30:00+00:00,HB_HOUSTON,24.25
2025-03-24T23:30:00-05:00,2025-03-25 04:30:00+00:00,2025-03-24T23:35:00-05:00,2025-03-25 04:35:00+00:00,HB_HOUSTON,23.73
2025-03-24T23:35:00-05:00,2025-03-25 04:35:00+00:00,2025-03-24T23:40:00-05:00,2025-03-25 04:40:00+00:00,HB_HOUSTON,23.82
2025-03-24T23:40:00-05:00,2025-03-25 04:40:00+00:00,2025-03-24T23:45:00-05:00,2025-03-25 04:45:00+00:00,HB_HOUSTON,22.9
2025-03-24T23:45:00-05:00,2025-03-25 04:45:00+00:00,2025-03-24T23:50:00-05:00,2025-03-25 04:50:00+00:00,HB_HOUSTON,22.48
2025-03-24T23:50:00-05:00,2025-03-25 04:50:00+00:00,2025-03-24T23:55:00-05:00,2025-03-25 04:55:00+00:00,HB_HOUSTON,22.23
2025-03-24T23:55:00-05:00,2025-03-25 04:55:00+00:00,2025-03-25T00:00:00-05:00,2025-03-25 05:00:00+00:00,HB_HOUSTON,21.96
2025-03-25T00:00:00-05:00,2025-03-25 05:00:00+00:00,2025-03-25T00:05:00-05:00,2025-03-25 05:05:00+00:00,HB_HOUSTON,21.87
2025-03-25T00:05:00-05:00,2025-03-25 05:05:00+00:00,2025-03-25T00:10:00-05:00,2025-03-25 05:10:00+00:00,HB_HOUSTON,22.63
2025-03-25T00:10:00-05:00,2025-03-25 05:10:00+00:00,2025-03-25T00:15:00-05:00,2025-03-25 05:15:00+00:00,HB_HOUSTON,22.13
2025-03-25T00:15:00-05:00,2025-03-25 05:15:00+00:00,2025-03-25T00:20:00-05:00,2025-03-25 05:20:00+00:00,HB_HOUSTON,22.19
2025-03-25T00:20:00-05:00,2025-03-25 05:20:00+00:00,2025-03-25T00:25:00-05:00,2025-03-25 05:25:00+00:00,HB_HOUSTON,22.05
2025-03-25T00:25:00-05:00,2025-03-25 05:25:00+00:00,2025-03-25T00:30:00-05:00,2025-03-25 05:30:00+00:00,HB_HOUSTON,21.72
2025-03-25T00:30:00-05:00,2025-03-25 05:30:00+00:00,2025-03-25T00:35:00-05:00,2025-03-25 05:35:00+00:00,HB_HOUSTON,21.34
2025-03-25T00:35:00-05:00,2025-03-25 05:35:00+00:00,2025-03-25T00:40:00-05:00,2025-03-25 05:40:00+00:00,HB_HOUSTON,21.34
2025-03-25T00:40:00-05:00,2025-03-25 05:40:00+00:00,2025-03-25T00:45:00-05:00,2025-03-25 05:45:00+00:00,HB_HOUSTON,21.14
2025-03-25T00:45:00-05:00,2025-03-25 05:45:00+00:00,2025-03-25T00:50:00-05:00,2025-03-25 05:50:00+00:00,HB_HOUSTON,20.73
2025-03-25T00:50:00-05:00,2025-03-25 05:50:00+00:00,2025-03-25T00:55:00-05:00,2025-03-25 05:55:00+00:00,HB_HOUSTON,20.04
2025-03-25T00:55:00-05:00,2025-03-25 05:55:00+00:00,2025-03-25T01:00:00-05:00,2025-03-25 06:00:00+00:00,HB_HOUSTON,20.04
2025-03-25T01:00:00-05:00,2025-03-25 06:00:00+00:00,2025-03-25T01:05:00-05:00,2025-03-25 06:05:00+00:00,HB_HOUSTON,21.59
2025-03-25T01:05:00-05:00,2025-03-25 06:05:00+00:00,2025-03-25T01:10:00-05:00,2025-03-25 06:10:00+00:00,HB_HOUSTON,22.38
2025-03-25T01:10:00-05:00,2025-03-25 06:10:00+00:00,2025-03-25T01:15:00-05:00,2025-03-25 06:15:00+00:00,HB_HOUSTON,21.41
2025-03-25T01:15:00-05:00,2025-03-25 06:15:00+00:00,2025-03-25T01:20:00-05:00,2025-03-25 06:20:00+00:00,HB_HOUSTON,21.32
2025-03-25T01:20:00-05:00,2025-03-25 06:20:00+00:00,2025-03-25T01:25:00-05:00,2025-03-25 06:25:00+00:00,HB_HOUSTON,21.13
2025-03-25T01:25:00-05:00,2025-03-25 06:25:00+00:00,2025-03-25T01:30:00-05:00,2025-03-25 06:30:00+00:00,HB_HOUSTON,21.28
2025-03-25T01:30:00-05:00,2025-03-25 06:30:00+00:00,2025-03-25T01:35:00-05:00,2025-03-25 06:35:00+00:00,HB_HOUSTON,21.09
2025-03-25T01:35:00-05:00,2025-03-25 06:35:00+00:00,2025-03-25T01:40:00-05:00,2025-03-25 06:40:00+00:00,HB_HOUSTON,20.71
2025-03-25T01:40:00-05:00,2025-03-25 06:40:00+00:00,2025-03-25T01:45:00-05:00,2025-03-25 06:45:00+00:00,HB_HOUSTON,20.25
2025-03-25T01:45:00-05:00,2025-03-25 06:45:00+00:00,2025-03-25T01:50:00-05:00,2025-03-25 06:50:00+00:00,HB_HOUSTON,19.9
2025-03-25T01:50:00-05:00,2025-03-25 06:50:00+00:00,2025-03-25T01:55:00-05:00,2025-03-25 06:55:00+00:00,HB_HOUSTON,19.82
2025-03-25T01:55:00-05:00,2025-03-25 06:55:00+00:00,2025-03-25T02:00:00-05:00,2025-03-25 07:00:00+00:00,HB_HOUSTON,19.7
2025-03-25T02:00:00-05:00,2025-03-25 07:00:00+00:00,2025-03-25T02:05:00-05:00,2025-03-25 07:05:00+00:00,HB_HOUSTON,19.8
2025-03-25T02:05:00-05:00,2025-03-25 07:05:00+00:00,2025-03-25T02:10:00-05:00,2025-03-25 07:10:00+00:00,HB_HOUSTON,19.28
2025-03-25T02:10:00-05:00,2025-03-25 07:10:00+00:00,2025-03-25T02:15:00-05:00,2025-03-25 07:15:00+00:00,HB_HOUSTON,18.63
2025-03-25T02:15:00-05:00,2025-03-25 07:15:00+00:00,2025-03-25T02:20:00-05:00,2025-03-25 07:20:00+00:00,HB_HOUSTON,19.3
2025-03-25T02:20:00-05:00,2025-03-25 07:20:00+00:00,2025-03-25T02:25:00-05:00,2025-03-25 07:25:00+00:00,HB_HOUSTON,21.13
2025-03-25T02:25:00-05:00,2025-03-25 07:25:00+00:00,2025-03-25T02:30:00-05:00,2025-03-25 07:30:00+00:00,HB_HOUSTON,21.14
2025-03-25T02:30:00-05:00,2025-03-25 07:30:00+00:00,2025-03-25T02:35:00-05:00,2025-03-25 07:35:00+00:00,HB_HOUSTON,20.84
2025-03-25T02:35:00-05:00,2025-03-25 07:35:00+00:00,2025-03-25T02:40:00-05:00,2025-03-25 07:40:00+00:00,HB_HOUSTON,20.58
2025-03-25T02:40:00-05:00,2025-03-25 07:40:00+00:00,2025-03-25T02:45:00-05:00,2025-03-25 07:45:00+00:00,HB_HOUSTON,20.5
2025-03-25T02:45:00-05:00,2025-03-25 07:45:00+00:00,2025-03-25T02:50:00-05:00,2025-03-25 07:50:00+00:00,HB_HOUSTON,20.32
2025-03-25T02:50:00-05:00,2025-03-25 07:50:00+00:00,2025-03-25T02:55:00-05:00,2025-03-25 07:55:00+00:00,HB_HOUSTON,20.12
2025-03-25T02:55:00-05:00,2025-03-25 07:55:00+00:00,2025-03-25T03:00:00-05:00,2025-03-25 08:00:00+00:00,HB_HOUSTON,20.12
2025-03-25T03:00:00-05:00,2025-03-25 08:00:00+00:00,2025-03-25T03:05:00-05:00,2025-03-25 08:05:00+00:00,HB_HOUSTON,20.63
2025-03-25T03:05:00-05:00,2025-03-25 08:05:00+00:00,2025-03-25T03:10:00-05:00,2025-03-25 08:10:00+00:00,HB_HOUSTON,20.64
2025-03-25T03:10:00-05:00,2025-03-25 08:10:00+00:00,2025-03-25T03:15:00-05:00,2025-03-25 08:15:00+00:00,HB_HOUSTON,20.43
2025-03-25T03:15:00-05:00,2025-03-25 08:15:00+00:00,2025-03-25T03:20:00-05:00,2025-03-25 08:20:00+00:00,HB_HOUSTON,20
2025-03-25T03:20:00-05:00,2025-03-25 08:20:00+00:00,2025-03-25T03:25:00-05:00,2025-03-25 08:25:00+00:00,HB_HOUSTON,20.16
2025-03-25T03:25:00-05:00,2025-03-25 08:25:00+00:00,2025-03-25T03:30:00-05:00,2025-03-25 08:30:00+00:00,HB_HOUSTON,20.13
2025-03-25T03:30:00-05:00,2025-03-25 08:30:00+00:00,2025-03-25T03:35:00-05:00,2025-03-25 08:35:00+00:00,HB_HOUSTON,20
2025-03-25T03:35:00-05:00,2025-03-25 08:35:00+00:00,2025-03-25T03:40:00-05:00,2025-03-25 08:40:00+00:00,HB_HOUSTON,20.16
2025-03-25T03:40:00-05:00,2025-03-25 08:40:00+00:00,2025-03-25T03:45:00-05:00,2025-03-25 08:45:00+00:00,HB_HOUSTON,20.37
2025-03-25T03:45:00-05:00,2025-03-25 08:45:00+00:00,2025-03-25T03:50:00-05:00,2025-03-25 08:50:00+00:00,HB_HOUSTON,20.69
2025-03-25T03:50:00-05:00,2025-03-25 08:50:00+00:00,2025-03-25T03:55:00-05:00,2025-03-25 08:55:00+00:00,HB_HOUSTON,20.89
2025-03-25T03:55:00-05:00,2025-03-25 08:55:00+00:00,2025-03-25T04:00:00-05:00,2025-03-25 09:00:00+00:00,HB_HOUSTON,20.71
2025-03-25T04:00:00-05:00,2025-03-25 09:00:00+00:00,2025-03-25T04:05:00-05:00,2025-03-25 09:05:00+00:00,HB_HOUSTON,20.65
2025-03-25T04:05:00-05:00,2025-03-25 09:05:00+00:00,2025-03-25T04:10:00-05:00,2025-03-25 09:10:00+00:00,HB_HOUSTON,20.56
2025-03-25T04:10:00-05:00,2025-03-25 09:10:00+00:00,2025-03-25T04:15:00-05:00,2025-03-25 09:15:00+00:00,HB_HOUSTON,20.51
2025-03-25T04:15:00-05:00,2025-03-25 09:15:00+00:00,2025-03-25T04:20:00-05:00,2025-03-25 09:20:00+00:00,HB_HOUSTON,20.38
2025-03-25T04:20:00-05:00,2025-03-25 09:20:00+00:00,2025-03-25T04:25:00-05:00,2025-03-25 09:25:00+00:00,HB_HOUSTON,20.33
2025-03-25T04:25:00-05:00,2025-03-25 09:25:00+00:00,2025-03-25T04:30:00-05:00,2025-03-25 09:30:00+00:00,HB_HOUSTON,19.93
2025-03-25T04:30:00-05:00,2025-03-25 09:30:00+00:00,2025-03-25T04:35:00-05:00,2025-03-25 09:35:00+00:00,HB_HOUSTON,20.57
2025-03-25T04:35:00-05:00,2025-03-25 09:35:00+00:00,2025-03-25T04:40:00-05:00,2025-03-25 09:40:00+00:00,HB_HOUSTON,22.13
2025-03-25T04:40:00-05:00,2025-03-25 09:40:00+00:00,2025-03-25T04:45:00-05:00,2025-03-25 09:45:00+00:00,HB_HOUSTON,21.48
2025-03-25T04:45:00-05:00,2025-03-25 09:45:00+00:00,2025-03-25T04:50:00-05:00,2025-03-25 09:50:00+00:00,HB_HOUSTON,20.84
2025-03-25T04:50:00-05:00,2025-03-25 09:50:00+00:00,2025-03-25T04:55:00-05:00,2025-03-25 09:55:00+00:00,HB_HOUSTON,21.23
2025-03-25T04:55:00-05:00,2025-03-25 09:55:00+00:00,2025-03-25T05:00:00-05:00,2025-03-25 10:00:00+00:00,HB_HOUSTON,21.69
2025-03-25T05:00:00-05:00,2025-03-25 10:00:00+00:00,2025-03-25T05:05:00-05:00,2025-03-25 10:05:00+00:00,HB_HOUSTON,21.18
2025-03-25T05:05:00-05:00,2025-03-25 10:05:00+00:00,2025-03-25T05:10:00-05:00,2025-03-25 10:10:00+00:00,HB_HOUSTON,22.93
2025-03-25T05:10:00-05:00,2025-03-25 10:10:00+00:00,2025-03-25T05:15:00-05:00,2025-03-25 10:15:00+00:00,HB_HOUSTON,22.98
2025-03-25T05:15:00-05:00,2025-03-25 10:15:00+00:00,2025-03-25T05:20:00-05:00,2025-03-25 10:20:00+00:00,HB_HOUSTON,23.05
2025-03-25T05:20:00-05:00,2025-03-25 10:20:00+00:00,2025-03-25T05:25:00-05:00,2025-03-25 10:25:00+00:00,HB_HOUSTON,23.38
2025-03-25T05:25:00-05:00,2025-03-25 10:25:00+00:00,2025-03-25T05:30:00-05:00,2025-03-25 10:30:00+00:00,HB_HOUSTON,23.29
2025-03-25T05:30:00-05:00,2025-03-25 10:30:00+00:00,2025-03-25T05:35:00-05:00,2025-03-25 10:35:00+00:00,HB_HOUSTON,23.2
2025-03-25T05:35:00-05:00,2025-03-25 10:35:00+00:00,2025-03-25T05:40:00-05:00,2025-03-25 10:40:00+00:00,HB_HOUSTON,23.34
2025-03-25T05:40:00-05:00,2025-03-25 10:40:00+00:00,2025-03-25T05:45:00-05:00,2025-03-25 10:45:00+00:00,HB_HOUSTON,23.32
2025-03-25T05:45:00-05:00,2025-03-25 10:45:00+00:00,2025-03-25T05:50:00-05:00,2025-03-25 10:50:00+00:00,HB_HOUSTON,23.25
2025-03-25T05:50:00-05:00,2025-03-25 10:50:00+00:00,2025-03-25T05:55:00-05:00,2025-03-25 10:55:00+00:00,HB_HOUSTON,24.12
2025-03-25T05:55:00-05:00,2025-03-25 10:55:00+00:00,2025-03-25T06:00:00-05:00,2025-03-25 11:00:00+00:00,HB_HOUSTON,26.87
2025-03-25T06:00:00-05:00,2025-03-25 11:00:00+00:00,2025-03-25T06:05:00-05:00,2025-03-25 11:05:00+00:00,HB_HOUSTON,24.11
2025-03-25T06:05:00-05:00,2025-03-25 11:05:00+00:00,2025-03-25T06:10:00-05:00,2025-03-25 11:10:00+00:00,HB_HOUSTON,24.36
2025-03-25T06:10:00-05:00,2025-03-25 11:10:00+00:00,2025-03-25T06:15:00-05:00,2025-03-25 11:15:00+00:00,HB_HOUSTON,25.14
2025-03-25T06:15:00-05:00,2025-03-25 11:15:00+00:00,2025-03-25T06:20:00-05:00,2025-03-25 11:20:00+00:00,HB_HOUSTON,25.63
2025-03-25T06:20:00-05:00,2025-03-25 11:20:00+00:00,2025-03-25T06:25:00-05:00,2025-03-25 11:25:00+00:00,HB_HOUSTON,27.78
2025-03-25T06:25:00-05:00,2025-03-25 11:25:00+00:00,2025-03-25T06:30:00-05:00,2025-03-25 11:30:00+00:00,HB_HOUSTON,27.91
2025-03-25T06:30:00-05:00,2025-03-25 11:30:00+00:00,2025-03-25T06:35:00-05:00,2025-03-25 11:35:00+00:00,HB_HOUSTON,26.93
2025-03-25T06:35:00-05:00,2025-03-25 11:35:00+00:00,2025-03-25T06:40:00-05:00,2025-03-25 11:40:00+00:00,HB_HOUSTON,27.8
2025-03-25T06:40:00-05:00,2025-03-25 11:40:00+00:00,2025-03-25T06:45:00-05:00,2025-03-25 11:45:00+00:00,HB_HOUSTON,28.87
2025-03-25T06:45:00-05:00,2025-03-25 11:45:00+00:00,2025-03-25T06:50:00-05:00,2025-03-25 11:50:00+00:00,HB_HOUSTON,29.45
2025-03-25T06:50:00-05:00,2025-03-25 11:50:00+00:00,2025-03-25T06:55:00-05:00,2025-03-25 11:55:00+00:00,HB_HOUSTON,32.04
2025-03-25T06:55:00-05:00,2025-03-25 11:55:00+00:00,2025-03-25T07:00:00-05:00,2025-03-25 12:00:00+00:00,HB_HOUSTON,32.11
2025-03-25T07:00:00-05:00,2025-03-25 12:00:00+00:00,2025-03-25T07:05:00-05:00,2025-03-25 12:05:00+00:00,HB_HOUSTON,33.78
2025-03-25T07:05:00-05:00,2025-03-25 12:05:00+00:00,2025-03-25T07:10:00-05:00,2025-03-25 12:10:00+00:00,HB_HOUSTON,36.32
2025-03-25T07:10:00-05:00,2025-03-25 12:10:00+00:00,2025-03-25T07:15:00-05:00,2025-03-25 12:15:00+00:00,HB_HOUSTON,34.02
2025-03-25T07:15:00-05:00,2025-03-25 12:15:00+00:00,2025-03-25T07:20:00-05:00,2025-03-25 12:20:00+00:00,HB_HOUSTON,33.82
2025-03-25T07:20:00-05:00,2025-03-25 12:20:00+00:00,2025-03-25T07:25:00-05:00,2025-03-25 12:25:00+00:00,HB_HOUSTON,33.79
2025-03-25T07:25:00-05:00,2025-03-25 12:25:00+00:00,2025-03-25T07:30:00-05:00,2025-03-25 12:30:00+00:00,HB_HOUSTON,33.57
2025-03-25T07:30:00-05:00,2025-03-25 12:30:00+00:00,2025-03-25T07:35:00-05:00,2025-03-25 12:35:00+00:00,HB_HOUSTON,33.45
2025-03-25T07:35:00-05:00,2025-03-25 12:35:00+00:00,2025-03-25T07:40:00-05:00,2025-03-25 12:40:00+00:00,HB_HOUSTON,33.95
2025-03-25T07:40:00-05:00,2025-03-25 12:40:00+00:00,2025-03-25T07:45:00-05:00,2025-03-25 12:45:00+00:00,HB_HOUSTON,27.06
2025-03-25T07:45:00-05:00,2025-03-25 12:45:00+00:00,2025-03-25T07:50:00-05:00,2025-03-25 12:50:00+00:00,HB_HOUSTON,26.62
2025-03-25T07:50:00-05:00,2025-03-25 12:50:00+00:00,2025-03-25T07:55:00-05:00,2025-03-25 12:55:00+00:00,HB_HOUSTON,24.94
2025-03-25T07:55:00-05:00,2025-03-25 12:55:00+00:00,2025-03-25T08:00:00-05:00,2025-03-25 13:00:00+00:00,HB_HOUSTON,23.45
2025-03-25T08:00:00-05:00,2025-03-25 13:00:00+00:00,2025-03-25T08:05:00-05:00,2025-03-25 13:05:00+00:00,HB_HOUSTON,24.35
2025-03-25T08:05:00-05:00,2025-03-25 13:05:00+00:00,2025-03-25T08:10:00-05:00,2025-03-25 13:10:00+00:00,HB_HOUSTON,24.96
2025-03-25T08:10:00-05:00,2025-03-25 13:10:00+00:00,2025-03-25T08:15:00-05:00,2025-03-25 13:15:00+00:00,HB_HOUSTON,24.38
2025-03-25T08:15:00-05:00,2025-03-25 13:15:00+00:00,2025-03-25T08:20:00-05:00,2025-03-25 13:20:00+00:00,HB_HOUSTON,22.54
2025-03-25T08:20:00-05:00,2025-03-25 13:20:00+00:00,2025-03-25T08:25:00-05:00,2025-03-25 13:25:00+00:00,HB_HOUSTON,21.1
2025-03-25T08:25:00-05:00,2025-03-25 13:25:00+00:00,2025-03-25T08:30:00-05:00,2025-03-25 13:30:00+00:00,HB_HOUSTON,20.49
2025-03-25T08:30:00-05:00,2025-03-25 13:30:00+00:00,2025-03-25T08:35:00-05:00,2025-03-25 13:35:00+00:00,HB_HOUSTON,20.4
2025-03-25T08:35:00-05:00,2025-03-25 13:35:00+00:00,2025-03-25T08:40:00-05:00,2025-03-25 13:40:00+00:00,HB_HOUSTON,18.47
2025-03-25T08:40:00-05:00,2025-03-25 13:40:00+00:00,2025-03-25T08:45:00-05:00,2025-03-25 13:45:00+00:00,HB_HOUSTON,17.29
2025-03-25T08:45:00-05:00,2025-03-25 13:45:00+00:00,2025-03-25T08:50:00-05:00,2025-03-25 13:50:00+00:00,HB_HOUSTON,15.02
2025-03-25T08:50:00-05:00,2025-03-25 13:50:00+00:00,2025-03-25T08:55:00-05:00,2025-03-25 13:55:00+00:00,HB_HOUSTON,17.16
2025-03-25T08:55:00-05:00,2025-03-25 13:55:00+00:00,2025-03-25T09:00:00-05:00,2025-03-25 14:00:00+00:00,HB_HOUSTON,16.28
2025-03-25T09:00:00-05:00,2025-03-25 14:00:00+00:00,2025-03-25T09:05:00-05:00,2025-03-25 14:05:00+00:00,HB_HOUSTON,20.17
2025-03-25T09:05:00-05:00,2025-03-25 14:05:00+00:00,2025-03-25T09:10:00-05:00,2025-03-25 14:10:00+00:00,HB_HOUSTON,19.26
2025-03-25T09:10:00-05:00,2025-03-25 14:10:00+00:00,2025-03-25T09:15:00-05:00,2025-03-25 14:15:00+00:00,HB_HOUSTON,17.93
2025-03-25T09:15:00-05:00,2025-03-25 14:15:00+00:00,2025-03-25T09:20:00-05:00,2025-03-25 14:20:00+00:00,HB_HOUSTON,17.81
2025-03-25T09:20:00-05:00,2025-03-25 14:20:00+00:00,2025-03-25T09:25:00-05:00,2025-03-25 14:25:00+00:00,HB_HOUSTON,6.68
2025-03-25T09:25:00-05:00,2025-03-25 14:25:00+00:00,2025-03-25T09:30:00-05:00,2025-03-25 14:30:00+00:00,HB_HOUSTON,8.29
2025-03-25T09:30:00-05:00,2025-03-25 14:30:00+00:00,2025-03-25T09:35:00-05:00,2025-03-25 14:35:00+00:00,HB_HOUSTON,9.23
2025-03-25T09:35:00-05:00,2025-03-25 14:35:00+00:00,2025-03-25T09:40:00-05:00,2025-03-25 14:40:00+00:00,HB_HOUSTON,9.22
2025-03-25T09:40:00-05:00,2025-03-25 14:40:00+00:00,2025-03-25T09:45:00-05:00,2025-03-25 14:45:00+00:00,HB_HOUSTON,8.25
2025-03-25T09:45:00-05:00,2025-03-25 14:45:00+00:00,2025-03-25T09:50:00-05:00,2025-03-25 14:50:00+00:00,HB_HOUSTON,9.33
2025-03-25T09:50:00-05:00,2025-03-25 14:50:00+00:00,2025-03-25T09:55:00-05:00,2025-03-25 14:55:00+00:00,HB_HOUSTON,8.32
2025-03-25T09:55:00-05:00,2025-03-25 14:55:00+00:00,2025-03-25T10:00:00-05:00,2025-03-25 15:00:00+00:00,HB_HOUSTON,5.66
2025-03-25T10:00:00-05:00,2025-03-25 15:00:00+00:00,2025-03-25T10:05:00-05:00,2025-03-25 15:05:00+00:00,HB_HOUSTON,5.13
2025-03-25T10:05:00-05:00,2025-03-25 15:05:00+00:00,2025-03-25T10:10:00-05:00,2025-03-25 15:10:00+00:00,HB_HOUSTON,6.51
2025-03-25T10:10:00-05:00,2025-03-25 15:10:00+00:00,2025-03-25T10:15:00-05:00,2025-03-25 15:15:00+00:00,HB_HOUSTON,7.31
2025-03-25T10:15:00-05:00,2025-03-25 15:15:00+00:00,2025-03-25T10:20:00-05:00,2025-03-25 15:20:00+00:00,HB_HOUSTON,7.09
2025-03-25T10:20:00-05:00,2025-03-25 15:20:00+00:00,2025-03-25T10:25:00-05:00,2025-03-25 15:25:00+00:00,HB_HOUSTON,6.87
2025-03-25T10:25:00-05:00,2025-03-25 15:25:00+00:00,2025-03-25T10:30:00-05:00,2025-03-25 15:30:00+00:00,HB_HOUSTON,6.8
2025-03-25T10:30:00-05:00,2025-03-25 15:30:00+00:00,2025-03-25T10:35:00-05:00,2025-03-25 15:35:00+00:00,HB_HOUSTON,7.76
2025-03-25T10:35:00-05:00,2025-03-25 15:35:00+00:00,2025-03-25T10:40:00-05:00,2025-03-25 15:40:00+00:00,HB_HOUSTON,6.96
2025-03-25T10:40:00-05:00,2025-03-25 15:40:00+00:00,2025-03-25T10:45:00-05:00,2025-03-25 15:45:00+00:00,HB_HOUSTON,10.69
2025-03-25T10:45:00-05:00,2025-03-25 15:45:00+00:00,2025-03-25T10:50:00-05:00,2025-03-25 15:50:00+00:00,HB_HOUSTON,10.93
2025-03-25T10:50:00-05:00,2025-03-25 15:50:00+00:00,2025-03-25T10:55:00-05:00,2025-03-25 15:55:00+00:00,HB_HOUSTON,12.09
2025-03-25T10:55:00-05:00,2025-03-25 15:55:00+00:00,2025-03-25T11:00:00-05:00,2025-03-25 16:00:00+00:00,HB_HOUSTON,11.66
2025-03-25T11:00:00-05:00,2025-03-25 16:00:00+00:00,2025-03-25T11:05:00-05:00,2025-03-25 16:05:00+00:00,HB_HOUSTON,10.97
2025-03-25T11:05:00-05:00,2025-03-25 16:05:00+00:00,2025-03-25T11:10:00-05:00,2025-03-25 16:10:00+00:00,HB_HOUSTON,10.09
2025-03-25T11:10:00-05:00,2025-03-25 16:10:00+00:00,2025-03-25T11:15:00-05:00,2025-03-25 16:15:00+00:00,HB_HOUSTON,10.03
2025-03-25T11:15:00-05:00,2025-03-25 16:15:00+00:00,2025-03-25T11:20:00-05:00,2025-03-25 16:20:00+00:00,HB_HOUSTON,10.83
2025-03-25T11:20:00-05:00,2025-03-25 16:20:00+00:00,2025-03-25T11:25:00-05:00,2025-03-25 16:25:00+00:00,HB_HOUSTON,11.03
2025-03-25T11:25:00-05:00,2025-03-25 16:25:00+00:00,2025-03-25T11:30:00-05:00,2025-03-25 16:30:00+00:00,HB_HOUSTON,12.66
2025-03-25T11:30:00-05:00,2025-03-25 16:30:00+00:00,2025-03-25T11:35:00-05:00,2025-03-25 16:35:00+00:00,HB_HOUSTON,15.14
2025-03-25T11:35:00-05:00,2025-03-25 16:35:00+00:00,2025-03-25T11:40:00-05:00,2025-03-25 16:40:00+00:00,HB_HOUSTON,15.85
2025-03-25T11:40:00-05:00,2025-03-25 16:40:00+00:00,2025-03-25T11:45:00-05:00,2025-03-25 16:45:00+00:00,HB_HOUSTON,16.41
2025-03-25T11:45:00-05:00,2025-03-25 16:45:00+00:00,2025-03-25T11:50:00-05:00,2025-03-25 16:50:00+00:00,HB_HOUSTON,18.54
2025-03-25T11:50:00-05:00,2025-03-25 16:50:00+00:00,2025-03-25T11:55:00-05:00,2025-03-25 16:55:00+00:00,HB_HOUSTON,18.65
2025-03-25T11:55:00-05:00,2025-03-25 16:55:00+00:00,2025-03-25T12:00:00-05:00,2025-03-25 17:00:00+00:00,HB_HOUSTON,19.03
2025-03-25T12:00:00-05:00,2025-03-25 17:00:00+00:00,2025-03-25T12:05:00-05:00,2025-03-25 17:05:00+00:00,HB_HOUSTON,19
2025-03-25T12:05:00-05:00,2025-03-25 17:05:00+00:00,2025-03-25T12:10:00-05:00,2025-03-25 17:10:00+00:00,HB_HOUSTON,19.23
2025-03-25T12:10:00-05:00,2025-03-25 17:10:00+00:00,2025-03-25T12:15:00-05:00,2025-03-25 17:15:00+00:00,HB_HOUSTON,20.47
2025-03-25T12:15:00-05:00,2025-03-25 17:15:00+00:00,2025-03-25T12:20:00-05:00,2025-03-25 17:20:00+00:00,HB_HOUSTON,20.58
2025-03-25T12:20:00-05:00,2025-03-25 17:20:00+00:00,2025-03-25T12:25:00-05:00,2025-03-25 17:25:00+00:00,HB_HOUSTON,22.72
2025-03-25T12:25:00-05:00,2025-03-25 17:25:00+00:00,2025-03-25T12:30:00-05:00,2025-03-25 17:30:00+00:00,HB_HOUSTON,21.76
2025-03-25T12:30:00-05:00,2025-03-25 17:30:00+00:00,2025-03-25T12:35:00-05:00,2025-03-25 17:35:00+00:00,HB_HOUSTON,23.18
2025-03-25T12:35:00-05:00,2025-03-25 17:35:00+00:00,2025-03-25T12:40:00-05:00,2025-03-25 17:40:00+00:00,HB_HOUSTON,24.43
2025-03-25T12:40:00-05:00,2025-03-25 17:40:00+00:00,2025-03-25T12:45:00-05:00,2025-03-25 17:45:00+00:00,HB_HOUSTON,25.01
2025-03-25T12:45:00-05:00,2025-03-25 17:45:00+00:00,2025-03-25T12:50:00-05:00,2025-03-25 17:50:00+00:00,HB_HOUSTON,25.81
2025-03-25T12:50:00-05:00,2025-03-25 17:50:00+00:00,2025-03-25T12:55:00-05:00,2025-03-25 17:55:00+00:00,HB_HOUSTON,26.17
2025-03-25T12:55:00-05:00,2025-03-25 17:55:00+00:00,2025-03-25T13:00:00-05:00,2025-03-25 18:00:00+00:00,HB_HOUSTON,26.37
2025-03-25T13:00:00-05:00,2025-03-25 18:00:00+00:00,2025-03-25T13:05:00-05:00,2025-03-25 18:05:00+00:00,HB_HOUSTON,23.84
2025-03-25T13:05:00-05:00,2025-03-25 18:05:00+00:00,2025-03-25T13:10:00-05:00,2025-03-25 18:10:00+00:00,HB_HOUSTON,26.16
2025-03-25T13:10:00-05:00,2025-03-25 18:10:00+00:00,2025-03-25T13:15:00-05:00,2025-03-25 18:15:00+00:00,HB_HOUSTON,26.08
2025-03-25T13:15:00-05:00,2025-03-25 18:15:00+00:00,2025-03-25T13:20:00-05:00,2025-03-25 18:20:00+00:00,HB_HOUSTON,27.2
2025-03-25T13:20:00-05:00,2025-03-25 18:20:00+00:00,2025-03-25T13:25:00-05:00,2025-03-25 18:25:00+00:00,HB_HOUSTON,25.1
2025-03-25T13:25:00-05:00,2025-03-25 18:25:00+00:00,2025-03-25T13:30:00-05:00,2025-03-25 18:30:00+00:00,HB_HOUSTON,27.18
2025-03-25T13:30:00-05:00,2025-03-25 18:30:00+00:00,2025-03-25T13:35:00-05:00,2025-03-25 18:35:00+00:00,HB_HOUSTON,25.79
2025-03-25T13:35:00-05:00,2025-03-25 18:35:00+00:00,2025-03-25T13:40:00-05:00,2025-03-25 18:40:00+00:00,HB_HOUSTON,26.13
2025-03-25T13:40:00-05:00,2025-03-25 18:40:00+00:00,2025-03-25T13:45:00-05:00,2025-03-25 18:45:00+00:00,HB_HOUSTON,27.46
2025-03-25T13:45:00-05:00,2025-03-25 18:45:00+00:00,2025-03-25T13:50:00-05:00,2025-03-25 18:50:00+00:00,HB_HOUSTON,26.88
2025-03-25T13:50:00-05:00,2025-03-25 18:50:00+00:00,2025-03-25T13:55:00-05:00,2025-03-25 18:55:00+00:00,HB_HOUSTON,27.06
2025-03-25T13:55:00-05:00,2025-03-25 18:55:00+00:00,2025-03-25T14:00:00-05:00,2025-03-25 19:00:00+00:00,HB_HOUSTON,26.81
2025-03-25T14:00:00-05:00,2025-03-25 19:00:00+00:00,2025-03-25T14:05:00-05:00,2025-03-25 19:05:00+00:00,HB_HOUSTON,26.02
2025-03-25T14:05:00-05:00,2025-03-25 19:05:00+00:00,2025-03-25T14:10:00-05:00,2025-03-25 19:10:00+00:00,HB_HOUSTON,23.73
2025-03-25T14:10:00-05:00,2025-03-25 19:10:00+00:00,2025-03-25T14:15:00-05:00,2025-03-25 19:15:00+00:00,HB_HOUSTON,26.08
2025-03-25T14:15:00-05:00,2025-03-25 19:15:00+00:00,2025-03-25T14:20:00-05:00,2025-03-25 19:20:00+00:00,HB_HOUSTON,26.92
2025-03-25T14:20:00-05:00,2025-03-25 19:20:00+00:00,2025-03-25T14:25:00-05:00,2025-03-25 19:25:00+00:00,HB_HOUSTON,28.83
2025-03-25T14:25:00-05:00,2025-03-25 19:25:00+00:00,2025-03-25T14:30:00-05:00,2025-03-25 19:30:00+00:00,HB_HOUSTON,28.48
2025-03-25T14:30:00-05:00,2025-03-25 19:30:00+00:00,2025-03-25T14:35:00-05:00,2025-03-25 19:35:00+00:00,HB_HOUSTON,28.54
2025-03-25T14:35:00-05:00,2025-03-25 19:35:00+00:00,2025-03-25T14:40:00-05:00,2025-03-25 19:40:00+00:00,HB_HOUSTON,29.14
2025-03-25T14:40:00-05:00,2025-03-25 19:40:00+00:00,2025-03-25T14:45:00-05:00,2025-03-25 19:45:00+00:00,HB_HOUSTON,32.31
2025-03-25T14:45:00-05:00,2025-03-25 19:45:00+00:00,2025-03-25T14:50:00-05:00,2025-03-25 19:50:00+00:00,HB_HOUSTON,31.81
2025-03-25T14:50:00-05:00,2025-03-25 19:50:00+00:00,2025-03-25T14:55:00-05:00,2025-03-25 19:55:00+00:00,HB_HOUSTON,30.92
2025-03-25T14:55:00-05:00,2025-03-25 19:55:00+00:00,2025-03-25T15:00:00-05:00,2025-03-25 20:00:00+00:00,HB_HOUSTON,31.18
2025-03-25T15:00:00-05:00,2025-03-25 20:00:00+00:00,2025-03-25T15:05:00-05:00,2025-03-25 20:05:00+00:00,HB_HOUSTON,30.71
2025-03-25T15:05:00-05:00,2025-03-25 20:05:00+00:00,2025-03-25T15:10:00-05:00,2025-03-25 20:10:00+00:00,HB_HOUSTON,30.4
2025-03-25T15:10:00-05:00,2025-03-25 20:10:00+00:00,2025-03-25T15:15:00-05:00,2025-03-25 20:15:00+00:00,HB_HOUSTON,29.87
2025-03-25T15:15:00-05:00,2025-03-25 20:15:00+00:00,2025-03-25T15:20:00-05:00,2025-03-25 20:20:00+00:00,HB_HOUSTON,30.59
2025-03-25T15:20:00-05:00,2025-03-25 20:20:00+00:00,2025-03-25T15:25:00-05:00,2025-03-25 20:25:00+00:00,HB_HOUSTON,34.48
2025-03-25T15:25:00-05:00,2025-03-25 20:25:00+00:00,2025-03-25T15:30:00-05:00,2025-03-25 20:30:00+00:00,HB_HOUSTON,35.5
2025-03-25T15:30:00-05:00,2025-03-25 20:30:00+00:00,2025-03-25T15:35:00-05:00,2025-03-25 20:35:00+00:00,HB_HOUSTON,34.46
2025-03-25T15:35:00-05:00,2025-03-25 20:35:00+00:00,2025-03-25T15:40:00-05:00,2025-03-25 20:40:00+00:00,HB_HOUSTON,37.62
2025-03-25T15:40:00-05:00,2025-03-25 20:40:00+00:00,2025-03-25T15:45:00-05:00,2025-03-25 20:45:00+00:00,HB_HOUSTON,43.13
2025-03-25T15:45:00-05:00,2025-03-25 20:45:00+00:00,2025-03-25T15:50:00-05:00,2025-03-25 20:50:00+00:00,HB_HOUSTON,39.29
2025-03-25T15:50:00-05:00,2025-03-25 20:50:00+00:00,2025-03-25T15:55:00-05:00,2025-03-25 20:55:00+00:00,HB_HOUSTON,40.365
2025-03-25T15:55:00-05:00,2025-03-25 20:55:00+00:00,2025-03-25T16:00:00-05:00,2025-03-25 21:00:00+00:00,HB_HOUSTON,41.38
2025-03-25T16:00:00-05:00,2025-03-25 21:00:00+00:00,2025-03-25T16:05:00-05:00,2025-03-25 21:05:00+00:00,HB_HOUSTON,42.31
2025-03-25T16:05:00-05:00,2025-03-25 21:05:00+00:00,2025-03-25T16:10:00-05:00,2025-03-25 21:10:00+00:00,HB_HOUSTON,29.28
2025-03-25T16:10:00-05:00,2025-03-25 21:10:00+00:00,2025-03-25T16:15:00-05:00,2025-03-25 21:15:00+00:00,HB_HOUSTON,28.66
2025-03-25T16:15:00-05:00,2025-03-25 21:15:00+00:00,2025-03-25T16:20:00-05:00,2025-03-25 21:20:00+00:00,HB_HOUSTON,31.02
2025-03-25T16:20:00-05:00,2025-03-25 21:20:00+00:00,2025-03-25T16:25:00-05:00,2025-03-25 21:25:00+00:00,HB_HOUSTON,31.14
2025-03-25T16:25:00-05:00,2025-03-25 21:25:00+00:00,2025-03-25T16:30:00-05:00,2025-03-25 21:30:00+00:00,HB_HOUSTON,31.15
2025-03-25T16:30:00-05:00,2025-03-25 21:30:00+00:00,2025-03-25T16:35:00-05:00,2025-03-25 21:35:00+00:00,HB_HOUSTON,36.16
2025-03-25T16:35:00-05:00,2025-03-25 21:35:00+00:00,2025-03-25T16:40:00-05:00,2025-03-25 21:40:00+00:00,HB_HOUSTON,36.9
2025-03-25T16:40:00-05:00,2025-03-25 21:40:00+00:00,2025-03-25T16:45:00-05:00,2025-03-25 21:45:00+00:00,HB_HOUSTON,36.16
2025-03-25T16:45:00-05:00,2025-03-25 21:45:00+00:00,2025-03-25T16:50:00-05:00,2025-03-25 21:50:00+00:00,HB_HOUSTON,31.79
2025-03-25T16:50:00-05:00,2025-03-25 21:50:00+00:00,2025-03-25T16:55:00-05:00,2025-03-25 21:55:00+00:00,HB_HOUSTON,33.43
2025-03-25T16:55:00-05:00,2025-03-25 21:55:00+00:00,2025-03-25T17:00:00-05:00,2025-03-25 22:00:00+00:00,HB_HOUSTON,36.16
2025-03-25T17:00:00-05:00,2025-03-25 22:00:00+00:00,2025-03-25T17:05:00-05:00,2025-03-25 22:05:00+00:00,HB_HOUSTON,30.86
2025-03-25T17:05:00-05:00,2025-03-25 22:05:00+00:00,2025-03-25T17:10:00-05:00,2025-03-25 22:10:00+00:00,HB_HOUSTON,31.03
2025-03-25T17:10:00-05:00,2025-03-25 22:10:00+00:00,2025-03-25T17:15:00-05:00,2025-03-25 22:15:00+00:00,HB_HOUSTON,32.59
2025-03-25T17:15:00-05:00,2025-03-25 22:15:00+00:00,2025-03-25T17:20:00-05:00,2025-03-25 22:20:00+00:00,HB_HOUSTON,35.54
2025-03-25T17:20:00-05:00,2025-03-25 22:20:00+00:00,2025-03-25T17:25:00-05:00,2025-03-25 22:25:00+00:00,HB_HOUSTON,38.04
2025-03-25T17:25:00-05:00,2025-03-25 22:25:00+00:00,2025-03-25T17:30:00-05:00,2025-03-25 22:30:00+00:00,HB_HOUSTON,38.94
2025-03-25T17:30:00-05:00,2025-03-25 22:30:00+00:00,2025-03-25T17:35:00-05:00,2025-03-25 22:35:00+00:00,HB_HOUSTON,56.57
2025-03-25T17:35:00-05:00,2025-03-25 22:35:00+00:00,2025-03-25T17:40:00-05:00,2025-03-25 22:40:00+00:00,HB_HOUSTON,65.29
2025-03-25T17:40:00-05:00,2025-03-25 22:40:00+00:00,2025-03-25T17:45:00-05:00,2025-03-25 22:45:00+00:00,HB_HOUSTON,48.29
2025-03-25T17:45:00-05:00,2025-03-25 22:45:00+00:00,2025-03-25T17:50:00-05:00,2025-03-25 22:50:00+00:00,HB_HOUSTON,42.32
2025-03-25T17:50:00-05:00,2025-03-25 22:50:00+00:00,2025-03-25T17:55:00-05:00,2025-03-25 22:55:00+00:00,HB_HOUSTON,68.44
2025-03-25T17:55:00-05:00,2025-03-25 22:55:00+00:00,2025-03-25T18:00:00-05:00,2025-03-25 23:00:00+00:00,HB_HOUSTON,69.44
2025-03-25T18:00:00-05:00,2025-03-25 23:00:00+00:00,2025-03-25T18:05:00-05:00,2025-03-25 23:05:00+00:00,HB_HOUSTON,51.19
2025-03-25T18:05:00-05:00,2025-03-25 23:05:00+00:00,2025-03-25T18:10:00-05:00,2025-03-25 23:10:00+00:00,HB_HOUSTON,71.66
2025-03-25T18:10:00-05:00,2025-03-25 23:10:00+00:00,2025-03-25T18:15:00-05:00,2025-03-25 23:15:00+00:00,HB_HOUSTON,72.38
2025-03-25T18:15:00-05:00,2025-03-25 23:15:00+00:00,2025-03-25T18:20:00-05:00,2025-03-25 23:20:00+00:00,HB_HOUSTON,103.02
2025-03-25T18:20:00-05:00,2025-03-25 23:20:00+00:00,2025-03-25T18:25:00-05:00,2025-03-25 23:25:00+00:00,HB_HOUSTON,118.66
2025-03-25T18:25:00-05:00,2025-03-25 23:25:00+00:00,2025-03-25T18:30:00-05:00,2025-03-25 23:30:00+00:00,HB_HOUSTON,152.86
2025-03-25T18:30:00-05:00,2025-03-25 23:30:00+00:00,2025-03-25T18:35:00-05:00,2025-03-25 23:35:00+00:00,HB_HOUSTON,170.1
2025-03-25T18:35:00-05:00,2025-03-25 23:35:00+00:00,2025-03-25T18:40:00-05:00,2025-03-25 23:40:00+00:00,HB_HOUSTON,155.98
2025-03-25T18:40:00-05:00,2025-03-25 23:40:00+00:00,2025-03-25T18:45:00-05:00,2025-03-25 23:45:00+00:00,HB_HOUSTON,134.64
2025-03-25T18:45:00-05:00,2025-03-25 23:45:00+00:00,2025-03-25T18:50:00-05:00,2025-03-25 23:50:00+00:00,HB_HOUSTON,89.99
2025-03-25T18:50:00-05:00,2025-03-25 23:50:00+00:00,2025-03-25T18:55:00-05:00,2025-03-25 23:55:00+00:00,HB_HOUSTON,97.21
2025-03-25T18:55:00-05:00,2025-03-25 23:55:00+00:00,2025-03-25T19:00:00-05:00,2025-03-26 00:00:00+00:00,HB_HOUSTON,120.65
2025-03-25T19:00:00-05:00,2025-03-26 00:00:00+00:00,2025-03-25T19:05:00-05:00,2025-03-26 00:05:00+00:00,HB_HOUSTON,79.18
2025-03-25T19:05:00-05:00,2025-03-26 00:05:00+00:00,2025-03-25T19:10:00-05:00,2025-03-26 00:10:00+00:00,HB_HOUSTON,79.3
2025-03-25T19:10:00-05:00,2025-03-26 00:10:00+00:00,2025-03-25T19:15:00-05:00,2025-03-26 00:15:00+00:00,HB_HOUSTON,83.34
2025-03-25T19:15:00-05:00,2025-03-26 00:15:00+00:00,2025-03-25T19:20:00-05:00,2025-03-26 00:20:00+00:00,HB_HOUSTON,75.92
2025-03-25T19:20:00-05:00,2025-03-26 00:20:00+00:00,2025-03-25T19:25:00-05:00,2025-03-26 00:25:00+00:00,HB_HOUSTON,75.77
2025-03-25T19:25:00-05:00,2025-03-26 00:25:00+00:00,2025-03-25T19:30:00-05:00,2025-03-26 00:30:00+00:00,HB_HOUSTON,75.35
2025-03-25T19:30:00-05:00,2025-03-26 00:30:00+00:00,2025-03-25T19:35:00-05:00,2025-03-26 00:35:00+00:00,HB_HOUSTON,75.93
2025-03-25T19:35:00-05:00,2025-03-26 00:35:00+00:00,2025-03-25T19:40:00-05:00,2025-03-26 00:40:00+00:00,HB_HOUSTON,84.39
2025-03-25T19:40:00-05:00,2025-03-26 00:40:00+00:00,2025-03-25T19:45:00-05:00,2025-03-26 00:45:00+00:00,HB_HOUSTON,90.42
2025-03-25T19:45:00-05:00,2025-03-26 00:45:00+00:00,2025-03-25T19:50:00-05:00,2025-03-26 00:50:00+00:00,HB_HOUSTON,93.28
2025-03-25T19:50:00-05:00,2025-03-26 00:50:00+00:00,2025-03-25T19:55:00-05:00,2025-03-26 00:55:00+00:00,HB_HOUSTON,97.64
2025-03-25T19:55:00-05:00,2025-03-26 00:55:00+00:00,2025-03-25T20:00:00-05:00,2025-03-26 01:00:00+00:00,HB_HOUSTON,100.58
2025-03-25T20:00:00-05:00,2025-03-26 01:00:00+00:00,2025-03-25T20:05:00-05:00,2025-03-26 01:05:00+00:00,HB_HOUSTON,114.93
2025-03-25T20:05:00-05:00,2025-03-26 01:05:00+00:00,2025-03-25T20:10:00-05:00,2025-03-26 01:10:00+00:00,HB_HOUSTON,75.94
2025-03-25T20:10:00-05:00,2025-03-26 01:10:00+00:00,2025-03-25T20:15:00-05:00,2025-03-26 01:15:00+00:00,HB_HOUSTON,73.36
2025-03-25T20:15:00-05:00,2025-03-26 01:15:00+00:00,2025-03-25T20:20:00-05:00,2025-03-26 01:20:00+00:00,HB_HOUSTON,70.01
2025-03-25T20:20:00-05:00,2025-03-26 01:20:00+00:00,2025-03-25T20:25:00-05:00,2025-03-26 01:25:00+00:00,HB_HOUSTON,55.63
2025-03-25T20:25:00-05:00,2025-03-26 01:25:00+00:00,2025-03-25T20:30:00-05:00,2025-03-26 01:30:00+00:00,HB_HOUSTON,43.2
2025-03-25T20:30:00-05:00,2025-03-26 01:30:00+00:00,2025-03-25T20:35:00-05:00,2025-03-26 01:35:00+00:00,HB_HOUSTON,40.08
2025-03-25T20:35:00-05:00,2025-03-26 01:35:00+00:00,2025-03-25T20:40:00-05:00,2025-03-26 01:40:00+00:00,HB_HOUSTON,38.52
2025-03-25T20:40:00-05:00,2025-03-26 01:40:00+00:00,2025-03-25T20:45:00-05:00,2025-03-26 01:45:00+00:00,HB_HOUSTON,38.77
2025-03-25T20:45:00-05:00,2025-03-26 01:45:00+00:00,2025-03-25T20:50:00-05:00,2025-03-26 01:50:00+00:00,HB_HOUSTON,37.26
2025-03-25T20:50:00-05:00,2025-03-26 01:50:00+00:00,2025-03-25T20:55:00-05:00,2025-03-26 01:55:00+00:00,HB_HOUSTON,35.3
2025-03-25T20:55:00-05:00,2025-03-26 01:55:00+00:00,2025-03-25T21:00:00-05:00,2025-03-26 02:00:00+00:00,HB_HOUSTON,33.71
2025-03-25T21:00:00-05:00,2025-03-26 02:00:00+00:00,2025-03-25T21:05:00-05:00,2025-03-26 02:05:00+00:00,HB_HOUSTON,37.34
2025-03-25T21:05:00-05:00,2025-03-26 02:05:00+00:00,2025-03-25T21:10:00-05:00,2025-03-26 02:10:00+00:00,HB_HOUSTON,37.27
2025-03-25T21:10:00-05:00,2025-03-26 02:10:00+00:00,2025-03-25T21:15:00-05:00,2025-03-26 02:15:00+00:00,HB_HOUSTON,32.92
2025-03-25T21:15:00-05:00,2025-03-26 02:15:00+00:00,2025-03-25T21:20:00-05:00,2025-03-26 02:20:00+00:00,HB_HOUSTON,32.88
2025-03-25T21:20:00-05:00,2025-03-26 02:20:00+00:00,2025-03-25T21:25:00-05:00,2025-03-26 02:25:00+00:00,HB_HOUSTON,31.08
2025-03-25T21:25:00-05:00,2025-03-26 02:25:00+00:00,2025-03-25T21:30:00-05:00,2025-03-26 02:30:00+00:00,HB_HOUSTON,28.64
2025-03-25T21:30:00-05:00,2025-03-26 02:30:00+00:00,2025-03-25T21:35:00-05:00,2025-03-26 02:35:00+00:00,HB_HOUSTON,28.05
2025-03-25T21:35:00-05:00,2025-03-26 02:35:00+00:00,2025-03-25T21:40:00-05:00,2025-03-26 02:40:00+00:00,HB_HOUSTON,27.22
2025-03-25T21:40:00-05:00,2025-03-26 02:40:00+00:00,2025-03-25T21:45:00-05:00,2025-03-26 02:45:00+00:00,HB_HOUSTON,25.92
2025-03-25T21:45:00-05:00,2025-03-26 02:45:00+00:00,2025-03-25T21:50:00-05:00,2025-03-26 02:50:00+00:00,HB_HOUSTON,24.72
2025-03-25T21:50:00-05:00,2025-03-26 02:50:00+00:00,2025-03-25T21:55:00-05:00,2025-03-26 02:55:00+00:00,HB_HOUSTON,24.06
2025-03-25T21:55:00-05:00,2025-03-26 02:55:00+00:00,2025-03-25T22:00:00-05:00,2025-03-26 03:00:00+00:00,HB_HOUSTON,23.12
2025-03-25T22:00:00-05:00,2025-03-26 03:00:00+00:00,2025-03-25T22:05:00-05:00,2025-03-26 03:05:00+00:00,HB_HOUSTON,25.46
2025-03-25T22:05:00-05:00,2025-03-26 03:05:00+00:00,2025-03-25T22:10:00-05:00,2025-03-26 03:10:00+00:00,HB_HOUSTON,25.63
2025-03-25T22:10:00-05:00,2025-03-26 03:10:00+00:00,2025-03-25T22:15:00-05:00,2025-03-26 03:15:00+00:00,HB_HOUSTON,25.79
2025-03-25T22:15:00-05:00,2025-03-26 03:15:00+00:00,2025-03-25T22:20:00-05:00,2025-03-26 03:20:00+00:00,HB_HOUSTON,25.88
2025-03-25T22:20:00-05:00,2025-03-26 03:20:00+00:00,2025-03-25T22:25:00-05:00,2025-03-26 03:25:00+00:00,HB_HOUSTON,26.27
2025-03-25T22:25:00-05:00,2025-03-26 03:25:00+00:00,2025-03-25T22:30:00-05:00,2025-03-26 03:30:00+00:00,HB_HOUSTON,25.93
2025-03-25T22:30:00-05:00,2025-03-26 03:30:00+00:00,2025-03-25T22:35:00-05:00,2025-03-26 03:35:00+00:00,HB_HOUSTON,25.28
2025-03-25T22:35:00-05:00,2025-03-26 03:35:00+00:00,2025-03-25T22:40:00-05:00,2025-03-26 03:40:00+00:00,HB_HOUSTON,25.96
2025-03-25T22:40:00-05:00,2025-03-26 03:40:00+00:00,2025-03-25T22:45:00-05:00,2025-03-26 03:45:00+00:00,HB_HOUSTON,27.12
2025-03-25T22:45:00-05:00,2025-03-26 03:45:00+00:00,2025-03-25T22:50:00-05:00,2025-03-26 03:50:00+00:00,HB_HOUSTON,26.19
2025-03-25T22:50:00-05:00,2025-03-26 03:50:00+00:00,2025-03-25T22:55:00-05:00,2025-03-26 03:55:00+00:00,HB_HOUSTON,26.2
2025-03-25T22:55:00-05:00,2025-03-26 03:55:00+00:00,2025-03-25T23:00:00-05:00,2025-03-26 04:00:00+00:00,HB_HOUSTON,25.38
2025-03-25T23:00:00-05:00,2025-03-26 04:00:00+00:00,2025-03-25T23:05:00-05:00,2025-03-26 04:05:00+00:00,HB_HOUSTON,24.99
2025-03-25T23:05:00-05:00,2025-03-26 04:05:00+00:00,2025-03-25T23:10:00-05:00,2025-03-26 04:10:00+00:00,HB_HOUSTON,24.64
2025-03-25T23:10:00-05:00,2025-03-26 04:10:00+00:00,2025-03-25T23:15:00-05:00,2025-03-26 04:15:00+00:00,HB_HOUSTON,24.59
2025-03-25T23:15:00-05:00,2025-03-26 04:15:00+00:00,2025-03-25T23:20:00-05:00,2025-03-26 04:20:00+00:00,HB_HOUSTON,24.82
2025-03-25T23:20:00-05:00,2025-03-26 04:20:00+00:00,2025-03-25T23:25:00-05:00,2025-03-26 04:25:00+00:00,HB_HOUSTON,24.79
2025-03-25T23:25:00-05:00,2025-03-26 04:25:00+00:00,2025-03-25T23:30:00-05:00,2025-03-26 04:30:00+00:00,HB_HOUSTON,24.5
2025-03-25T23:30:00-05:00,2025-03-26 04:30:00+00:00,2025-03-25T23:35:00-05:00,2025-03-26 04:35:00+00:00,HB_HOUSTON,24.31
2025-03-25T23:35:00-05:00,2025-03-26 04:35:00+00:00,2025-03-25T23:40:00-05:00,2025-03-26 04:40:00+00:00,HB_HOUSTON,23.96
2025-03-25T23:40:00-05:00,2025-03-26 04:40:00+00:00,2025-03-25T23:45:00-05:00,2025-03-26 04:45:00+00:00,HB_HOUSTON,24.05
2025-03-25T23:45:00-05:00,2025-03-26 04:45:00+00:00,2025-03-25T23:50:00-05:00,2025-03-26 04:50:00+00:00,HB_HOUSTON,23.85
2025-03-25T23:50:00-05:00,2025-03-26 04:50:00+00:00,2025-03-25T23:55:00-05:00,2025-03-26 04:55:00+00:00,HB_HOUSTON,23.5
2025-03-25T23:55:00-05:00,2025-03-26 04:55:00+00:00,2025-03-26T00:00:00-05:00,2025-03-26 05:00:00+00:00,HB_HOUSTON,22.77
