interval_start_local,interval_start_utc,interval_end_local,interval_end_utc,location,market,lmp,energy,congestion,loss
2025-03-24T00:00:00-05:00,2025-03-24 05:00:00+00:00,2025-03-24T00:05:00-05:00,2025-03-24 05:05:00+00:00,LOUISIANA.HUB,REAL_TIME_5_MIN,31.16,24.86,5.37,0.93
2025-03-24T00:05:00-05:00,2025-03-24 05:05:00+00:00,2025-03-24T00:10:00-05:00,2025-03-24 05:10:00+00:00,LOUISIANA.HUB,REAL_TIME_5_MIN,29.84,23.660000000000004,5.35,0.83
2025-03-24T00:10:00-05:00,2025-03-24 05:10:00+00:00,2025-03-24T00:15:00-05:00,2025-03-24 05:15:00+00:00,LOUISIANA.HUB,REAL_TIME_5_MIN,27.42,23.55,3.03,0.84
2025-03-24T00:15:00-05:00,2025-03-24 05:15:00+00:00,2025-03-24T00:20:00-05:00,2025-03-24 05:20:00+00:00,LOUISIANA.HUB,REAL_TIME_5_MIN,28.56,23.57,4.1,0.89
2025-03-24T00:20:00-05:00,2025-03-24 05:20:00+00:00,2025-03-24T00:25:00-05:00,2025-03-24 05:25:00+00:00,LOUISIANA.HUB,REAL_TIME_5_MIN,25.63,20.94,3.9,0.79
2025-03-24T00:25:00-05:00,2025-03-24 05:25:00+00:00,2025-03-24T00:30:00-05:00,2025-03-24 05:30:00+00:00,LOUISIANA.HUB,REAL_TIME_5_MIN,26.73,20.21,5.69,0.83
2025-03-24T00:30:00-05:00,2025-03-24 05:30:00+00:00,2025-03-24T00:35:00-05:00,2025-03-24 05:35:00+00:00,LOUISIANA.HUB,REAL_TIME_5_MIN,25.49,22.609999999999996,1.94,0.94
2025-03-24T00:35:00-05:00,2025-03-24 05:35:00+00:00,2025-03-24T00:40:00-05:00,2025-03-24 05:40:00+00:00,LOUISIANA.HUB,REAL_TIME_5_MIN,26.22,23.61,1.62,0.99
2025-03-24T00:40:00-05:00,2025-03-24 05:40:00+00:00,2025-03-24T00:45:00-05:00,2025-03-24 05:45:00+00:00,LOUISIANA.HUB,REAL_TIME_5_MIN,25.92,21.78,3.17,0.97
2025-03-24T00:45:00-05:00,2025-03-24 05:45:00+00:00,2025-03-24T00:50:00-05:00,2025-03-24 05:50:00+00:00,LOUISIANA.HUB,REAL_TIME_5_MIN,25.68,21.57,3.22,0.89
2025-03-24T00:50:00-05:00,2025-03-24 05:50:00+00:00,2025-03-24T00:55:00-05:00,2025-03-24 05:55:00+00:00,LOUISIANA.HUB,REAL_TIME_5_MIN,25.08,21.619999999999997,2.55,0.91
2025-03-24T00:55:00-05:00,2025-03-24 05:55:00+00:00,2025-03-24T01:00:00-05:00,2025-03-24 06:00:00+00:00,LOUISIANA.HUB,REAL_TIME_5_MIN,25.38,21.66,2.82,0.9
2025-03-24T01:00:00-05:00,2025-03-24 06:00:00+00:00,2025-03-24T01:05:00-05:00,2025-03-24 06:05:00+00:00,LOUISIANA.HUB,REAL_TIME_5_MIN,25.45,22.240000000000002,2.22,0.99
2025-03-24T01:05:00-05:00,2025-03-24 06:05:00+00:00,2025-03-24T01:10:00-05:00,2025-03-24 06:10:00+00:00,LOUISIANA.HUB,REAL_TIME_5_MIN,25.07,16.299999999999997,8.06,0.71
2025-03-24T01:10:00-05:00,2025-03-24 06:10:00+00:00,2025-03-24T01:15:00-05:00,2025-03-24 06:15:00+00:00,LOUISIANA.HUB,REAL_TIME_5_MIN,25.42,20.03,4.46,0.93
2025-03-24T01:15:00-05:00,2025-03-24 06:15:00+00:00,2025-03-24T01:20:00-05:00,2025-03-24 06:20:00+00:00,LOUISIANA.HUB,REAL_TIME_5_MIN,27.13,21.599999999999998,4.48,1.05
2025-03-24T01:20:00-05:00,2025-03-24 06:20:00+00:00,2025-03-24T01:25:00-05:00,2025-03-24 06:25:00+00:00,LOUISIANA.HUB,REAL_TIME_5_MIN,25.86,21.479999999999997,3.35,1.03
2025-03-24T01:25:00-05:00,2025-03-24 06:25:00+00:00,2025-03-24T01:30:00-05:00,2025-03-24 06:30:00+00:00,LOUISIANA.HUB,REAL_TIME_5_MIN,24.47,21.339999999999996,2.28,0.85
2025-03-24T01:30:00-05:00,2025-03-24 06:30:00+00:00,2025-03-24T01:35:00-05:00,2025-03-24 06:35:00+00:00,LOUISIANA.HUB,REAL_TIME_5_MIN,25.78,21.700000000000003,3.25,0.83
2025-03-24T01:35:00-05:00,2025-03-24 06:35:00+00:00,2025-03-24T01:40:00-05:00,2025-03-24 06:40:00+00:00,LOUISIANA.HUB,REAL_TIME_5_MIN,26.01,22.330000000000002,2.84,0.84
2025-03-24T01:40:00-05:00,2025-03-24 06:40:00+00:00,2025-03-24T01:45:00-05:00,2025-03-24 06:45:00+00:00,LOUISIANA.HUB,REAL_TIME_5_MIN,24.93,22.12,2.0,0.81
2025-03-24T01:45:00-05:00,2025-03-24 06:45:00+00:00,2025-03-24T01:50:00-05:00,2025-03-24 06:50:00+00:00,LOUISIANA.HUB,REAL_TIME_5_MIN,25.44,22.630000000000003,1.97,0.84
2025-03-24T01:50:00-05:00,2025-03-24 06:50:00+00:00,2025-03-24T01:55:00-05:00,2025-03-24 06:55:00+00:00,LOUISIANA.HUB,REAL_TIME_5_MIN,25.48,21.95,2.66,0.87
2025-03-24T01:55:00-05:00,2025-03-24 06:55:00+00:00,2025-03-24T02:00:00-05:00,2025-03-24 07:00:00+00:00,LOUISIANA.HUB,REAL_TIME_5_MIN,25.61,22.61,2.1,0.9
2025-03-24T02:00:00-05:00,2025-03-24 07:00:00+00:00,2025-03-24T02:05:00-05:00,2025-03-24 07:05:00+00:00,LOUISIANA.HUB,REAL_TIME_5_MIN,25.75,22.32,2.61,0.82
2025-03-24T02:05:00-05:00,2025-03-24 07:05:00+00:00,2025-03-24T02:10:00-05:00,2025-03-24 07:10:00+00:00,LOUISIANA.HUB,REAL_TIME_5_MIN,25.38,21.799999999999997,2.8,0.78
2025-03-24T02:10:00-05:00,2025-03-24 07:10:00+00:00,2025-03-24T02:15:00-05:00,2025-03-24 07:15:00+00:00,LOUISIANA.HUB,REAL_TIME_5_MIN,25.6,21.86,2.96,0.78
2025-03-24T02:15:00-05:00,2025-03-24 07:15:00+00:00,2025-03-24T02:20:00-05:00,2025-03-24 07:20:00+00:00,LOUISIANA.HUB,REAL_TIME_5_MIN,25.53,22.04,2.67,0.82
2025-03-24T02:20:00-05:00,2025-03-24 07:20:00+00:00,2025-03-24T02:25:00-05:00,2025-03-24 07:25:00+00:00,LOUISIANA.HUB,REAL_TIME_5_MIN,25.82,22.230000000000004,2.76,0.83
2025-03-24T02:25:00-05:00,2025-03-24 07:25:00+00:00,2025-03-24T02:30:00-05:00,2025-03-24 07:30:00+00:00,LOUISIANA.HUB,REAL_TIME_5_MIN,25.4,22.179999999999996,2.35,0.87
2025-03-24T02:30:00-05:00,2025-03-24 07:30:00+00:00,2025-03-24T02:35:00-05:00,2025-03-24 07:35:00+00:00,LOUISIANA.HUB,REAL_TIME_5_MIN,25.3,21.220000000000002,3.27,0.81
2025-03-24T02:35:00-05:00,2025-03-24 07:35:00+00:00,2025-03-24T02:40:00-05:00,2025-03-24 07:40:00+00:00,LOUISIANA.HUB,REAL_TIME_5_MIN,25.38,22.490000000000002,1.99,0.9
2025-03-24T02:40:00-05:00,2025-03-24 07:40:00+00:00,2025-03-24T02:45:00-05:00,2025-03-24 07:45:00+00:00,LOUISIANA.HUB,REAL_TIME_5_MIN,25.8,22.46,2.4,0.94
2025-03-24T02:45:00-05:00,2025-03-24 07:45:00+00:00,2025-03-24T02:50:00-05:00,2025-03-24 07:50:00+00:00,LOUISIANA.HUB,REAL_TIME_5_MIN,23.7,21.57,1.33,0.8
2025-03-24T02:50:00-05:00,2025-03-24 07:50:00+00:00,2025-03-24T02:55:00-05:00,2025-03-24 07:55:00+00:00,LOUISIANA.HUB,REAL_TIME_5_MIN,24.93,21.26,2.93,0.74
2025-03-24T02:55:00-05:00,2025-03-24 07:55:00+00:00,2025-03-24T03:00:00-05:00,2025-03-24 08:00:00+00:00,LOUISIANA.HUB,REAL_TIME_5_MIN,25.13,21.549999999999997,2.73,0.85
2025-03-24T03:00:00-05:00,2025-03-24 08:00:00+00:00,2025-03-24T03:05:00-05:00,2025-03-24 08:05:00+00:00,LOUISIANA.HUB,REAL_TIME_5_MIN,24.83,21.23,2.77,0.83
2025-03-24T03:05:00-05:00,2025-03-24 08:05:00+00:00,2025-03-24T03:10:00-05:00,2025-03-24 08:10:00+00:00,LOUISIANA.HUB,REAL_TIME_5_MIN,24.94,21.250000000000004,2.88,0.81
2025-03-24T03:10:00-05:00,2025-03-24 08:10:00+00:00,2025-03-24T03:15:00-05:00,2025-03-24 08:15:00+00:00,LOUISIANA.HUB,REAL_TIME_5_MIN,24.92,21.340000000000003,2.74,0.84
2025-03-24T03:15:00-05:00,2025-03-24 08:15:00+00:00,2025-03-24T03:20:00-05:00,2025-03-24 08:20:00+00:00,LOUISIANA.HUB,REAL_TIME_5_MIN,24.73,22.24,1.64,0.85
2025-03-24T03:20:00-05:00,2025-03-24 08:20:00+00:00,2025-03-24T03:25:00-05:00,2025-03-24 08:25:00+00:00,LOUISIANA.HUB,REAL_TIME_5_MIN,24.5,21.93,1.72,0.85
2025-03-24T03:25:00-05:00,2025-03-24 08:25:00+00:00,2025-03-24T03:30:00-05:00,2025-03-24 08:30:00+00:00,LOUISIANA.HUB,REAL_TIME_5_MIN,24.37,22.03,1.58,0.76
2025-03-24T03:30:00-05:00,2025-03-24 08:30:00+00:00,2025-03-24T03:35:00-05:00,2025-03-24 08:35:00+00:00,LOUISIANA.HUB,REAL_TIME_5_MIN,24.41,21.830000000000002,1.77,0.81
2025-03-24T03:35:00-05:00,2025-03-24 08:35:00+00:00,2025-03-24T03:40:00-05:00,2025-03-24 08:40:00+00:00,LOUISIANA.HUB,REAL_TIME_5_MIN,24.71,22.3,1.5,0.91
2025-03-24T03:40:00-05:00,2025-03-24 08:40:00+00:00,2025-03-24T03:45:00-05:00,2025-03-24 08:45:00+00:00,LOUISIANA.HUB,REAL_TIME_5_MIN,24.28,21.990000000000002,1.4,0.89
2025-03-24T03:45:00-05:00,2025-03-24 08:45:00+00:00,2025-03-24T03:50:00-05:00,2025-03-24 08:50:00+00:00,LOUISIANA.HUB,REAL_TIME_5_MIN,24.41,22.34,1.21,0.86
2025-03-24T03:50:00-05:00,2025-03-24 08:50:00+00:00,2025-03-24T03:55:00-05:00,2025-03-24 08:55:00+00:00,LOUISIANA.HUB,REAL_TIME_5_MIN,24.48,22.3,1.34,0.84
2025-03-24T03:55:00-05:00,2025-03-24 08:55:00+00:00,2025-03-24T04:00:00-05:00,2025-03-24 09:00:00+00:00,LOUISIANA.HUB,REAL_TIME_5_MIN,24.23,22.41,1.03,0.79
2025-03-24T04:00:00-05:00,2025-03-24 09:00:00+00:00,2025-03-24T04:05:00-05:00,2025-03-24 09:05:00+00:00,LOUISIANA.HUB,REAL_TIME_5_MIN,24.11,21.72,1.6,0.79
2025-03-24T04:05:00-05:00,2025-03-24 09:05:00+00:00,2025-03-24T04:10:00-05:00,2025-03-24 09:10:00+00:00,LOUISIANA.HUB,REAL_TIME_5_MIN,24.4,22.409999999999997,1.14,0.85
2025-03-24T04:10:00-05:00,2025-03-24 09:10:00+00:00,2025-03-24T04:15:00-05:00,2025-03-24 09:15:00+00:00,LOUISIANA.HUB,REAL_TIME_5_MIN,24.06,22.169999999999998,1.03,0.86
2025-03-24T04:15:00-05:00,2025-03-24 09:15:00+00:00,2025-03-24T04:20:00-05:00,2025-03-24 09:20:00+00:00,LOUISIANA.HUB,REAL_TIME_5_MIN,24.0,22.31,0.92,0.77
2025-03-24T04:20:00-05:00,2025-03-24 09:20:00+00:00,2025-03-24T04:25:00-05:00,2025-03-24 09:25:00+00:00,LOUISIANA.HUB,REAL_TIME_5_MIN,24.48,22.61,1.07,0.8
2025-03-24T04:25:00-05:00,2025-03-24 09:25:00+00:00,2025-03-24T04:30:00-05:00,2025-03-24 09:30:00+00:00,LOUISIANA.HUB,REAL_TIME_5_MIN,24.97,23.13,1.06,0.78
2025-03-24T04:30:00-05:00,2025-03-24 09:30:00+00:00,2025-03-24T04:35:00-05:00,2025-03-24 09:35:00+00:00,LOUISIANA.HUB,REAL_TIME_5_MIN,25.28,22.89,1.61,0.78
2025-03-24T04:35:00-05:00,2025-03-24 09:35:00+00:00,2025-03-24T04:40:00-05:00,2025-03-24 09:40:00+00:00,LOUISIANA.HUB,REAL_TIME_5_MIN,26.56,23.28,2.63,0.65
2025-03-24T04:40:00-05:00,2025-03-24 09:40:00+00:00,2025-03-24T04:45:00-05:00,2025-03-24 09:45:00+00:00,LOUISIANA.HUB,REAL_TIME_5_MIN,28.08,25.75,1.61,0.72
2025-03-24T04:45:00-05:00,2025-03-24 09:45:00+00:00,2025-03-24T04:50:00-05:00,2025-03-24 09:50:00+00:00,LOUISIANA.HUB,REAL_TIME_5_MIN,28.7,26.71,1.43,0.56
2025-03-24T04:50:00-05:00,2025-03-24 09:50:00+00:00,2025-03-24T04:55:00-05:00,2025-03-24 09:55:00+00:00,LOUISIANA.HUB,REAL_TIME_5_MIN,29.44,27.1,1.85,0.49
2025-03-24T04:55:00-05:00,2025-03-24 09:55:00+00:00,2025-03-24T05:00:00-05:00,2025-03-24 10:00:00+00:00,LOUISIANA.HUB,REAL_TIME_5_MIN,30.13,27.759999999999998,1.95,0.42
2025-03-24T05:00:00-05:00,2025-03-24 10:00:00+00:00,2025-03-24T05:05:00-05:00,2025-03-24 10:05:00+00:00,LOUISIANA.HUB,REAL_TIME_5_MIN,27.22,25.709999999999997,1.19,0.32
2025-03-24T05:05:00-05:00,2025-03-24 10:05:00+00:00,2025-03-24T05:10:00-05:00,2025-03-24 10:10:00+00:00,LOUISIANA.HUB,REAL_TIME_5_MIN,28.1,27.28,0.45,0.37
2025-03-24T05:10:00-05:00,2025-03-24 10:10:00+00:00,2025-03-24T05:15:00-05:00,2025-03-24 10:15:00+00:00,LOUISIANA.HUB,REAL_TIME_5_MIN,35.85,33.519999999999996,2.09,0.24
2025-03-24T05:15:00-05:00,2025-03-24 10:15:00+00:00,2025-03-24T05:20:00-05:00,2025-03-24 10:20:00+00:00,LOUISIANA.HUB,REAL_TIME_5_MIN,28.61,27.11,1.3,0.2
2025-03-24T05:20:00-05:00,2025-03-24 10:20:00+00:00,2025-03-24T05:25:00-05:00,2025-03-24 10:25:00+00:00,LOUISIANA.HUB,REAL_TIME_5_MIN,30.79,28.54,2.03,0.22
2025-03-24T05:25:00-05:00,2025-03-24 10:25:00+00:00,2025-03-24T05:30:00-05:00,2025-03-24 10:30:00+00:00,LOUISIANA.HUB,REAL_TIME_5_MIN,32.19,29.849999999999998,2.11,0.23
2025-03-24T05:30:00-05:00,2025-03-24 10:30:00+00:00,2025-03-24T05:35:00-05:00,2025-03-24 10:35:00+00:00,LOUISIANA.HUB,REAL_TIME_5_MIN,34.98,32.269999999999996,2.56,0.15
2025-03-24T05:35:00-05:00,2025-03-24 10:35:00+00:00,2025-03-24T05:40:00-05:00,2025-03-24 10:40:00+00:00,LOUISIANA.HUB,REAL_TIME_5_MIN,37.69,35.05,2.46,0.18
2025-03-24T05:40:00-05:00,2025-03-24 10:40:00+00:00,2025-03-24T05:45:00-05:00,2025-03-24 10:45:00+00:00,LOUISIANA.HUB,REAL_TIME_5_MIN,35.56,32.89,2.5,0.17
2025-03-24T05:45:00-05:00,2025-03-24 10:45:00+00:00,2025-03-24T05:50:00-05:00,2025-03-24 10:50:00+00:00,LOUISIANA.HUB,REAL_TIME_5_MIN,28.75,27.61,1.07,0.07
2025-03-24T05:50:00-05:00,2025-03-24 10:50:00+00:00,2025-03-24T05:55:00-05:00,2025-03-24 10:55:00+00:00,LOUISIANA.HUB,REAL_TIME_5_MIN,30.1,29.580000000000002,0.52,0.0
2025-03-24T05:55:00-05:00,2025-03-24 10:55:00+00:00,2025-03-24T06:00:00-05:00,2025-03-24 11:00:00+00:00,LOUISIANA.HUB,REAL_TIME_5_MIN,29.03,27.37,1.52,0.14
2025-03-24T06:00:00-05:00,2025-03-24 11:00:00+00:00,2025-03-24T06:05:00-05:00,2025-03-24 11:05:00+00:00,LOUISIANA.HUB,REAL_TIME_5_MIN,28.86,27.49,1.2,0.17
2025-03-24T06:05:00-05:00,2025-03-24 11:05:00+00:00,2025-03-24T06:10:00-05:00,2025-03-24 11:10:00+00:00,LOUISIANA.HUB,REAL_TIME_5_MIN,33.69,32.31,1.12,0.26
2025-03-24T06:10:00-05:00,2025-03-24 11:10:00+00:00,2025-03-24T06:15:00-05:00,2025-03-24 11:15:00+00:00,LOUISIANA.HUB,REAL_TIME_5_MIN,28.68,27.369999999999997,1.03,0.28
2025-03-24T06:15:00-05:00,2025-03-24 11:15:00+00:00,2025-03-24T06:20:00-05:00,2025-03-24 11:20:00+00:00,LOUISIANA.HUB,REAL_TIME_5_MIN,39.22,38.78,0.0,0.44
2025-03-24T06:20:00-05:00,2025-03-24 11:20:00+00:00,2025-03-24T06:25:00-05:00,2025-03-24 11:25:00+00:00,LOUISIANA.HUB,REAL_TIME_5_MIN,36.55,36.04,0.0,0.51
2025-03-24T06:25:00-05:00,2025-03-24 11:25:00+00:00,2025-03-24T06:30:00-05:00,2025-03-24 11:30:00+00:00,LOUISIANA.HUB,REAL_TIME_5_MIN,40.55,38.63999999999999,1.39,0.52
2025-03-24T06:30:00-05:00,2025-03-24 11:30:00+00:00,2025-03-24T06:35:00-05:00,2025-03-24 11:35:00+00:00,LOUISIANA.HUB,REAL_TIME_5_MIN,38.67,38.17,0.0,0.5
2025-03-24T06:35:00-05:00,2025-03-24 11:35:00+00:00,2025-03-24T06:40:00-05:00,2025-03-24 11:40:00+00:00,LOUISIANA.HUB,REAL_TIME_5_MIN,42.06,39.78,1.85,0.43
2025-03-24T06:40:00-05:00,2025-03-24 11:40:00+00:00,2025-03-24T06:45:00-05:00,2025-03-24 11:45:00+00:00,LOUISIANA.HUB,REAL_TIME_5_MIN,91.77,80.07999999999998,10.65,1.04
2025-03-24T06:45:00-05:00,2025-03-24 11:45:00+00:00,2025-03-24T06:50:00-05:00,2025-03-24 11:50:00+00:00,LOUISIANA.HUB,REAL_TIME_5_MIN,192.19,159.56,30.41,2.22
2025-03-24T06:50:00-05:00,2025-03-24 11:50:00+00:00,2025-03-24T06:55:00-05:00,2025-03-24 11:55:00+00:00,LOUISIANA.HUB,REAL_TIME_5_MIN,48.18,44.9,2.75,0.53
2025-03-24T06:55:00-05:00,2025-03-24 11:55:00+00:00,2025-03-24T07:00:00-05:00,2025-03-24 12:00:00+00:00,LOUISIANA.HUB,REAL_TIME_5_MIN,47.62,44.88,2.3,0.44
2025-03-24T07:00:00-05:00,2025-03-24 12:00:00+00:00,2025-03-24T07:05:00-05:00,2025-03-24 12:05:00+00:00,LOUISIANA.HUB,REAL_TIME_5_MIN,54.8,51.3,3.01,0.49
2025-03-24T07:05:00-05:00,2025-03-24 12:05:00+00:00,2025-03-24T07:10:00-05:00,2025-03-24 12:10:00+00:00,LOUISIANA.HUB,REAL_TIME_5_MIN,43.72,43.5,0.0,0.22
2025-03-24T07:10:00-05:00,2025-03-24 12:10:00+00:00,2025-03-24T07:15:00-05:00,2025-03-24 12:15:00+00:00,LOUISIANA.HUB,REAL_TIME_5_MIN,50.68,48.489999999999995,2.16,0.03
2025-03-24T07:15:00-05:00,2025-03-24 12:15:00+00:00,2025-03-24T07:20:00-05:00,2025-03-24 12:20:00+00:00,LOUISIANA.HUB,REAL_TIME_5_MIN,35.26,34.1,1.11,0.05
2025-03-24T07:20:00-05:00,2025-03-24 12:20:00+00:00,2025-03-24T07:25:00-05:00,2025-03-24 12:25:00+00:00,LOUISIANA.HUB,REAL_TIME_5_MIN,33.62,32.62,1.07,-0.07
2025-03-24T07:25:00-05:00,2025-03-24 12:25:00+00:00,2025-03-24T07:30:00-05:00,2025-03-24 12:30:00+00:00,LOUISIANA.HUB,REAL_TIME_5_MIN,34.4,33.51,0.9,-0.01
2025-03-24T07:30:00-05:00,2025-03-24 12:30:00+00:00,2025-03-24T07:35:00-05:00,2025-03-24 12:35:00+00:00,LOUISIANA.HUB,REAL_TIME_5_MIN,33.64,33.34,0.36,-0.06
2025-03-24T07:35:00-05:00,2025-03-24 12:35:00+00:00,2025-03-24T07:40:00-05:00,2025-03-24 12:40:00+00:00,LOUISIANA.HUB,REAL_TIME_5_MIN,32.9,32.059999999999995,0.99,-0.15
2025-03-24T07:40:00-05:00,2025-03-24 12:40:00+00:00,2025-03-24T07:45:00-05:00,2025-03-24 12:45:00+00:00,LOUISIANA.HUB,REAL_TIME_5_MIN,32.4,32.1,0.55,-0.25
2025-03-24T07:45:00-05:00,2025-03-24 12:45:00+00:00,2025-03-24T07:50:00-05:00,2025-03-24 12:50:00+00:00,LOUISIANA.HUB,REAL_TIME_5_MIN,32.4,32.13,0.55,-0.28
2025-03-24T07:50:00-05:00,2025-03-24 12:50:00+00:00,2025-03-24T07:55:00-05:00,2025-03-24 12:55:00+00:00,LOUISIANA.HUB,REAL_TIME_5_MIN,25.8,25.66,0.34,-0.2
2025-03-24T07:55:00-05:00,2025-03-24 12:55:00+00:00,2025-03-24T08:00:00-05:00,2025-03-24 13:00:00+00:00,LOUISIANA.HUB,REAL_TIME_5_MIN,28.47,28.599999999999998,0.0,-0.13
2025-03-24T08:00:00-05:00,2025-03-24 13:00:00+00:00,2025-03-24T08:05:00-05:00,2025-03-24 13:05:00+00:00,LOUISIANA.HUB,REAL_TIME_5_MIN,33.69,33.769999999999996,0.0,-0.08
2025-03-24T08:05:00-05:00,2025-03-24 13:05:00+00:00,2025-03-24T08:10:00-05:00,2025-03-24 13:10:00+00:00,LOUISIANA.HUB,REAL_TIME_5_MIN,44.61,44.769999999999996,0.0,-0.16
2025-03-24T08:10:00-05:00,2025-03-24 13:10:00+00:00,2025-03-24T08:15:00-05:00,2025-03-24 13:15:00+00:00,LOUISIANA.HUB,REAL_TIME_5_MIN,29.57,29.71,0.0,-0.14
2025-03-24T08:15:00-05:00,2025-03-24 13:15:00+00:00,2025-03-24T08:20:00-05:00,2025-03-24 13:20:00+00:00,LOUISIANA.HUB,REAL_TIME_5_MIN,30.56,30.59,0.0,-0.03
2025-03-24T08:20:00-05:00,2025-03-24 13:20:00+00:00,2025-03-24T08:25:00-05:00,2025-03-24 13:25:00+00:00,LOUISIANA.HUB,REAL_TIME_5_MIN,35.51,35.5,0.0,0.01
2025-03-24T08:25:00-05:00,2025-03-24 13:25:00+00:00,2025-03-24T08:30:00-05:00,2025-03-24 13:30:00+00:00,LOUISIANA.HUB,REAL_TIME_5_MIN,29.85,29.85,0.0,0.0
2025-03-24T08:30:00-05:00,2025-03-24 13:30:00+00:00,2025-03-24T08:35:00-05:00,2025-03-24 13:35:00+00:00,LOUISIANA.HUB,REAL_TIME_5_MIN,23.62,23.68,0.0,-0.06
2025-03-24T08:35:00-05:00,2025-03-24 13:35:00+00:00,2025-03-24T08:40:00-05:00,2025-03-24 13:40:00+00:00,LOUISIANA.HUB,REAL_TIME_5_MIN,23.65,23.66,0.0,-0.01
2025-03-24T08:40:00-05:00,2025-03-24 13:40:00+00:00,2025-03-24T08:45:00-05:00,2025-03-24 13:45:00+00:00,LOUISIANA.HUB,REAL_TIME_5_MIN,25.15,25.24,-0.16,0.07
2025-03-24T08:45:00-05:00,2025-03-24 13:45:00+00:00,2025-03-24T08:50:00-05:00,2025-03-24 13:50:00+00:00,LOUISIANA.HUB,REAL_TIME_5_MIN,24.08,30.2,-6.45,0.33
2025-03-24T08:50:00-05:00,2025-03-24 13:50:00+00:00,2025-03-24T08:55:00-05:00,2025-03-24 13:55:00+00:00,LOUISIANA.HUB,REAL_TIME_5_MIN,25.61,58.46,-33.56,0.71
2025-03-24T08:55:00-05:00,2025-03-24 13:55:00+00:00,2025-03-24T09:00:00-05:00,2025-03-24 14:00:00+00:00,LOUISIANA.HUB,REAL_TIME_5_MIN,25.34,65.8,-41.83,1.37
2025-03-24T09:00:00-05:00,2025-03-24 14:00:00+00:00,2025-03-24T09:05:00-05:00,2025-03-24 14:05:00+00:00,LOUISIANA.HUB,REAL_TIME_5_MIN,27.01,62.47,-37.01,1.55
2025-03-24T09:05:00-05:00,2025-03-24 14:05:00+00:00,2025-03-24T09:10:00-05:00,2025-03-24 14:10:00+00:00,LOUISIANA.HUB,REAL_TIME_5_MIN,27.77,36.8,-10.06,1.03
2025-03-24T09:10:00-05:00,2025-03-24 14:10:00+00:00,2025-03-24T09:15:00-05:00,2025-03-24 14:15:00+00:00,LOUISIANA.HUB,REAL_TIME_5_MIN,31.36,30.89,-0.42,0.89
2025-03-24T09:15:00-05:00,2025-03-24 14:15:00+00:00,2025-03-24T09:20:00-05:00,2025-03-24 14:20:00+00:00,LOUISIANA.HUB,REAL_TIME_5_MIN,26.57,25.369999999999997,0.69,0.51
2025-03-24T09:20:00-05:00,2025-03-24 14:20:00+00:00,2025-03-24T09:25:00-05:00,2025-03-24 14:25:00+00:00,LOUISIANA.HUB,REAL_TIME_5_MIN,28.31,26.319999999999997,1.51,0.48
2025-03-24T09:25:00-05:00,2025-03-24 14:25:00+00:00,2025-03-24T09:30:00-05:00,2025-03-24 14:30:00+00:00,LOUISIANA.HUB,REAL_TIME_5_MIN,36.21,27.320000000000004,8.27,0.62
2025-03-24T09:30:00-05:00,2025-03-24 14:30:00+00:00,2025-03-24T09:35:00-05:00,2025-03-24 14:35:00+00:00,LOUISIANA.HUB,REAL_TIME_5_MIN,35.47,27.949999999999996,7.1,0.42
2025-03-24T09:35:00-05:00,2025-03-24 14:35:00+00:00,2025-03-24T09:40:00-05:00,2025-03-24 14:40:00+00:00,LOUISIANA.HUB,REAL_TIME_5_MIN,27.04,60.05,-33.56,0.55
2025-03-24T09:40:00-05:00,2025-03-24 14:40:00+00:00,2025-03-24T09:45:00-05:00,2025-03-24 14:45:00+00:00,LOUISIANA.HUB,REAL_TIME_5_MIN,29.04,65.08,-36.45,0.41
2025-03-24T09:45:00-05:00,2025-03-24 14:45:00+00:00,2025-03-24T09:50:00-05:00,2025-03-24 14:50:00+00:00,LOUISIANA.HUB,REAL_TIME_5_MIN,26.09,69.28,-44.29,1.1
2025-03-24T09:50:00-05:00,2025-03-24 14:50:00+00:00,2025-03-24T09:55:00-05:00,2025-03-24 14:55:00+00:00,LOUISIANA.HUB,REAL_TIME_5_MIN,31.52,77.52,-47.57,1.57
2025-03-24T09:55:00-05:00,2025-03-24 14:55:00+00:00,2025-03-24T10:00:00-05:00,2025-03-24 15:00:00+00:00,LOUISIANA.HUB,REAL_TIME_5_MIN,29.02,75.63,-48.1,1.49
2025-03-24T10:00:00-05:00,2025-03-24 15:00:00+00:00,2025-03-24T10:05:00-05:00,2025-03-24 15:05:00+00:00,LOUISIANA.HUB,REAL_TIME_5_MIN,25.95,72.24000000000001,-47.53,1.24
2025-03-24T10:05:00-05:00,2025-03-24 15:05:00+00:00,2025-03-24T10:10:00-05:00,2025-03-24 15:10:00+00:00,LOUISIANA.HUB,REAL_TIME_5_MIN,27.53,69.66,-42.81,0.68
2025-03-24T10:10:00-05:00,2025-03-24 15:10:00+00:00,2025-03-24T10:15:00-05:00,2025-03-24 15:15:00+00:00,,,,,,
2025-03-24T10:15:00-05:00,2025-03-24 15:15:00+00:00,2025-03-24T10:20:00-05:00,2025-03-24 15:20:00+00:00,LOUISIANA.HUB,REAL_TIME_5_MIN,27.05,29.450000000000003,-2.76,0.36
2025-03-24T10:20:00-05:00,2025-03-24 15:20:00+00:00,2025-03-24T10:25:00-05:00,2025-03-24 15:25:00+00:00,LOUISIANA.HUB,REAL_TIME_5_MIN,26.58,26.11,-0.03,0.5
2025-03-24T10:25:00-05:00,2025-03-24 15:25:00+00:00,2025-03-24T10:30:00-05:00,2025-03-24 15:30:00+00:00,LOUISIANA.HUB,REAL_TIME_5_MIN,26.68,26.1,-0.03,0.61
2025-03-24T10:30:00-05:00,2025-03-24 15:30:00+00:00,2025-03-24T10:35:00-05:00,2025-03-24 15:35:00+00:00,LOUISIANA.HUB,REAL_TIME_5_MIN,25.55,27.01,-1.98,0.52
2025-03-24T10:35:00-05:00,2025-03-24 15:35:00+00:00,2025-03-24T10:40:00-05:00,2025-03-24 15:40:00+00:00,LOUISIANA.HUB,REAL_TIME_5_MIN,25.88,27.499999999999996,-1.97,0.35
2025-03-24T10:40:00-05:00,2025-03-24 15:40:00+00:00,2025-03-24T10:45:00-05:00,2025-03-24 15:45:00+00:00,LOUISIANA.HUB,REAL_TIME_5_MIN,27.15,28.98,-2.21,0.38
2025-03-24T10:45:00-05:00,2025-03-24 15:45:00+00:00,2025-03-24T10:50:00-05:00,2025-03-24 15:50:00+00:00,LOUISIANA.HUB,REAL_TIME_5_MIN,26.36,28.07,-2.03,0.32
2025-03-24T10:50:00-05:00,2025-03-24 15:50:00+00:00,2025-03-24T10:55:00-05:00,2025-03-24 15:55:00+00:00,LOUISIANA.HUB,REAL_TIME_5_MIN,25.91,24.939999999999998,0.76,0.21
2025-03-24T10:55:00-05:00,2025-03-24 15:55:00+00:00,2025-03-24T11:00:00-05:00,2025-03-24 16:00:00+00:00,LOUISIANA.HUB,REAL_TIME_5_MIN,23.48,25.09,-1.93,0.32
2025-03-24T11:00:00-05:00,2025-03-24 16:00:00+00:00,2025-03-24T11:05:00-05:00,2025-03-24 16:05:00+00:00,LOUISIANA.HUB,REAL_TIME_5_MIN,24.66,24.0,0.31,0.35
2025-03-24T11:05:00-05:00,2025-03-24 16:05:00+00:00,2025-03-24T11:10:00-05:00,2025-03-24 16:10:00+00:00,LOUISIANA.HUB,REAL_TIME_5_MIN,25.28,27.490000000000002,-2.61,0.4
2025-03-24T11:10:00-05:00,2025-03-24 16:10:00+00:00,2025-03-24T11:15:00-05:00,2025-03-24 16:15:00+00:00,LOUISIANA.HUB,REAL_TIME_5_MIN,25.89,37.39,-12.41,0.91
2025-03-24T11:15:00-05:00,2025-03-24 16:15:00+00:00,2025-03-24T11:20:00-05:00,2025-03-24 16:20:00+00:00,LOUISIANA.HUB,REAL_TIME_5_MIN,26.22,41.64,-16.54,1.12
2025-03-24T11:20:00-05:00,2025-03-24 16:20:00+00:00,2025-03-24T11:25:00-05:00,2025-03-24 16:25:00+00:00,LOUISIANA.HUB,REAL_TIME_5_MIN,25.49,41.92,-17.64,1.21
2025-03-24T11:25:00-05:00,2025-03-24 16:25:00+00:00,2025-03-24T11:30:00-05:00,2025-03-24 16:30:00+00:00,LOUISIANA.HUB,REAL_TIME_5_MIN,25.64,33.63,-8.85,0.86
2025-03-24T11:30:00-05:00,2025-03-24 16:30:00+00:00,2025-03-24T11:35:00-05:00,2025-03-24 16:35:00+00:00,LOUISIANA.HUB,REAL_TIME_5_MIN,25.3,35.54,-11.24,1.0
2025-03-24T11:35:00-05:00,2025-03-24 16:35:00+00:00,2025-03-24T11:40:00-05:00,2025-03-24 16:40:00+00:00,LOUISIANA.HUB,REAL_TIME_5_MIN,25.42,34.33,-9.71,0.8
2025-03-24T11:40:00-05:00,2025-03-24 16:40:00+00:00,2025-03-24T11:45:00-05:00,2025-03-24 16:45:00+00:00,LOUISIANA.HUB,REAL_TIME_5_MIN,24.67,24.0,0.12,0.55
2025-03-24T11:45:00-05:00,2025-03-24 16:45:00+00:00,2025-03-24T11:50:00-05:00,2025-03-24 16:50:00+00:00,LOUISIANA.HUB,REAL_TIME_5_MIN,24.82,24.02,0.27,0.53
2025-03-24T11:50:00-05:00,2025-03-24 16:50:00+00:00,2025-03-24T11:55:00-05:00,2025-03-24 16:55:00+00:00,LOUISIANA.HUB,REAL_TIME_5_MIN,25.36,24.91,0.12,0.33
2025-03-24T11:55:00-05:00,2025-03-24 16:55:00+00:00,2025-03-24T12:00:00-05:00,2025-03-24 17:00:00+00:00,LOUISIANA.HUB,REAL_TIME_5_MIN,24.64,24.11,0.28,0.25
2025-03-24T12:00:00-05:00,2025-03-24 17:00:00+00:00,2025-03-24T12:05:00-05:00,2025-03-24 17:05:00+00:00,LOUISIANA.HUB,REAL_TIME_5_MIN,23.99,23.14,0.7,0.15
2025-03-24T12:05:00-05:00,2025-03-24 17:05:00+00:00,2025-03-24T12:10:00-05:00,2025-03-24 17:10:00+00:00,LOUISIANA.HUB,REAL_TIME_5_MIN,23.55,25.06,-1.79,0.28
2025-03-24T12:10:00-05:00,2025-03-24 17:10:00+00:00,2025-03-24T12:15:00-05:00,2025-03-24 17:15:00+00:00,LOUISIANA.HUB,REAL_TIME_5_MIN,22.82,24.15,-1.7,0.37
2025-03-24T12:15:00-05:00,2025-03-24 17:15:00+00:00,2025-03-24T12:20:00-05:00,2025-03-24 17:20:00+00:00,LOUISIANA.HUB,REAL_TIME_5_MIN,24.48,23.57,0.39,0.52
2025-03-24T12:20:00-05:00,2025-03-24 17:20:00+00:00,2025-03-24T12:25:00-05:00,2025-03-24 17:25:00+00:00,LOUISIANA.HUB,REAL_TIME_5_MIN,25.9,23.31,1.87,0.72
2025-03-24T12:25:00-05:00,2025-03-24 17:25:00+00:00,2025-03-24T12:30:00-05:00,2025-03-24 17:30:00+00:00,LOUISIANA.HUB,REAL_TIME_5_MIN,24.2,23.2,0.64,0.36
2025-03-24T12:30:00-05:00,2025-03-24 17:30:00+00:00,2025-03-24T12:35:00-05:00,2025-03-24 17:35:00+00:00,LOUISIANA.HUB,REAL_TIME_5_MIN,24.07,22.99,0.94,0.14
2025-03-24T12:35:00-05:00,2025-03-24 17:35:00+00:00,2025-03-24T12:40:00-05:00,2025-03-24 17:40:00+00:00,LOUISIANA.HUB,REAL_TIME_5_MIN,23.68,22.77,0.78,0.13
2025-03-24T12:40:00-05:00,2025-03-24 17:40:00+00:00,2025-03-24T12:45:00-05:00,2025-03-24 17:45:00+00:00,LOUISIANA.HUB,REAL_TIME_5_MIN,24.35,23.5,0.6,0.25
2025-03-24T12:45:00-05:00,2025-03-24 17:45:00+00:00,2025-03-24T12:50:00-05:00,2025-03-24 17:50:00+00:00,LOUISIANA.HUB,REAL_TIME_5_MIN,23.94,22.910000000000004,0.7,0.33
2025-03-24T12:50:00-05:00,2025-03-24 17:50:00+00:00,2025-03-24T12:55:00-05:00,2025-03-24 17:55:00+00:00,LOUISIANA.HUB,REAL_TIME_5_MIN,23.42,22.85,0.4,0.17
2025-03-24T12:55:00-05:00,2025-03-24 17:55:00+00:00,2025-03-24T13:00:00-05:00,2025-03-24 18:00:00+00:00,LOUISIANA.HUB,REAL_TIME_5_MIN,22.87,22.04,0.62,0.21
2025-03-24T13:00:00-05:00,2025-03-24 18:00:00+00:00,2025-03-24T13:05:00-05:00,2025-03-24 18:05:00+00:00,LOUISIANA.HUB,REAL_TIME_5_MIN,22.51,22.22,0.01,0.28
2025-03-24T13:05:00-05:00,2025-03-24 18:05:00+00:00,2025-03-24T13:10:00-05:00,2025-03-24 18:10:00+00:00,LOUISIANA.HUB,REAL_TIME_5_MIN,23.47,21.849999999999998,1.26,0.36
2025-03-24T13:10:00-05:00,2025-03-24 18:10:00+00:00,2025-03-24T13:15:00-05:00,2025-03-24 18:15:00+00:00,LOUISIANA.HUB,REAL_TIME_5_MIN,24.17,22.39,1.36,0.42
2025-03-24T13:15:00-05:00,2025-03-24 18:15:00+00:00,2025-03-24T13:20:00-05:00,2025-03-24 18:20:00+00:00,LOUISIANA.HUB,REAL_TIME_5_MIN,23.99,23.05,0.63,0.31
2025-03-24T13:20:00-05:00,2025-03-24 18:20:00+00:00,2025-03-24T13:25:00-05:00,2025-03-24 18:25:00+00:00,LOUISIANA.HUB,REAL_TIME_5_MIN,23.72,23.12,0.54,0.06
2025-03-24T13:25:00-05:00,2025-03-24 18:25:00+00:00,2025-03-24T13:30:00-05:00,2025-03-24 18:30:00+00:00,LOUISIANA.HUB,REAL_TIME_5_MIN,23.97,23.4,0.42,0.15
2025-03-24T13:30:00-05:00,2025-03-24 18:30:00+00:00,2025-03-24T13:35:00-05:00,2025-03-24 18:35:00+00:00,LOUISIANA.HUB,REAL_TIME_5_MIN,24.44,22.72,1.46,0.26
2025-03-24T13:35:00-05:00,2025-03-24 18:35:00+00:00,2025-03-24T13:40:00-05:00,2025-03-24 18:40:00+00:00,LOUISIANA.HUB,REAL_TIME_5_MIN,24.02,22.23,1.55,0.24
2025-03-24T13:40:00-05:00,2025-03-24 18:40:00+00:00,2025-03-24T13:45:00-05:00,2025-03-24 18:45:00+00:00,LOUISIANA.HUB,REAL_TIME_5_MIN,24.23,22.5,1.57,0.16
2025-03-24T13:45:00-05:00,2025-03-24 18:45:00+00:00,2025-03-24T13:50:00-05:00,2025-03-24 18:50:00+00:00,LOUISIANA.HUB,REAL_TIME_5_MIN,24.08,22.279999999999998,1.6,0.2
2025-03-24T13:50:00-05:00,2025-03-24 18:50:00+00:00,2025-03-24T13:55:00-05:00,2025-03-24 18:55:00+00:00,LOUISIANA.HUB,REAL_TIME_5_MIN,24.8,23.0,1.62,0.18
2025-03-24T13:55:00-05:00,2025-03-24 18:55:00+00:00,2025-03-24T14:00:00-05:00,2025-03-24 19:00:00+00:00,LOUISIANA.HUB,REAL_TIME_5_MIN,24.74,22.55,1.97,0.22
2025-03-24T14:00:00-05:00,2025-03-24 19:00:00+00:00,2025-03-24T14:05:00-05:00,2025-03-24 19:05:00+00:00,LOUISIANA.HUB,REAL_TIME_5_MIN,27.42,22.41,4.91,0.1
2025-03-24T14:05:00-05:00,2025-03-24 19:05:00+00:00,2025-03-24T14:10:00-05:00,2025-03-24 19:10:00+00:00,LOUISIANA.HUB,REAL_TIME_5_MIN,26.07,23.42,2.56,0.09
2025-03-24T14:10:00-05:00,2025-03-24 19:10:00+00:00,2025-03-24T14:15:00-05:00,2025-03-24 19:15:00+00:00,LOUISIANA.HUB,REAL_TIME_5_MIN,26.06,22.99,3.18,-0.11
2025-03-24T14:15:00-05:00,2025-03-24 19:15:00+00:00,2025-03-24T14:20:00-05:00,2025-03-24 19:20:00+00:00,LOUISIANA.HUB,REAL_TIME_5_MIN,26.18,23.169999999999998,3.19,-0.18
2025-03-24T14:20:00-05:00,2025-03-24 19:20:00+00:00,2025-03-24T14:25:00-05:00,2025-03-24 19:25:00+00:00,LOUISIANA.HUB,REAL_TIME_5_MIN,25.93,22.5,3.53,-0.1
2025-03-24T14:25:00-05:00,2025-03-24 19:25:00+00:00,2025-03-24T14:30:00-05:00,2025-03-24 19:30:00+00:00,LOUISIANA.HUB,REAL_TIME_5_MIN,25.77,22.38,3.53,-0.14
2025-03-24T14:30:00-05:00,2025-03-24 19:30:00+00:00,2025-03-24T14:35:00-05:00,2025-03-24 19:35:00+00:00,LOUISIANA.HUB,REAL_TIME_5_MIN,26.07,22.8,3.31,-0.04
2025-03-24T14:35:00-05:00,2025-03-24 19:35:00+00:00,2025-03-24T14:40:00-05:00,2025-03-24 19:40:00+00:00,LOUISIANA.HUB,REAL_TIME_5_MIN,26.46,22.95,3.41,0.1
2025-03-24T14:40:00-05:00,2025-03-24 19:40:00+00:00,2025-03-24T14:45:00-05:00,2025-03-24 19:45:00+00:00,LOUISIANA.HUB,REAL_TIME_5_MIN,28.47,23.77,4.52,0.18
2025-03-24T14:45:00-05:00,2025-03-24 19:45:00+00:00,2025-03-24T14:50:00-05:00,2025-03-24 19:50:00+00:00,LOUISIANA.HUB,REAL_TIME_5_MIN,28.39,24.25,4.03,0.11
2025-03-24T14:50:00-05:00,2025-03-24 19:50:00+00:00,2025-03-24T14:55:00-05:00,2025-03-24 19:55:00+00:00,LOUISIANA.HUB,REAL_TIME_5_MIN,27.8,24.5,3.36,-0.06
2025-03-24T14:55:00-05:00,2025-03-24 19:55:00+00:00,2025-03-24T15:00:00-05:00,2025-03-24 20:00:00+00:00,LOUISIANA.HUB,REAL_TIME_5_MIN,27.91,23.04,5.07,-0.2
2025-03-24T15:00:00-05:00,2025-03-24 20:00:00+00:00,2025-03-24T15:05:00-05:00,2025-03-24 20:05:00+00:00,LOUISIANA.HUB,REAL_TIME_5_MIN,27.1,23.02,4.21,-0.13
2025-03-24T15:05:00-05:00,2025-03-24 20:05:00+00:00,2025-03-24T15:10:00-05:00,2025-03-24 20:10:00+00:00,LOUISIANA.HUB,REAL_TIME_5_MIN,26.88,22.55,4.38,-0.05
2025-03-24T15:10:00-05:00,2025-03-24 20:10:00+00:00,2025-03-24T15:15:00-05:00,2025-03-24 20:15:00+00:00,LOUISIANA.HUB,REAL_TIME_5_MIN,27.5,22.37,5.13,0.0
2025-03-24T15:15:00-05:00,2025-03-24 20:15:00+00:00,2025-03-24T15:20:00-05:00,2025-03-24 20:20:00+00:00,LOUISIANA.HUB,REAL_TIME_5_MIN,30.78,23.48,7.28,0.02
2025-03-24T15:20:00-05:00,2025-03-24 20:20:00+00:00,2025-03-24T15:25:00-05:00,2025-03-24 20:25:00+00:00,LOUISIANA.HUB,REAL_TIME_5_MIN,31.99,26.189999999999998,5.86,-0.06
2025-03-24T15:25:00-05:00,2025-03-24 20:25:00+00:00,2025-03-24T15:30:00-05:00,2025-03-24 20:30:00+00:00,LOUISIANA.HUB,REAL_TIME_5_MIN,31.23,23.82,7.5,-0.09
2025-03-24T15:30:00-05:00,2025-03-24 20:30:00+00:00,2025-03-24T15:35:00-05:00,2025-03-24 20:35:00+00:00,LOUISIANA.HUB,REAL_TIME_5_MIN,31.19,23.7,7.71,-0.22
2025-03-24T15:35:00-05:00,2025-03-24 20:35:00+00:00,2025-03-24T15:40:00-05:00,2025-03-24 20:40:00+00:00,LOUISIANA.HUB,REAL_TIME_5_MIN,37.01,24.589999999999996,12.53,-0.11
2025-03-24T15:40:00-05:00,2025-03-24 20:40:00+00:00,2025-03-24T15:45:00-05:00,2025-03-24 20:45:00+00:00,LOUISIANA.HUB,REAL_TIME_5_MIN,35.64,24.200000000000003,11.58,-0.14
2025-03-24T15:45:00-05:00,2025-03-24 20:45:00+00:00,2025-03-24T15:50:00-05:00,2025-03-24 20:50:00+00:00,LOUISIANA.HUB,REAL_TIME_5_MIN,35.28,24.620000000000005,10.76,-0.1
2025-03-24T15:50:00-05:00,2025-03-24 20:50:00+00:00,2025-03-24T15:55:00-05:00,2025-03-24 20:55:00+00:00,LOUISIANA.HUB,REAL_TIME_5_MIN,33.59,24.560000000000002,9.21,-0.18
2025-03-24T15:55:00-05:00,2025-03-24 20:55:00+00:00,2025-03-24T16:00:00-05:00,2025-03-24 21:00:00+00:00,LOUISIANA.HUB,REAL_TIME_5_MIN,38.39,25.869999999999997,12.6,-0.08
2025-03-24T16:00:00-05:00,2025-03-24 21:00:00+00:00,2025-03-24T16:05:00-05:00,2025-03-24 21:05:00+00:00,LOUISIANA.HUB,REAL_TIME_5_MIN,38.57,24.85,13.87,-0.15
2025-03-24T16:05:00-05:00,2025-03-24 21:05:00+00:00,2025-03-24T16:10:00-05:00,2025-03-24 21:10:00+00:00,LOUISIANA.HUB,REAL_TIME_5_MIN,38.05,24.699999999999996,13.5,-0.15
2025-03-24T16:10:00-05:00,2025-03-24 21:10:00+00:00,2025-03-24T16:15:00-05:00,2025-03-24 21:15:00+00:00,LOUISIANA.HUB,REAL_TIME_5_MIN,37.92,24.740000000000006,13.27,-0.09
2025-03-24T16:15:00-05:00,2025-03-24 21:15:00+00:00,2025-03-24T16:20:00-05:00,2025-03-24 21:20:00+00:00,LOUISIANA.HUB,REAL_TIME_5_MIN,45.36,25.959999999999997,19.41,-0.01
2025-03-24T16:20:00-05:00,2025-03-24 21:20:00+00:00,2025-03-24T16:25:00-05:00,2025-03-24 21:25:00+00:00,LOUISIANA.HUB,REAL_TIME_5_MIN,42.11,25.490000000000002,16.54,0.08
2025-03-24T16:25:00-05:00,2025-03-24 21:25:00+00:00,2025-03-24T16:30:00-05:00,2025-03-24 21:30:00+00:00,LOUISIANA.HUB,REAL_TIME_5_MIN,38.53,24.780000000000005,13.7,0.05
2025-03-24T16:30:00-05:00,2025-03-24 21:30:00+00:00,2025-03-24T16:35:00-05:00,2025-03-24 21:35:00+00:00,LOUISIANA.HUB,REAL_TIME_5_MIN,39.06,26.080000000000005,13.01,-0.03
2025-03-24T16:35:00-05:00,2025-03-24 21:35:00+00:00,2025-03-24T16:40:00-05:00,2025-03-24 21:40:00+00:00,LOUISIANA.HUB,REAL_TIME_5_MIN,39.36,26.16,13.34,-0.14
2025-03-24T16:40:00-05:00,2025-03-24 21:40:00+00:00,2025-03-24T16:45:00-05:00,2025-03-24 21:45:00+00:00,LOUISIANA.HUB,REAL_TIME_5_MIN,39.23,25.47,13.83,-0.07
2025-03-24T16:45:00-05:00,2025-03-24 21:45:00+00:00,2025-03-24T16:50:00-05:00,2025-03-24 21:50:00+00:00,LOUISIANA.HUB,REAL_TIME_5_MIN,38.71,25.480000000000004,13.25,-0.02
2025-03-24T16:50:00-05:00,2025-03-24 21:50:00+00:00,2025-03-24T16:55:00-05:00,2025-03-24 21:55:00+00:00,LOUISIANA.HUB,REAL_TIME_5_MIN,37.52,25.210000000000004,12.27,0.04
2025-03-24T16:55:00-05:00,2025-03-24 21:55:00+00:00,2025-03-24T17:00:00-05:00,2025-03-24 22:00:00+00:00,LOUISIANA.HUB,REAL_TIME_5_MIN,39.24,25.560000000000002,13.63,0.05
2025-03-24T17:00:00-05:00,2025-03-24 22:00:00+00:00,2025-03-24T17:05:00-05:00,2025-03-24 22:05:00+00:00,LOUISIANA.HUB,REAL_TIME_5_MIN,38.96,25.18,13.72,0.06
2025-03-24T17:05:00-05:00,2025-03-24 22:05:00+00:00,2025-03-24T17:10:00-05:00,2025-03-24 22:10:00+00:00,LOUISIANA.HUB,REAL_TIME_5_MIN,42.29,26.54,15.69,0.06
2025-03-24T17:10:00-05:00,2025-03-24 22:10:00+00:00,2025-03-24T17:15:00-05:00,2025-03-24 22:15:00+00:00,LOUISIANA.HUB,REAL_TIME_5_MIN,43.0,25.01,17.99,0.0
2025-03-24T17:15:00-05:00,2025-03-24 22:15:00+00:00,2025-03-24T17:20:00-05:00,2025-03-24 22:20:00+00:00,LOUISIANA.HUB,REAL_TIME_5_MIN,48.58,34.34,14.33,-0.09
2025-03-24T17:20:00-05:00,2025-03-24 22:20:00+00:00,2025-03-24T17:25:00-05:00,2025-03-24 22:25:00+00:00,LOUISIANA.HUB,REAL_TIME_5_MIN,46.34,30.480000000000004,16.0,-0.14
2025-03-24T17:25:00-05:00,2025-03-24 22:25:00+00:00,2025-03-24T17:30:00-05:00,2025-03-24 22:30:00+00:00,LOUISIANA.HUB,REAL_TIME_5_MIN,36.95,26.490000000000002,10.61,-0.15
2025-03-24T17:30:00-05:00,2025-03-24 22:30:00+00:00,2025-03-24T17:35:00-05:00,2025-03-24 22:35:00+00:00,LOUISIANA.HUB,REAL_TIME_5_MIN,38.82,28.009999999999998,10.96,-0.15
2025-03-24T17:35:00-05:00,2025-03-24 22:35:00+00:00,2025-03-24T17:40:00-05:00,2025-03-24 22:40:00+00:00,LOUISIANA.HUB,REAL_TIME_5_MIN,40.31,31.140000000000004,9.2,-0.03
2025-03-24T17:40:00-05:00,2025-03-24 22:40:00+00:00,2025-03-24T17:45:00-05:00,2025-03-24 22:45:00+00:00,LOUISIANA.HUB,REAL_TIME_5_MIN,39.84,32.550000000000004,7.31,-0.02
2025-03-24T17:45:00-05:00,2025-03-24 22:45:00+00:00,2025-03-24T17:50:00-05:00,2025-03-24 22:50:00+00:00,LOUISIANA.HUB,REAL_TIME_5_MIN,40.76,35.449999999999996,5.29,0.02
2025-03-24T17:50:00-05:00,2025-03-24 22:50:00+00:00,2025-03-24T17:55:00-05:00,2025-03-24 22:55:00+00:00,LOUISIANA.HUB,REAL_TIME_5_MIN,33.82,31.019999999999996,2.71,0.09
2025-03-24T17:55:00-05:00,2025-03-24 22:55:00+00:00,2025-03-24T18:00:00-05:00,2025-03-24 23:00:00+00:00,LOUISIANA.HUB,REAL_TIME_5_MIN,31.5,27.59,3.79,0.12
2025-03-24T18:00:00-05:00,2025-03-24 23:00:00+00:00,2025-03-24T18:05:00-05:00,2025-03-24 23:05:00+00:00,LOUISIANA.HUB,REAL_TIME_5_MIN,30.94,25.270000000000003,5.51,0.16
2025-03-24T18:05:00-05:00,2025-03-24 23:05:00+00:00,2025-03-24T18:10:00-05:00,2025-03-24 23:10:00+00:00,LOUISIANA.HUB,REAL_TIME_5_MIN,33.55,25.17,8.15,0.23
2025-03-24T18:10:00-05:00,2025-03-24 23:10:00+00:00,2025-03-24T18:15:00-05:00,2025-03-24 23:15:00+00:00,LOUISIANA.HUB,REAL_TIME_5_MIN,37.23,29.019999999999996,7.9,0.31
2025-03-24T18:15:00-05:00,2025-03-24 23:15:00+00:00,2025-03-24T18:20:00-05:00,2025-03-24 23:20:00+00:00,LOUISIANA.HUB,REAL_TIME_5_MIN,35.84,26.690000000000005,8.9,0.25
2025-03-24T18:20:00-05:00,2025-03-24 23:20:00+00:00,2025-03-24T18:25:00-05:00,2025-03-24 23:25:00+00:00,LOUISIANA.HUB,REAL_TIME_5_MIN,37.28,30.75,6.17,0.36
2025-03-24T18:25:00-05:00,2025-03-24 23:25:00+00:00,2025-03-24T18:30:00-05:00,2025-03-24 23:30:00+00:00,LOUISIANA.HUB,REAL_TIME_5_MIN,37.84,31.060000000000002,6.33,0.45
2025-03-24T18:30:00-05:00,2025-03-24 23:30:00+00:00,2025-03-24T18:35:00-05:00,2025-03-24 23:35:00+00:00,LOUISIANA.HUB,REAL_TIME_5_MIN,40.55,34.14,5.86,0.55
2025-03-24T18:35:00-05:00,2025-03-24 23:35:00+00:00,2025-03-24T18:40:00-05:00,2025-03-24 23:40:00+00:00,LOUISIANA.HUB,REAL_TIME_5_MIN,39.33,34.08,4.72,0.53
2025-03-24T18:40:00-05:00,2025-03-24 23:40:00+00:00,2025-03-24T18:45:00-05:00,2025-03-24 23:45:00+00:00,LOUISIANA.HUB,REAL_TIME_5_MIN,38.47,36.519999999999996,1.45,0.5
2025-03-24T18:45:00-05:00,2025-03-24 23:45:00+00:00,2025-03-24T18:50:00-05:00,2025-03-24 23:50:00+00:00,LOUISIANA.HUB,REAL_TIME_5_MIN,39.69,35.589999999999996,3.52,0.58
2025-03-24T18:50:00-05:00,2025-03-24 23:50:00+00:00,2025-03-24T18:55:00-05:00,2025-03-24 23:55:00+00:00,LOUISIANA.HUB,REAL_TIME_5_MIN,44.2,37.400000000000006,6.12,0.68
2025-03-24T18:55:00-05:00,2025-03-24 23:55:00+00:00,2025-03-24T19:00:00-05:00,2025-03-25 00:00:00+00:00,LOUISIANA.HUB,REAL_TIME_5_MIN,43.49,39.400000000000006,3.3,0.79
2025-03-24T19:00:00-05:00,2025-03-25 00:00:00+00:00,2025-03-24T19:05:00-05:00,2025-03-25 00:05:00+00:00,LOUISIANA.HUB,REAL_TIME_5_MIN,38.03,34.2,3.21,0.62
2025-03-24T19:05:00-05:00,2025-03-25 00:05:00+00:00,2025-03-24T19:10:00-05:00,2025-03-25 00:10:00+00:00,LOUISIANA.HUB,REAL_TIME_5_MIN,37.31,34.22,2.42,0.67
2025-03-24T19:10:00-05:00,2025-03-25 00:10:00+00:00,2025-03-24T19:15:00-05:00,2025-03-25 00:15:00+00:00,LOUISIANA.HUB,REAL_TIME_5_MIN,38.55,34.489999999999995,3.41,0.65
2025-03-24T19:15:00-05:00,2025-03-25 00:15:00+00:00,2025-03-24T19:20:00-05:00,2025-03-25 00:20:00+00:00,LOUISIANA.HUB,REAL_TIME_5_MIN,41.53,37.059999999999995,3.77,0.7
2025-03-24T19:20:00-05:00,2025-03-25 00:20:00+00:00,2025-03-24T19:25:00-05:00,2025-03-25 00:25:00+00:00,LOUISIANA.HUB,REAL_TIME_5_MIN,41.52,40.25,0.6,0.67
2025-03-24T19:25:00-05:00,2025-03-25 00:25:00+00:00,2025-03-24T19:30:00-05:00,2025-03-25 00:30:00+00:00,LOUISIANA.HUB,REAL_TIME_5_MIN,38.83,38.16,0.0,0.67
2025-03-24T19:30:00-05:00,2025-03-25 00:30:00+00:00,2025-03-24T19:35:00-05:00,2025-03-25 00:35:00+00:00,LOUISIANA.HUB,REAL_TIME_5_MIN,39.94,39.14,0.0,0.8
2025-03-24T19:35:00-05:00,2025-03-25 00:35:00+00:00,2025-03-24T19:40:00-05:00,2025-03-25 00:40:00+00:00,LOUISIANA.HUB,REAL_TIME_5_MIN,38.56,37.84,0.0,0.72
2025-03-24T19:40:00-05:00,2025-03-25 00:40:00+00:00,2025-03-24T19:45:00-05:00,2025-03-25 00:45:00+00:00,LOUISIANA.HUB,REAL_TIME_5_MIN,37.47,36.73,0.0,0.74
2025-03-24T19:45:00-05:00,2025-03-25 00:45:00+00:00,2025-03-24T19:50:00-05:00,2025-03-25 00:50:00+00:00,LOUISIANA.HUB,REAL_TIME_5_MIN,47.65,46.79,0.0,0.86
2025-03-24T19:50:00-05:00,2025-03-25 00:50:00+00:00,2025-03-24T19:55:00-05:00,2025-03-25 00:55:00+00:00,LOUISIANA.HUB,REAL_TIME_5_MIN,37.82,36.33,0.77,0.72
2025-03-24T19:55:00-05:00,2025-03-25 00:55:00+00:00,2025-03-24T20:00:00-05:00,2025-03-25 01:00:00+00:00,LOUISIANA.HUB,REAL_TIME_5_MIN,41.06,39.760000000000005,0.61,0.69
2025-03-24T20:00:00-05:00,2025-03-25 01:00:00+00:00,2025-03-24T20:05:00-05:00,2025-03-25 01:05:00+00:00,LOUISIANA.HUB,REAL_TIME_5_MIN,44.6,43.81,0.0,0.79
2025-03-24T20:05:00-05:00,2025-03-25 01:05:00+00:00,2025-03-24T20:10:00-05:00,2025-03-25 01:10:00+00:00,LOUISIANA.HUB,REAL_TIME_5_MIN,46.28,45.47,0.0,0.81
2025-03-24T20:10:00-05:00,2025-03-25 01:10:00+00:00,2025-03-24T20:15:00-05:00,2025-03-25 01:15:00+00:00,LOUISIANA.HUB,REAL_TIME_5_MIN,70.0,63.74999999999999,5.21,1.04
2025-03-24T20:15:00-05:00,2025-03-25 01:15:00+00:00,2025-03-24T20:20:00-05:00,2025-03-25 01:20:00+00:00,LOUISIANA.HUB,REAL_TIME_5_MIN,46.61,45.839999999999996,0.0,0.77
2025-03-24T20:20:00-05:00,2025-03-25 01:20:00+00:00,2025-03-24T20:25:00-05:00,2025-03-25 01:25:00+00:00,LOUISIANA.HUB,REAL_TIME_5_MIN,42.65,42.15,0.0,0.5
2025-03-24T20:25:00-05:00,2025-03-25 01:25:00+00:00,2025-03-24T20:30:00-05:00,2025-03-25 01:30:00+00:00,LOUISIANA.HUB,REAL_TIME_5_MIN,40.61,38.339999999999996,1.85,0.42
2025-03-24T20:30:00-05:00,2025-03-25 01:30:00+00:00,2025-03-24T20:35:00-05:00,2025-03-25 01:35:00+00:00,LOUISIANA.HUB,REAL_TIME_5_MIN,42.47,40.16,1.92,0.39
2025-03-24T20:35:00-05:00,2025-03-25 01:35:00+00:00,2025-03-24T20:40:00-05:00,2025-03-25 01:40:00+00:00,LOUISIANA.HUB,REAL_TIME_5_MIN,35.77,34.690000000000005,0.79,0.29
2025-03-24T20:40:00-05:00,2025-03-25 01:40:00+00:00,2025-03-24T20:45:00-05:00,2025-03-25 01:45:00+00:00,LOUISIANA.HUB,REAL_TIME_5_MIN,35.58,34.83,0.45,0.3
2025-03-24T20:45:00-05:00,2025-03-25 01:45:00+00:00,2025-03-24T20:50:00-05:00,2025-03-25 01:50:00+00:00,LOUISIANA.HUB,REAL_TIME_5_MIN,35.59,35.190000000000005,0.0,0.4
2025-03-24T20:50:00-05:00,2025-03-25 01:50:00+00:00,2025-03-24T20:55:00-05:00,2025-03-25 01:55:00+00:00,LOUISIANA.HUB,REAL_TIME_5_MIN,34.36,33.85,0.0,0.51
2025-03-24T20:55:00-05:00,2025-03-25 01:55:00+00:00,2025-03-24T21:00:00-05:00,2025-03-25 02:00:00+00:00,LOUISIANA.HUB,REAL_TIME_5_MIN,34.7,33.27,0.9,0.53
2025-03-24T21:00:00-05:00,2025-03-25 02:00:00+00:00,2025-03-24T21:05:00-05:00,2025-03-25 02:05:00+00:00,LOUISIANA.HUB,REAL_TIME_5_MIN,36.29,34.160000000000004,1.58,0.55
2025-03-24T21:05:00-05:00,2025-03-25 02:05:00+00:00,2025-03-24T21:10:00-05:00,2025-03-25 02:10:00+00:00,LOUISIANA.HUB,REAL_TIME_5_MIN,37.64,37.68,-0.69,0.65
2025-03-24T21:10:00-05:00,2025-03-25 02:10:00+00:00,2025-03-24T21:15:00-05:00,2025-03-25 02:15:00+00:00,LOUISIANA.HUB,REAL_TIME_5_MIN,36.05,35.78,-0.27,0.54
2025-03-24T21:15:00-05:00,2025-03-25 02:15:00+00:00,2025-03-24T21:20:00-05:00,2025-03-25 02:20:00+00:00,LOUISIANA.HUB,REAL_TIME_5_MIN,34.39,31.590000000000003,2.29,0.51
2025-03-24T21:20:00-05:00,2025-03-25 02:20:00+00:00,2025-03-24T21:25:00-05:00,2025-03-25 02:25:00+00:00,LOUISIANA.HUB,REAL_TIME_5_MIN,36.37,34.419999999999995,1.35,0.6
2025-03-24T21:25:00-05:00,2025-03-25 02:25:00+00:00,2025-03-24T21:30:00-05:00,2025-03-25 02:30:00+00:00,LOUISIANA.HUB,REAL_TIME_5_MIN,34.41,32.68,1.05,0.68
2025-03-24T21:30:00-05:00,2025-03-25 02:30:00+00:00,2025-03-24T21:35:00-05:00,2025-03-25 02:35:00+00:00,LOUISIANA.HUB,REAL_TIME_5_MIN,33.32,31.58,1.22,0.52
2025-03-24T21:35:00-05:00,2025-03-25 02:35:00+00:00,2025-03-24T21:40:00-05:00,2025-03-25 02:40:00+00:00,LOUISIANA.HUB,REAL_TIME_5_MIN,32.35,33.74,-1.97,0.58
2025-03-24T21:40:00-05:00,2025-03-25 02:40:00+00:00,2025-03-24T21:45:00-05:00,2025-03-25 02:45:00+00:00,LOUISIANA.HUB,REAL_TIME_5_MIN,32.25,33.85,-2.14,0.54
2025-03-24T21:45:00-05:00,2025-03-25 02:45:00+00:00,2025-03-24T21:50:00-05:00,2025-03-25 02:50:00+00:00,LOUISIANA.HUB,REAL_TIME_5_MIN,32.91,32.769999999999996,-0.51,0.65
2025-03-24T21:50:00-05:00,2025-03-25 02:50:00+00:00,2025-03-24T21:55:00-05:00,2025-03-25 02:55:00+00:00,LOUISIANA.HUB,REAL_TIME_5_MIN,32.26,31.359999999999996,0.28,0.62
2025-03-24T21:55:00-05:00,2025-03-25 02:55:00+00:00,2025-03-24T22:00:00-05:00,2025-03-25 03:00:00+00:00,LOUISIANA.HUB,REAL_TIME_5_MIN,30.87,30.49,-0.08,0.46
2025-03-24T22:00:00-05:00,2025-03-25 03:00:00+00:00,2025-03-24T22:05:00-05:00,2025-03-25 03:05:00+00:00,LOUISIANA.HUB,REAL_TIME_5_MIN,31.02,30.68,-0.12,0.46
2025-03-24T22:05:00-05:00,2025-03-25 03:05:00+00:00,2025-03-24T22:10:00-05:00,2025-03-25 03:10:00+00:00,LOUISIANA.HUB,REAL_TIME_5_MIN,35.26,35.489999999999995,-0.82,0.59
2025-03-24T22:10:00-05:00,2025-03-25 03:10:00+00:00,2025-03-24T22:15:00-05:00,2025-03-25 03:15:00+00:00,LOUISIANA.HUB,REAL_TIME_5_MIN,33.72,34.08,-0.73,0.37
2025-03-24T22:15:00-05:00,2025-03-25 03:15:00+00:00,2025-03-24T22:20:00-05:00,2025-03-25 03:20:00+00:00,LOUISIANA.HUB,REAL_TIME_5_MIN,31.25,42.31,-11.06,0.0
2025-03-24T22:20:00-05:00,2025-03-25 03:20:00+00:00,2025-03-24T22:25:00-05:00,2025-03-25 03:25:00+00:00,LOUISIANA.HUB,REAL_TIME_5_MIN,26.62,66.75,-39.86,-0.27
2025-03-24T22:25:00-05:00,2025-03-25 03:25:00+00:00,2025-03-24T22:30:00-05:00,2025-03-25 03:30:00+00:00,LOUISIANA.HUB,REAL_TIME_5_MIN,29.85,77.8,-47.87,-0.08
2025-03-24T22:30:00-05:00,2025-03-25 03:30:00+00:00,2025-03-24T22:35:00-05:00,2025-03-25 03:35:00+00:00,LOUISIANA.HUB,REAL_TIME_5_MIN,28.44,39.150000000000006,-10.66,-0.05
2025-03-24T22:35:00-05:00,2025-03-25 03:35:00+00:00,2025-03-24T22:40:00-05:00,2025-03-25 03:40:00+00:00,LOUISIANA.HUB,REAL_TIME_5_MIN,27.99,36.76,-8.71,-0.06
2025-03-24T22:40:00-05:00,2025-03-25 03:40:00+00:00,2025-03-24T22:45:00-05:00,2025-03-25 03:45:00+00:00,LOUISIANA.HUB,REAL_TIME_5_MIN,31.72,34.14,-2.5,0.08
2025-03-24T22:45:00-05:00,2025-03-25 03:45:00+00:00,2025-03-24T22:50:00-05:00,2025-03-25 03:50:00+00:00,LOUISIANA.HUB,REAL_TIME_5_MIN,29.22,31.79,-2.71,0.14
2025-03-24T22:50:00-05:00,2025-03-25 03:50:00+00:00,2025-03-24T22:55:00-05:00,2025-03-25 03:55:00+00:00,LOUISIANA.HUB,REAL_TIME_5_MIN,31.15,33.11,-1.86,-0.1
2025-03-24T22:55:00-05:00,2025-03-25 03:55:00+00:00,2025-03-24T23:00:00-05:00,2025-03-25 04:00:00+00:00,LOUISIANA.HUB,REAL_TIME_5_MIN,30.91,31.66,-0.58,-0.17
2025-03-24T23:00:00-05:00,2025-03-25 04:00:00+00:00,2025-03-24T23:05:00-05:00,2025-03-25 04:05:00+00:00,LOUISIANA.HUB,REAL_TIME_5_MIN,31.09,32.16,-0.78,-0.29
2025-03-24T23:05:00-05:00,2025-03-25 04:05:00+00:00,2025-03-24T23:10:00-05:00,2025-03-25 04:10:00+00:00,LOUISIANA.HUB,REAL_TIME_5_MIN,31.59,32.64,-0.78,-0.27
2025-03-24T23:10:00-05:00,2025-03-25 04:10:00+00:00,2025-03-24T23:15:00-05:00,2025-03-25 04:15:00+00:00,LOUISIANA.HUB,REAL_TIME_5_MIN,33.73,34.07,0.0,-0.34
2025-03-24T23:15:00-05:00,2025-03-25 04:15:00+00:00,2025-03-24T23:20:00-05:00,2025-03-25 04:20:00+00:00,LOUISIANA.HUB,REAL_TIME_5_MIN,31.22,32.39,-0.8,-0.37
2025-03-24T23:20:00-05:00,2025-03-25 04:20:00+00:00,2025-03-24T23:25:00-05:00,2025-03-25 04:25:00+00:00,LOUISIANA.HUB,REAL_TIME_5_MIN,32.71,36.68,-3.39,-0.58
2025-03-24T23:25:00-05:00,2025-03-25 04:25:00+00:00,2025-03-24T23:30:00-05:00,2025-03-25 04:30:00+00:00,LOUISIANA.HUB,REAL_TIME_5_MIN,25.66,34.46,-8.29,-0.51
2025-03-24T23:30:00-05:00,2025-03-25 04:30:00+00:00,2025-03-24T23:35:00-05:00,2025-03-25 04:35:00+00:00,LOUISIANA.HUB,REAL_TIME_5_MIN,30.06,34.76,-4.2,-0.5
2025-03-24T23:35:00-05:00,2025-03-25 04:35:00+00:00,2025-03-24T23:40:00-05:00,2025-03-25 04:40:00+00:00,LOUISIANA.HUB,REAL_TIME_5_MIN,29.17,31.860000000000003,-2.27,-0.42
2025-03-24T23:40:00-05:00,2025-03-25 04:40:00+00:00,2025-03-24T23:45:00-05:00,2025-03-25 04:45:00+00:00,LOUISIANA.HUB,REAL_TIME_5_MIN,30.55,32.44,-1.41,-0.48
2025-03-24T23:45:00-05:00,2025-03-25 04:45:00+00:00,2025-03-24T23:50:00-05:00,2025-03-25 04:50:00+00:00,LOUISIANA.HUB,REAL_TIME_5_MIN,31.2,32.089999999999996,-0.48,-0.41
2025-03-24T23:50:00-05:00,2025-03-25 04:50:00+00:00,2025-03-24T23:55:00-05:00,2025-03-25 04:55:00+00:00,LOUISIANA.HUB,REAL_TIME_5_MIN,31.33,31.779999999999998,0.0,-0.45
2025-03-24T23:55:00-05:00,2025-03-25 04:55:00+00:00,2025-03-25T00:00:00-05:00,2025-03-25 05:00:00+00:00,LOUISIANA.HUB,REAL_TIME_5_MIN,29.68,30.24,0.0,-0.56
2025-03-25T00:00:00-05:00,2025-03-25 05:00:00+00:00,2025-03-25T00:05:00-05:00,2025-03-25 05:05:00+00:00,LOUISIANA.HUB,REAL_TIME_5_MIN,30.23,30.81,0.0,-0.58
2025-03-25T00:05:00-05:00,2025-03-25 05:05:00+00:00,2025-03-25T00:10:00-05:00,2025-03-25 05:10:00+00:00,LOUISIANA.HUB,REAL_TIME_5_MIN,30.57,31.07,0.0,-0.5
2025-03-25T00:10:00-05:00,2025-03-25 05:10:00+00:00,2025-03-25T00:15:00-05:00,2025-03-25 05:15:00+00:00,LOUISIANA.HUB,REAL_TIME_5_MIN,31.62,32.25,0.0,-0.63
2025-03-25T00:15:00-05:00,2025-03-25 05:15:00+00:00,2025-03-25T00:20:00-05:00,2025-03-25 05:20:00+00:00,LOUISIANA.HUB,REAL_TIME_5_MIN,28.32,28.96,0.0,-0.64
2025-03-25T00:20:00-05:00,2025-03-25 05:20:00+00:00,2025-03-25T00:25:00-05:00,2025-03-25 05:25:00+00:00,LOUISIANA.HUB,REAL_TIME_5_MIN,26.76,27.530000000000005,-0.1,-0.67
2025-03-25T00:25:00-05:00,2025-03-25 05:25:00+00:00,2025-03-25T00:30:00-05:00,2025-03-25 05:30:00+00:00,LOUISIANA.HUB,REAL_TIME_5_MIN,25.9,29.47,-2.94,-0.63
2025-03-25T00:30:00-05:00,2025-03-25 05:30:00+00:00,2025-03-25T00:35:00-05:00,2025-03-25 05:35:00+00:00,LOUISIANA.HUB,REAL_TIME_5_MIN,25.95,27.849999999999998,-1.36,-0.54
2025-03-25T00:35:00-05:00,2025-03-25 05:35:00+00:00,2025-03-25T00:40:00-05:00,2025-03-25 05:40:00+00:00,LOUISIANA.HUB,REAL_TIME_5_MIN,25.82,27.41,-1.21,-0.38
2025-03-25T00:40:00-05:00,2025-03-25 05:40:00+00:00,2025-03-25T00:45:00-05:00,2025-03-25 05:45:00+00:00,LOUISIANA.HUB,REAL_TIME_5_MIN,27.15,27.549999999999997,0.0,-0.4
2025-03-25T00:45:00-05:00,2025-03-25 05:45:00+00:00,2025-03-25T00:50:00-05:00,2025-03-25 05:50:00+00:00,LOUISIANA.HUB,REAL_TIME_5_MIN,27.17,27.580000000000002,0.0,-0.41
2025-03-25T00:50:00-05:00,2025-03-25 05:50:00+00:00,2025-03-25T00:55:00-05:00,2025-03-25 05:55:00+00:00,LOUISIANA.HUB,REAL_TIME_5_MIN,27.81,28.38,-0.03,-0.54
2025-03-25T00:55:00-05:00,2025-03-25 05:55:00+00:00,2025-03-25T01:00:00-05:00,2025-03-25 06:00:00+00:00,LOUISIANA.HUB,REAL_TIME_5_MIN,26.61,27.740000000000002,-0.62,-0.51
2025-03-25T01:00:00-05:00,2025-03-25 06:00:00+00:00,2025-03-25T01:05:00-05:00,2025-03-25 06:05:00+00:00,LOUISIANA.HUB,REAL_TIME_5_MIN,26.19,27.42,-0.66,-0.57
2025-03-25T01:05:00-05:00,2025-03-25 06:05:00+00:00,2025-03-25T01:10:00-05:00,2025-03-25 06:10:00+00:00,LOUISIANA.HUB,REAL_TIME_5_MIN,22.61,28.169999999999998,-4.93,-0.63
2025-03-25T01:10:00-05:00,2025-03-25 06:10:00+00:00,2025-03-25T01:15:00-05:00,2025-03-25 06:15:00+00:00,LOUISIANA.HUB,REAL_TIME_5_MIN,25.38,27.13,-1.22,-0.53
2025-03-25T01:15:00-05:00,2025-03-25 06:15:00+00:00,2025-03-25T01:20:00-05:00,2025-03-25 06:20:00+00:00,LOUISIANA.HUB,REAL_TIME_5_MIN,24.17,28.19,-3.54,-0.48
2025-03-25T01:20:00-05:00,2025-03-25 06:20:00+00:00,2025-03-25T01:25:00-05:00,2025-03-25 06:25:00+00:00,LOUISIANA.HUB,REAL_TIME_5_MIN,25.98,27.41,-0.96,-0.47
2025-03-25T01:25:00-05:00,2025-03-25 06:25:00+00:00,2025-03-25T01:30:00-05:00,2025-03-25 06:30:00+00:00,LOUISIANA.HUB,REAL_TIME_5_MIN,25.68,29.15,-2.9,-0.57
2025-03-25T01:30:00-05:00,2025-03-25 06:30:00+00:00,2025-03-25T01:35:00-05:00,2025-03-25 06:35:00+00:00,LOUISIANA.HUB,REAL_TIME_5_MIN,26.21,27.650000000000002,-0.98,-0.46
2025-03-25T01:35:00-05:00,2025-03-25 06:35:00+00:00,2025-03-25T01:40:00-05:00,2025-03-25 06:40:00+00:00,LOUISIANA.HUB,REAL_TIME_5_MIN,26.19,27.580000000000002,-0.88,-0.51
2025-03-25T01:40:00-05:00,2025-03-25 06:40:00+00:00,2025-03-25T01:45:00-05:00,2025-03-25 06:45:00+00:00,LOUISIANA.HUB,REAL_TIME_5_MIN,26.91,27.49,0.0,-0.58
2025-03-25T01:45:00-05:00,2025-03-25 06:45:00+00:00,2025-03-25T01:50:00-05:00,2025-03-25 06:50:00+00:00,LOUISIANA.HUB,REAL_TIME_5_MIN,24.19,28.33,-3.51,-0.63
2025-03-25T01:50:00-05:00,2025-03-25 06:50:00+00:00,2025-03-25T01:55:00-05:00,2025-03-25 06:55:00+00:00,LOUISIANA.HUB,REAL_TIME_5_MIN,25.41,27.46,-1.37,-0.68
2025-03-25T01:55:00-05:00,2025-03-25 06:55:00+00:00,2025-03-25T02:00:00-05:00,2025-03-25 07:00:00+00:00,LOUISIANA.HUB,REAL_TIME_5_MIN,25.07,27.52,-1.81,-0.64
2025-03-25T02:00:00-05:00,2025-03-25 07:00:00+00:00,2025-03-25T02:05:00-05:00,2025-03-25 07:05:00+00:00,LOUISIANA.HUB,REAL_TIME_5_MIN,26.21,27.51,-0.8,-0.5
2025-03-25T02:05:00-05:00,2025-03-25 07:05:00+00:00,2025-03-25T02:10:00-05:00,2025-03-25 07:10:00+00:00,LOUISIANA.HUB,REAL_TIME_5_MIN,27.64,28.01,0.0,-0.37
2025-03-25T02:10:00-05:00,2025-03-25 07:10:00+00:00,2025-03-25T02:15:00-05:00,2025-03-25 07:15:00+00:00,LOUISIANA.HUB,REAL_TIME_5_MIN,26.7,27.279999999999998,0.0,-0.58
2025-03-25T02:15:00-05:00,2025-03-25 07:15:00+00:00,2025-03-25T02:20:00-05:00,2025-03-25 07:20:00+00:00,LOUISIANA.HUB,REAL_TIME_5_MIN,25.73,27.28,-0.78,-0.77
2025-03-25T02:20:00-05:00,2025-03-25 07:20:00+00:00,2025-03-25T02:25:00-05:00,2025-03-25 07:25:00+00:00,LOUISIANA.HUB,REAL_TIME_5_MIN,20.12,37.34,-16.09,-1.13
2025-03-25T02:25:00-05:00,2025-03-25 07:25:00+00:00,2025-03-25T02:30:00-05:00,2025-03-25 07:30:00+00:00,LOUISIANA.HUB,REAL_TIME_5_MIN,27.23,29.55,-1.53,-0.79
2025-03-25T02:30:00-05:00,2025-03-25 07:30:00+00:00,2025-03-25T02:35:00-05:00,2025-03-25 07:35:00+00:00,LOUISIANA.HUB,REAL_TIME_5_MIN,29.72,30.32,0.0,-0.6
2025-03-25T02:35:00-05:00,2025-03-25 07:35:00+00:00,2025-03-25T02:40:00-05:00,2025-03-25 07:40:00+00:00,LOUISIANA.HUB,REAL_TIME_5_MIN,26.64,25.77,1.46,-0.59
2025-03-25T02:40:00-05:00,2025-03-25 07:40:00+00:00,2025-03-25T02:45:00-05:00,2025-03-25 07:45:00+00:00,LOUISIANA.HUB,REAL_TIME_5_MIN,26.51,27.3,0.0,-0.79
2025-03-25T02:45:00-05:00,2025-03-25 07:45:00+00:00,2025-03-25T02:50:00-05:00,2025-03-25 07:50:00+00:00,LOUISIANA.HUB,REAL_TIME_5_MIN,26.79,27.64,0.0,-0.85
2025-03-25T02:50:00-05:00,2025-03-25 07:50:00+00:00,2025-03-25T02:55:00-05:00,2025-03-25 07:55:00+00:00,LOUISIANA.HUB,REAL_TIME_5_MIN,27.5,28.4,0.0,-0.9
2025-03-25T02:55:00-05:00,2025-03-25 07:55:00+00:00,2025-03-25T03:00:00-05:00,2025-03-25 08:00:00+00:00,LOUISIANA.HUB,REAL_TIME_5_MIN,28.01,28.55,0.34,-0.88
2025-03-25T03:00:00-05:00,2025-03-25 08:00:00+00:00,2025-03-25T03:05:00-05:00,2025-03-25 08:05:00+00:00,LOUISIANA.HUB,REAL_TIME_5_MIN,27.8,28.720000000000002,0.0,-0.92
2025-03-25T03:05:00-05:00,2025-03-25 08:05:00+00:00,2025-03-25T03:10:00-05:00,2025-03-25 08:10:00+00:00,LOUISIANA.HUB,REAL_TIME_5_MIN,25.18,28.53,-2.37,-0.98
2025-03-25T03:10:00-05:00,2025-03-25 08:10:00+00:00,2025-03-25T03:15:00-05:00,2025-03-25 08:15:00+00:00,LOUISIANA.HUB,REAL_TIME_5_MIN,22.44,33.87,-10.28,-1.15
2025-03-25T03:15:00-05:00,2025-03-25 08:15:00+00:00,2025-03-25T03:20:00-05:00,2025-03-25 08:20:00+00:00,LOUISIANA.HUB,REAL_TIME_5_MIN,22.44,43.78,-20.09,-1.25
2025-03-25T03:20:00-05:00,2025-03-25 08:20:00+00:00,2025-03-25T03:25:00-05:00,2025-03-25 08:25:00+00:00,LOUISIANA.HUB,REAL_TIME_5_MIN,34.43,35.23,0.0,-0.8
2025-03-25T03:25:00-05:00,2025-03-25 08:25:00+00:00,2025-03-25T03:30:00-05:00,2025-03-25 08:30:00+00:00,LOUISIANA.HUB,REAL_TIME_5_MIN,29.13,28.63,1.02,-0.52
2025-03-25T03:30:00-05:00,2025-03-25 08:30:00+00:00,2025-03-25T03:35:00-05:00,2025-03-25 08:35:00+00:00,LOUISIANA.HUB,REAL_TIME_5_MIN,28.75,28.52,1.02,-0.79
2025-03-25T03:35:00-05:00,2025-03-25 08:35:00+00:00,2025-03-25T03:40:00-05:00,2025-03-25 08:40:00+00:00,LOUISIANA.HUB,REAL_TIME_5_MIN,32.29,31.160000000000004,2.15,-1.02
2025-03-25T03:40:00-05:00,2025-03-25 08:40:00+00:00,2025-03-25T03:45:00-05:00,2025-03-25 08:45:00+00:00,LOUISIANA.HUB,REAL_TIME_5_MIN,34.01,33.49,1.66,-1.14
2025-03-25T03:45:00-05:00,2025-03-25 08:45:00+00:00,2025-03-25T03:50:00-05:00,2025-03-25 08:50:00+00:00,LOUISIANA.HUB,REAL_TIME_5_MIN,28.73,28.66,1.14,-1.07
2025-03-25T03:50:00-05:00,2025-03-25 08:50:00+00:00,2025-03-25T03:55:00-05:00,2025-03-25 08:55:00+00:00,LOUISIANA.HUB,REAL_TIME_5_MIN,29.02,30.31,0.0,-1.29
2025-03-25T03:55:00-05:00,2025-03-25 08:55:00+00:00,2025-03-25T04:00:00-05:00,2025-03-25 09:00:00+00:00,LOUISIANA.HUB,REAL_TIME_5_MIN,28.74,29.04,0.82,-1.12
2025-03-25T04:00:00-05:00,2025-03-25 09:00:00+00:00,2025-03-25T04:05:00-05:00,2025-03-25 09:05:00+00:00,LOUISIANA.HUB,REAL_TIME_5_MIN,30.24,30.089999999999996,1.28,-1.13
2025-03-25T04:05:00-05:00,2025-03-25 09:05:00+00:00,2025-03-25T04:10:00-05:00,2025-03-25 09:10:00+00:00,LOUISIANA.HUB,REAL_TIME_5_MIN,30.51,30.330000000000002,1.34,-1.16
2025-03-25T04:10:00-05:00,2025-03-25 09:10:00+00:00,2025-03-25T04:15:00-05:00,2025-03-25 09:15:00+00:00,LOUISIANA.HUB,REAL_TIME_5_MIN,30.91,30.699999999999996,1.42,-1.21
2025-03-25T04:15:00-05:00,2025-03-25 09:15:00+00:00,2025-03-25T04:20:00-05:00,2025-03-25 09:20:00+00:00,LOUISIANA.HUB,REAL_TIME_5_MIN,29.75,29.78,1.27,-1.3
2025-03-25T04:20:00-05:00,2025-03-25 09:20:00+00:00,2025-03-25T04:25:00-05:00,2025-03-25 09:25:00+00:00,LOUISIANA.HUB,REAL_TIME_5_MIN,30.39,31.86,0.0,-1.47
2025-03-25T04:25:00-05:00,2025-03-25 09:25:00+00:00,2025-03-25T04:30:00-05:00,2025-03-25 09:30:00+00:00,LOUISIANA.HUB,REAL_TIME_5_MIN,29.84,30.99,0.25,-1.4
2025-03-25T04:30:00-05:00,2025-03-25 09:30:00+00:00,2025-03-25T04:35:00-05:00,2025-03-25 09:35:00+00:00,LOUISIANA.HUB,REAL_TIME_5_MIN,29.94,30.07,1.17,-1.3
2025-03-25T04:35:00-05:00,2025-03-25 09:35:00+00:00,2025-03-25T04:40:00-05:00,2025-03-25 09:40:00+00:00,LOUISIANA.HUB,REAL_TIME_5_MIN,29.68,29.73,1.12,-1.17
2025-03-25T04:40:00-05:00,2025-03-25 09:40:00+00:00,2025-03-25T04:45:00-05:00,2025-03-25 09:45:00+00:00,LOUISIANA.HUB,REAL_TIME_5_MIN,29.11,29.279999999999998,1.05,-1.22
2025-03-25T04:45:00-05:00,2025-03-25 09:45:00+00:00,2025-03-25T04:50:00-05:00,2025-03-25 09:50:00+00:00,LOUISIANA.HUB,REAL_TIME_5_MIN,30.53,31.43,0.41,-1.31
2025-03-25T04:50:00-05:00,2025-03-25 09:50:00+00:00,2025-03-25T04:55:00-05:00,2025-03-25 09:55:00+00:00,LOUISIANA.HUB,REAL_TIME_5_MIN,28.69,29.950000000000003,0.0,-1.26
2025-03-25T04:55:00-05:00,2025-03-25 09:55:00+00:00,2025-03-25T05:00:00-05:00,2025-03-25 10:00:00+00:00,LOUISIANA.HUB,REAL_TIME_5_MIN,27.62,27.130000000000003,1.58,-1.09
2025-03-25T05:00:00-05:00,2025-03-25 10:00:00+00:00,2025-03-25T05:05:00-05:00,2025-03-25 10:05:00+00:00,LOUISIANA.HUB,REAL_TIME_5_MIN,29.68,30.14,0.71,-1.17
2025-03-25T05:05:00-05:00,2025-03-25 10:05:00+00:00,2025-03-25T05:10:00-05:00,2025-03-25 10:10:00+00:00,LOUISIANA.HUB,REAL_TIME_5_MIN,27.71,27.759999999999998,0.92,-0.97
2025-03-25T05:10:00-05:00,2025-03-25 10:10:00+00:00,2025-03-25T05:15:00-05:00,2025-03-25 10:15:00+00:00,LOUISIANA.HUB,REAL_TIME_5_MIN,27.73,27.770000000000003,0.9,-0.94
2025-03-25T05:15:00-05:00,2025-03-25 10:15:00+00:00,2025-03-25T05:20:00-05:00,2025-03-25 10:20:00+00:00,LOUISIANA.HUB,REAL_TIME_5_MIN,28.43,28.04,1.37,-0.98
2025-03-25T05:20:00-05:00,2025-03-25 10:20:00+00:00,2025-03-25T05:25:00-05:00,2025-03-25 10:25:00+00:00,LOUISIANA.HUB,REAL_TIME_5_MIN,30.15,29.79,1.3,-0.94
2025-03-25T05:25:00-05:00,2025-03-25 10:25:00+00:00,2025-03-25T05:30:00-05:00,2025-03-25 10:30:00+00:00,LOUISIANA.HUB,REAL_TIME_5_MIN,31.9,31.340000000000003,1.58,-1.02
2025-03-25T05:30:00-05:00,2025-03-25 10:30:00+00:00,2025-03-25T05:35:00-05:00,2025-03-25 10:35:00+00:00,LOUISIANA.HUB,REAL_TIME_5_MIN,33.26,33.69,0.72,-1.15
2025-03-25T05:35:00-05:00,2025-03-25 10:35:00+00:00,2025-03-25T05:40:00-05:00,2025-03-25 10:40:00+00:00,,,,,,
2025-03-25T05:40:00-05:00,2025-03-25 10:40:00+00:00,2025-03-25T05:45:00-05:00,2025-03-25 10:45:00+00:00,LOUISIANA.HUB,REAL_TIME_5_MIN,33.93,33.5,1.8,-1.37
2025-03-25T05:45:00-05:00,2025-03-25 10:45:00+00:00,2025-03-25T05:50:00-05:00,2025-03-25 10:50:00+00:00,LOUISIANA.HUB,REAL_TIME_5_MIN,39.05,38.029999999999994,2.5,-1.48
2025-03-25T05:50:00-05:00,2025-03-25 10:50:00+00:00,2025-03-25T05:55:00-05:00,2025-03-25 10:55:00+00:00,LOUISIANA.HUB,REAL_TIME_5_MIN,34.26,33.67,1.86,-1.27
2025-03-25T05:55:00-05:00,2025-03-25 10:55:00+00:00,2025-03-25T06:00:00-05:00,2025-03-25 11:00:00+00:00,LOUISIANA.HUB,REAL_TIME_5_MIN,36.22,37.46,0.26,-1.5
2025-03-25T06:00:00-05:00,2025-03-25 11:00:00+00:00,2025-03-25T06:05:00-05:00,2025-03-25 11:05:00+00:00,LOUISIANA.HUB,REAL_TIME_5_MIN,32.54,32.69,1.08,-1.23
2025-03-25T06:05:00-05:00,2025-03-25 11:05:00+00:00,2025-03-25T06:10:00-05:00,2025-03-25 11:10:00+00:00,LOUISIANA.HUB,REAL_TIME_5_MIN,35.45,36.86,0.0,-1.41
2025-03-25T06:10:00-05:00,2025-03-25 11:10:00+00:00,2025-03-25T06:15:00-05:00,2025-03-25 11:15:00+00:00,LOUISIANA.HUB,REAL_TIME_5_MIN,41.38,39.980000000000004,2.69,-1.29
2025-03-25T06:15:00-05:00,2025-03-25 11:15:00+00:00,2025-03-25T06:20:00-05:00,2025-03-25 11:20:00+00:00,LOUISIANA.HUB,REAL_TIME_5_MIN,36.35,37.54,0.0,-1.19
2025-03-25T06:20:00-05:00,2025-03-25 11:20:00+00:00,2025-03-25T06:25:00-05:00,2025-03-25 11:25:00+00:00,LOUISIANA.HUB,REAL_TIME_5_MIN,38.49,39.85,0.0,-1.36
2025-03-25T06:25:00-05:00,2025-03-25 11:25:00+00:00,2025-03-25T06:30:00-05:00,2025-03-25 11:30:00+00:00,LOUISIANA.HUB,REAL_TIME_5_MIN,39.58,40.92,0.0,-1.34
2025-03-25T06:30:00-05:00,2025-03-25 11:30:00+00:00,2025-03-25T06:35:00-05:00,2025-03-25 11:35:00+00:00,LOUISIANA.HUB,REAL_TIME_5_MIN,45.1,46.71,0.0,-1.61
2025-03-25T06:35:00-05:00,2025-03-25 11:35:00+00:00,2025-03-25T06:40:00-05:00,2025-03-25 11:40:00+00:00,LOUISIANA.HUB,REAL_TIME_5_MIN,44.43,46.12,0.0,-1.69
2025-03-25T06:40:00-05:00,2025-03-25 11:40:00+00:00,2025-03-25T06:45:00-05:00,2025-03-25 11:45:00+00:00,LOUISIANA.HUB,REAL_TIME_5_MIN,41.36,42.87,0.0,-1.51
2025-03-25T06:45:00-05:00,2025-03-25 11:45:00+00:00,2025-03-25T06:50:00-05:00,2025-03-25 11:50:00+00:00,LOUISIANA.HUB,REAL_TIME_5_MIN,42.63,44.25,0.0,-1.62
2025-03-25T06:50:00-05:00,2025-03-25 11:50:00+00:00,2025-03-25T06:55:00-05:00,2025-03-25 11:55:00+00:00,LOUISIANA.HUB,REAL_TIME_5_MIN,51.97,54.03,0.0,-2.06
2025-03-25T06:55:00-05:00,2025-03-25 11:55:00+00:00,2025-03-25T07:00:00-05:00,2025-03-25 12:00:00+00:00,LOUISIANA.HUB,REAL_TIME_5_MIN,39.06,44.29,-3.36,-1.87
2025-03-25T07:00:00-05:00,2025-03-25 12:00:00+00:00,2025-03-25T07:05:00-05:00,2025-03-25 12:05:00+00:00,LOUISIANA.HUB,REAL_TIME_5_MIN,44.15,60.05,-13.23,-2.67
2025-03-25T07:05:00-05:00,2025-03-25 12:05:00+00:00,2025-03-25T07:10:00-05:00,2025-03-25 12:10:00+00:00,LOUISIANA.HUB,REAL_TIME_5_MIN,53.06,81.35,-24.78,-3.51
2025-03-25T07:10:00-05:00,2025-03-25 12:10:00+00:00,2025-03-25T07:15:00-05:00,2025-03-25 12:15:00+00:00,LOUISIANA.HUB,REAL_TIME_5_MIN,58.86,64.61,-2.8,-2.95
2025-03-25T07:15:00-05:00,2025-03-25 12:15:00+00:00,2025-03-25T07:20:00-05:00,2025-03-25 12:20:00+00:00,LOUISIANA.HUB,REAL_TIME_5_MIN,145.71,155.54,-1.42,-8.41
2025-03-25T07:20:00-05:00,2025-03-25 12:20:00+00:00,2025-03-25T07:25:00-05:00,2025-03-25 12:25:00+00:00,LOUISIANA.HUB,REAL_TIME_5_MIN,149.11,158.71,0.0,-9.6
2025-03-25T07:25:00-05:00,2025-03-25 12:25:00+00:00,2025-03-25T07:30:00-05:00,2025-03-25 12:30:00+00:00,LOUISIANA.HUB,REAL_TIME_5_MIN,35.98,47.3,-8.75,-2.57
2025-03-25T07:30:00-05:00,2025-03-25 12:30:00+00:00,2025-03-25T07:35:00-05:00,2025-03-25 12:35:00+00:00,LOUISIANA.HUB,REAL_TIME_5_MIN,18.66,37.900000000000006,-17.28,-1.96
2025-03-25T07:35:00-05:00,2025-03-25 12:35:00+00:00,2025-03-25T07:40:00-05:00,2025-03-25 12:40:00+00:00,LOUISIANA.HUB,REAL_TIME_5_MIN,21.26,33.47,-10.66,-1.55
2025-03-25T07:40:00-05:00,2025-03-25 12:40:00+00:00,2025-03-25T07:45:00-05:00,2025-03-25 12:45:00+00:00,LOUISIANA.HUB,REAL_TIME_5_MIN,21.18,33.19,-10.65,-1.36
2025-03-25T07:45:00-05:00,2025-03-25 12:45:00+00:00,2025-03-25T07:50:00-05:00,2025-03-25 12:50:00+00:00,LOUISIANA.HUB,REAL_TIME_5_MIN,23.01,29.050000000000004,-4.96,-1.08
2025-03-25T07:50:00-05:00,2025-03-25 12:50:00+00:00,2025-03-25T07:55:00-05:00,2025-03-25 12:55:00+00:00,LOUISIANA.HUB,REAL_TIME_5_MIN,22.35,28.26,-4.96,-0.95
2025-03-25T07:55:00-05:00,2025-03-25 12:55:00+00:00,2025-03-25T08:00:00-05:00,2025-03-25 13:00:00+00:00,LOUISIANA.HUB,REAL_TIME_5_MIN,22.9,28.09,-4.27,-0.92
2025-03-25T08:00:00-05:00,2025-03-25 13:00:00+00:00,2025-03-25T08:05:00-05:00,2025-03-25 13:05:00+00:00,LOUISIANA.HUB,REAL_TIME_5_MIN,25.32,29.53,-3.18,-1.03
2025-03-25T08:05:00-05:00,2025-03-25 13:05:00+00:00,2025-03-25T08:10:00-05:00,2025-03-25 13:10:00+00:00,LOUISIANA.HUB,REAL_TIME_5_MIN,23.7,32.11,-7.34,-1.07
2025-03-25T08:10:00-05:00,2025-03-25 13:10:00+00:00,2025-03-25T08:15:00-05:00,2025-03-25 13:15:00+00:00,LOUISIANA.HUB,REAL_TIME_5_MIN,22.65,27.09,-3.48,-0.96
2025-03-25T08:15:00-05:00,2025-03-25 13:15:00+00:00,2025-03-25T08:20:00-05:00,2025-03-25 13:20:00+00:00,LOUISIANA.HUB,REAL_TIME_5_MIN,20.82,29.06,-7.34,-0.9
2025-03-25T08:20:00-05:00,2025-03-25 13:20:00+00:00,2025-03-25T08:25:00-05:00,2025-03-25 13:25:00+00:00,LOUISIANA.HUB,REAL_TIME_5_MIN,24.54,26.529999999999998,-1.24,-0.75
2025-03-25T08:25:00-05:00,2025-03-25 13:25:00+00:00,2025-03-25T08:30:00-05:00,2025-03-25 13:30:00+00:00,LOUISIANA.HUB,REAL_TIME_5_MIN,22.8,26.26,-2.69,-0.77
2025-03-25T08:30:00-05:00,2025-03-25 13:30:00+00:00,2025-03-25T08:35:00-05:00,2025-03-25 13:35:00+00:00,LOUISIANA.HUB,REAL_TIME_5_MIN,26.87,27.82,0.0,-0.95
2025-03-25T08:35:00-05:00,2025-03-25 13:35:00+00:00,2025-03-25T08:40:00-05:00,2025-03-25 13:40:00+00:00,LOUISIANA.HUB,REAL_TIME_5_MIN,22.74,23.669999999999998,0.0,-0.93
2025-03-25T08:40:00-05:00,2025-03-25 13:40:00+00:00,2025-03-25T08:45:00-05:00,2025-03-25 13:45:00+00:00,LOUISIANA.HUB,REAL_TIME_5_MIN,21.91,24.01,-1.07,-1.03
2025-03-25T08:45:00-05:00,2025-03-25 13:45:00+00:00,2025-03-25T08:50:00-05:00,2025-03-25 13:50:00+00:00,LOUISIANA.HUB,REAL_TIME_5_MIN,24.09,26.32,-1.07,-1.16
2025-03-25T08:50:00-05:00,2025-03-25 13:50:00+00:00,2025-03-25T08:55:00-05:00,2025-03-25 13:55:00+00:00,LOUISIANA.HUB,REAL_TIME_5_MIN,21.92,26.740000000000002,-3.65,-1.17
2025-03-25T08:55:00-05:00,2025-03-25 13:55:00+00:00,2025-03-25T09:00:00-05:00,2025-03-25 14:00:00+00:00,LOUISIANA.HUB,REAL_TIME_5_MIN,22.49,27.109999999999996,-3.47,-1.15
2025-03-25T09:00:00-05:00,2025-03-25 14:00:00+00:00,2025-03-25T09:05:00-05:00,2025-03-25 14:05:00+00:00,LOUISIANA.HUB,REAL_TIME_5_MIN,25.79,27.57,-0.92,-0.86
2025-03-25T09:05:00-05:00,2025-03-25 14:05:00+00:00,2025-03-25T09:10:00-05:00,2025-03-25 14:10:00+00:00,LOUISIANA.HUB,REAL_TIME_5_MIN,36.48,37.47,0.0,-0.99
2025-03-25T09:10:00-05:00,2025-03-25 14:10:00+00:00,2025-03-25T09:15:00-05:00,2025-03-25 14:15:00+00:00,LOUISIANA.HUB,REAL_TIME_5_MIN,37.38,39.02,-0.32,-1.32
2025-03-25T09:15:00-05:00,2025-03-25 14:15:00+00:00,2025-03-25T09:20:00-05:00,2025-03-25 14:20:00+00:00,LOUISIANA.HUB,REAL_TIME_5_MIN,28.52,32.88,-2.92,-1.44
2025-03-25T09:20:00-05:00,2025-03-25 14:20:00+00:00,2025-03-25T09:25:00-05:00,2025-03-25 14:25:00+00:00,LOUISIANA.HUB,REAL_TIME_5_MIN,34.71,39.33,-2.59,-2.03
2025-03-25T09:25:00-05:00,2025-03-25 14:25:00+00:00,2025-03-25T09:30:00-05:00,2025-03-25 14:30:00+00:00,LOUISIANA.HUB,REAL_TIME_5_MIN,25.8,29.130000000000003,-1.75,-1.58
2025-03-25T09:30:00-05:00,2025-03-25 14:30:00+00:00,2025-03-25T09:35:00-05:00,2025-03-25 14:35:00+00:00,LOUISIANA.HUB,REAL_TIME_5_MIN,32.44,35.26,-0.64,-2.18
2025-03-25T09:35:00-05:00,2025-03-25 14:35:00+00:00,2025-03-25T09:40:00-05:00,2025-03-25 14:40:00+00:00,LOUISIANA.HUB,REAL_TIME_5_MIN,32.1,33.86,0.28,-2.04
2025-03-25T09:40:00-05:00,2025-03-25 14:40:00+00:00,2025-03-25T09:45:00-05:00,2025-03-25 14:45:00+00:00,LOUISIANA.HUB,REAL_TIME_5_MIN,24.71,26.55,-0.22,-1.62
2025-03-25T09:45:00-05:00,2025-03-25 14:45:00+00:00,2025-03-25T09:50:00-05:00,2025-03-25 14:50:00+00:00,LOUISIANA.HUB,REAL_TIME_5_MIN,23.56,26.869999999999997,-1.75,-1.56
2025-03-25T09:50:00-05:00,2025-03-25 14:50:00+00:00,2025-03-25T09:55:00-05:00,2025-03-25 14:55:00+00:00,LOUISIANA.HUB,REAL_TIME_5_MIN,24.67,26.09,0.01,-1.43
2025-03-25T09:55:00-05:00,2025-03-25 14:55:00+00:00,2025-03-25T10:00:00-05:00,2025-03-25 15:00:00+00:00,LOUISIANA.HUB,REAL_TIME_5_MIN,24.63,25.88,0.0,-1.25
2025-03-25T10:00:00-05:00,2025-03-25 15:00:00+00:00,2025-03-25T10:05:00-05:00,2025-03-25 15:05:00+00:00,LOUISIANA.HUB,REAL_TIME_5_MIN,17.79,24.47,-5.62,-1.06
2025-03-25T10:05:00-05:00,2025-03-25 15:05:00+00:00,2025-03-25T10:10:00-05:00,2025-03-25 15:10:00+00:00,LOUISIANA.HUB,REAL_TIME_5_MIN,26.25,31.290000000000003,-3.53,-1.51
2025-03-25T10:10:00-05:00,2025-03-25 15:10:00+00:00,2025-03-25T10:15:00-05:00,2025-03-25 15:15:00+00:00,LOUISIANA.HUB,REAL_TIME_5_MIN,22.55,28.869999999999997,-5.17,-1.15
2025-03-25T10:15:00-05:00,2025-03-25 15:15:00+00:00,2025-03-25T10:20:00-05:00,2025-03-25 15:20:00+00:00,LOUISIANA.HUB,REAL_TIME_5_MIN,24.06,29.29,-4.02,-1.21
2025-03-25T10:20:00-05:00,2025-03-25 15:20:00+00:00,2025-03-25T10:25:00-05:00,2025-03-25 15:25:00+00:00,LOUISIANA.HUB,REAL_TIME_5_MIN,24.3,26.59,-1.32,-0.97
2025-03-25T10:25:00-05:00,2025-03-25 15:25:00+00:00,2025-03-25T10:30:00-05:00,2025-03-25 15:30:00+00:00,LOUISIANA.HUB,REAL_TIME_5_MIN,25.46,26.04,0.16,-0.74
2025-03-25T10:30:00-05:00,2025-03-25 15:30:00+00:00,2025-03-25T10:35:00-05:00,2025-03-25 15:35:00+00:00,LOUISIANA.HUB,REAL_TIME_5_MIN,24.8,25.91,-0.34,-0.77
2025-03-25T10:35:00-05:00,2025-03-25 15:35:00+00:00,2025-03-25T10:40:00-05:00,2025-03-25 15:40:00+00:00,LOUISIANA.HUB,REAL_TIME_5_MIN,24.7,25.82,-0.23,-0.89
2025-03-25T10:40:00-05:00,2025-03-25 15:40:00+00:00,2025-03-25T10:45:00-05:00,2025-03-25 15:45:00+00:00,LOUISIANA.HUB,REAL_TIME_5_MIN,23.97,25.56,-0.69,-0.9
2025-03-25T10:45:00-05:00,2025-03-25 15:45:00+00:00,2025-03-25T10:50:00-05:00,2025-03-25 15:50:00+00:00,LOUISIANA.HUB,REAL_TIME_5_MIN,24.6,25.990000000000002,-0.55,-0.84
2025-03-25T10:50:00-05:00,2025-03-25 15:50:00+00:00,2025-03-25T10:55:00-05:00,2025-03-25 15:55:00+00:00,LOUISIANA.HUB,REAL_TIME_5_MIN,24.97,26.119999999999997,-0.24,-0.91
2025-03-25T10:55:00-05:00,2025-03-25 15:55:00+00:00,2025-03-25T11:00:00-05:00,2025-03-25 16:00:00+00:00,LOUISIANA.HUB,REAL_TIME_5_MIN,25.38,26.599999999999998,-0.33,-0.89
2025-03-25T11:00:00-05:00,2025-03-25 16:00:00+00:00,2025-03-25T11:05:00-05:00,2025-03-25 16:05:00+00:00,LOUISIANA.HUB,REAL_TIME_5_MIN,24.47,25.78,-0.44,-0.87
2025-03-25T11:05:00-05:00,2025-03-25 16:05:00+00:00,2025-03-25T11:10:00-05:00,2025-03-25 16:10:00+00:00,LOUISIANA.HUB,REAL_TIME_5_MIN,24.16,24.58,0.42,-0.84
2025-03-25T11:10:00-05:00,2025-03-25 16:10:00+00:00,2025-03-25T11:15:00-05:00,2025-03-25 16:15:00+00:00,LOUISIANA.HUB,REAL_TIME_5_MIN,24.7,25.939999999999998,-0.4,-0.84
2025-03-25T11:15:00-05:00,2025-03-25 16:15:00+00:00,2025-03-25T11:20:00-05:00,2025-03-25 16:20:00+00:00,LOUISIANA.HUB,REAL_TIME_5_MIN,27.11,29.77,-1.74,-0.92
2025-03-25T11:20:00-05:00,2025-03-25 16:20:00+00:00,2025-03-25T11:25:00-05:00,2025-03-25 16:25:00+00:00,LOUISIANA.HUB,REAL_TIME_5_MIN,26.41,27.66,-0.37,-0.88
2025-03-25T11:25:00-05:00,2025-03-25 16:25:00+00:00,2025-03-25T11:30:00-05:00,2025-03-25 16:30:00+00:00,LOUISIANA.HUB,REAL_TIME_5_MIN,25.91,27.62,-0.76,-0.95
2025-03-25T11:30:00-05:00,2025-03-25 16:30:00+00:00,2025-03-25T11:35:00-05:00,2025-03-25 16:35:00+00:00,LOUISIANA.HUB,REAL_TIME_5_MIN,26.81,27.82,0.02,-1.03
2025-03-25T11:35:00-05:00,2025-03-25 16:35:00+00:00,2025-03-25T11:40:00-05:00,2025-03-25 16:40:00+00:00,LOUISIANA.HUB,REAL_TIME_5_MIN,24.03,23.35,1.5,-0.82
2025-03-25T11:40:00-05:00,2025-03-25 16:40:00+00:00,2025-03-25T11:45:00-05:00,2025-03-25 16:45:00+00:00,LOUISIANA.HUB,REAL_TIME_5_MIN,24.9,24.07,1.61,-0.78
2025-03-25T11:45:00-05:00,2025-03-25 16:45:00+00:00,2025-03-25T11:50:00-05:00,2025-03-25 16:50:00+00:00,LOUISIANA.HUB,REAL_TIME_5_MIN,24.83,23.61,1.9,-0.68
2025-03-25T11:50:00-05:00,2025-03-25 16:50:00+00:00,2025-03-25T11:55:00-05:00,2025-03-25 16:55:00+00:00,LOUISIANA.HUB,REAL_TIME_5_MIN,29.22,29.91,0.18,-0.87
2025-03-25T11:55:00-05:00,2025-03-25 16:55:00+00:00,2025-03-25T12:00:00-05:00,2025-03-25 17:00:00+00:00,LOUISIANA.HUB,REAL_TIME_5_MIN,25.56,26.12,0.24,-0.8
2025-03-25T12:00:00-05:00,2025-03-25 17:00:00+00:00,2025-03-25T12:05:00-05:00,2025-03-25 17:05:00+00:00,LOUISIANA.HUB,REAL_TIME_5_MIN,31.26,35.650000000000006,-3.31,-1.08
2025-03-25T12:05:00-05:00,2025-03-25 17:05:00+00:00,2025-03-25T12:10:00-05:00,2025-03-25 17:10:00+00:00,LOUISIANA.HUB,REAL_TIME_5_MIN,28.16,30.63,-1.59,-0.88
2025-03-25T12:10:00-05:00,2025-03-25 17:10:00+00:00,2025-03-25T12:15:00-05:00,2025-03-25 17:15:00+00:00,LOUISIANA.HUB,REAL_TIME_5_MIN,31.31,26.4,5.56,-0.65
2025-03-25T12:15:00-05:00,2025-03-25 17:15:00+00:00,2025-03-25T12:20:00-05:00,2025-03-25 17:20:00+00:00,LOUISIANA.HUB,REAL_TIME_5_MIN,27.23,25.06,2.64,-0.47
2025-03-25T12:20:00-05:00,2025-03-25 17:20:00+00:00,2025-03-25T12:25:00-05:00,2025-03-25 17:25:00+00:00,LOUISIANA.HUB,REAL_TIME_5_MIN,26.86,25.41,1.99,-0.54
2025-03-25T12:25:00-05:00,2025-03-25 17:25:00+00:00,2025-03-25T12:30:00-05:00,2025-03-25 17:30:00+00:00,LOUISIANA.HUB,REAL_TIME_5_MIN,30.16,25.6,5.04,-0.48
2025-03-25T12:30:00-05:00,2025-03-25 17:30:00+00:00,2025-03-25T12:35:00-05:00,2025-03-25 17:35:00+00:00,LOUISIANA.HUB,REAL_TIME_5_MIN,28.83,25.59,3.66,-0.42
2025-03-25T12:35:00-05:00,2025-03-25 17:35:00+00:00,2025-03-25T12:40:00-05:00,2025-03-25 17:40:00+00:00,LOUISIANA.HUB,REAL_TIME_5_MIN,28.25,25.380000000000003,3.26,-0.39
2025-03-25T12:40:00-05:00,2025-03-25 17:40:00+00:00,2025-03-25T12:45:00-05:00,2025-03-25 17:45:00+00:00,LOUISIANA.HUB,REAL_TIME_5_MIN,25.19,25.51,0.16,-0.48
2025-03-25T12:45:00-05:00,2025-03-25 17:45:00+00:00,2025-03-25T12:50:00-05:00,2025-03-25 17:50:00+00:00,LOUISIANA.HUB,REAL_TIME_5_MIN,25.15,25.43,0.16,-0.44
2025-03-25T12:50:00-05:00,2025-03-25 17:50:00+00:00,2025-03-25T12:55:00-05:00,2025-03-25 17:55:00+00:00,LOUISIANA.HUB,REAL_TIME_5_MIN,34.97,35.28,0.3,-0.61
2025-03-25T12:55:00-05:00,2025-03-25 17:55:00+00:00,2025-03-25T13:00:00-05:00,2025-03-25 18:00:00+00:00,LOUISIANA.HUB,REAL_TIME_5_MIN,22.87,23.14,0.01,-0.28
2025-03-25T13:00:00-05:00,2025-03-25 18:00:00+00:00,2025-03-25T13:05:00-05:00,2025-03-25 18:05:00+00:00,LOUISIANA.HUB,REAL_TIME_5_MIN,25.89,26.220000000000002,0.11,-0.44
2025-03-25T13:05:00-05:00,2025-03-25 18:05:00+00:00,2025-03-25T13:10:00-05:00,2025-03-25 18:10:00+00:00,LOUISIANA.HUB,REAL_TIME_5_MIN,26.59,24.959999999999997,1.85,-0.22
2025-03-25T13:10:00-05:00,2025-03-25 18:10:00+00:00,2025-03-25T13:15:00-05:00,2025-03-25 18:15:00+00:00,LOUISIANA.HUB,REAL_TIME_5_MIN,30.52,30.48,0.23,-0.19
2025-03-25T13:15:00-05:00,2025-03-25 18:15:00+00:00,2025-03-25T13:20:00-05:00,2025-03-25 18:20:00+00:00,LOUISIANA.HUB,REAL_TIME_5_MIN,26.43,26.39,0.18,-0.14
2025-03-25T13:20:00-05:00,2025-03-25 18:20:00+00:00,2025-03-25T13:25:00-05:00,2025-03-25 18:25:00+00:00,LOUISIANA.HUB,REAL_TIME_5_MIN,32.97,32.25,0.92,-0.2
2025-03-25T13:25:00-05:00,2025-03-25 18:25:00+00:00,2025-03-25T13:30:00-05:00,2025-03-25 18:30:00+00:00,LOUISIANA.HUB,REAL_TIME_5_MIN,27.28,26.090000000000003,1.29,-0.1
2025-03-25T13:30:00-05:00,2025-03-25 18:30:00+00:00,2025-03-25T13:35:00-05:00,2025-03-25 18:35:00+00:00,LOUISIANA.HUB,REAL_TIME_5_MIN,25.19,25.16,0.16,-0.13
2025-03-25T13:35:00-05:00,2025-03-25 18:35:00+00:00,2025-03-25T13:40:00-05:00,2025-03-25 18:40:00+00:00,LOUISIANA.HUB,REAL_TIME_5_MIN,25.59,25.73,0.02,-0.16
2025-03-25T13:40:00-05:00,2025-03-25 18:40:00+00:00,2025-03-25T13:45:00-05:00,2025-03-25 18:45:00+00:00,LOUISIANA.HUB,REAL_TIME_5_MIN,24.52,24.54,0.03,-0.05
2025-03-25T13:45:00-05:00,2025-03-25 18:45:00+00:00,2025-03-25T13:50:00-05:00,2025-03-25 18:50:00+00:00,LOUISIANA.HUB,REAL_TIME_5_MIN,25.02,25.2,0.03,-0.21
2025-03-25T13:50:00-05:00,2025-03-25 18:50:00+00:00,2025-03-25T13:55:00-05:00,2025-03-25 18:55:00+00:00,LOUISIANA.HUB,REAL_TIME_5_MIN,25.42,25.51,0.01,-0.1
2025-03-25T13:55:00-05:00,2025-03-25 18:55:00+00:00,2025-03-25T14:00:00-05:00,2025-03-25 19:00:00+00:00,LOUISIANA.HUB,REAL_TIME_5_MIN,25.5,25.61,0.02,-0.13
2025-03-25T14:00:00-05:00,2025-03-25 19:00:00+00:00,2025-03-25T14:05:00-05:00,2025-03-25 19:05:00+00:00,LOUISIANA.HUB,REAL_TIME_5_MIN,26.69,26.7,0.01,-0.02
2025-03-25T14:05:00-05:00,2025-03-25 19:05:00+00:00,2025-03-25T14:10:00-05:00,2025-03-25 19:10:00+00:00,LOUISIANA.HUB,REAL_TIME_5_MIN,26.19,26.12,0.02,0.05
2025-03-25T14:10:00-05:00,2025-03-25 19:10:00+00:00,2025-03-25T14:15:00-05:00,2025-03-25 19:15:00+00:00,LOUISIANA.HUB,REAL_TIME_5_MIN,25.56,25.49,0.01,0.06
2025-03-25T14:15:00-05:00,2025-03-25 19:15:00+00:00,2025-03-25T14:20:00-05:00,2025-03-25 19:20:00+00:00,LOUISIANA.HUB,REAL_TIME_5_MIN,25.39,25.41,0.01,-0.03
2025-03-25T14:20:00-05:00,2025-03-25 19:20:00+00:00,2025-03-25T14:25:00-05:00,2025-03-25 19:25:00+00:00,LOUISIANA.HUB,REAL_TIME_5_MIN,27.01,26.98,0.01,0.02
2025-03-25T14:25:00-05:00,2025-03-25 19:25:00+00:00,2025-03-25T14:30:00-05:00,2025-03-25 19:30:00+00:00,LOUISIANA.HUB,REAL_TIME_5_MIN,26.53,26.470000000000002,0.15,-0.09
2025-03-25T14:30:00-05:00,2025-03-25 19:30:00+00:00,2025-03-25T14:35:00-05:00,2025-03-25 19:35:00+00:00,LOUISIANA.HUB,REAL_TIME_5_MIN,28.7,28.470000000000002,0.15,0.08
2025-03-25T14:35:00-05:00,2025-03-25 19:35:00+00:00,2025-03-25T14:40:00-05:00,2025-03-25 19:40:00+00:00,LOUISIANA.HUB,REAL_TIME_5_MIN,26.1,25.77,0.1,0.23
2025-03-25T14:40:00-05:00,2025-03-25 19:40:00+00:00,2025-03-25T14:45:00-05:00,2025-03-25 19:45:00+00:00,LOUISIANA.HUB,REAL_TIME_5_MIN,26.56,26.21,0.04,0.31
2025-03-25T14:45:00-05:00,2025-03-25 19:45:00+00:00,2025-03-25T14:50:00-05:00,2025-03-25 19:50:00+00:00,LOUISIANA.HUB,REAL_TIME_5_MIN,26.74,26.4,0.04,0.3
2025-03-25T14:50:00-05:00,2025-03-25 19:50:00+00:00,2025-03-25T14:55:00-05:00,2025-03-25 19:55:00+00:00,LOUISIANA.HUB,REAL_TIME_5_MIN,25.71,25.34,0.02,0.35
2025-03-25T14:55:00-05:00,2025-03-25 19:55:00+00:00,2025-03-25T15:00:00-05:00,2025-03-25 20:00:00+00:00,LOUISIANA.HUB,REAL_TIME_5_MIN,25.32,24.95,0.05,0.32
2025-03-25T15:00:00-05:00,2025-03-25 20:00:00+00:00,2025-03-25T15:05:00-05:00,2025-03-25 20:05:00+00:00,LOUISIANA.HUB,REAL_TIME_5_MIN,25.83,25.49,0.02,0.32
2025-03-25T15:05:00-05:00,2025-03-25 20:05:00+00:00,2025-03-25T15:10:00-05:00,2025-03-25 20:10:00+00:00,LOUISIANA.HUB,REAL_TIME_5_MIN,26.07,25.740000000000002,0.04,0.29
2025-03-25T15:10:00-05:00,2025-03-25 20:10:00+00:00,2025-03-25T15:15:00-05:00,2025-03-25 20:15:00+00:00,LOUISIANA.HUB,REAL_TIME_5_MIN,26.42,25.91,0.14,0.37
2025-03-25T15:15:00-05:00,2025-03-25 20:15:00+00:00,2025-03-25T15:20:00-05:00,2025-03-25 20:20:00+00:00,LOUISIANA.HUB,REAL_TIME_5_MIN,26.34,25.41,0.61,0.32
2025-03-25T15:20:00-05:00,2025-03-25 20:20:00+00:00,2025-03-25T15:25:00-05:00,2025-03-25 20:25:00+00:00,LOUISIANA.HUB,REAL_TIME_5_MIN,26.27,25.02,0.86,0.39
2025-03-25T15:25:00-05:00,2025-03-25 20:25:00+00:00,2025-03-25T15:30:00-05:00,2025-03-25 20:30:00+00:00,LOUISIANA.HUB,REAL_TIME_5_MIN,26.02,25.08,0.48,0.46
2025-03-25T15:30:00-05:00,2025-03-25 20:30:00+00:00,2025-03-25T15:35:00-05:00,2025-03-25 20:35:00+00:00,LOUISIANA.HUB,REAL_TIME_5_MIN,28.38,26.18,1.71,0.49
2025-03-25T15:35:00-05:00,2025-03-25 20:35:00+00:00,2025-03-25T15:40:00-05:00,2025-03-25 20:40:00+00:00,LOUISIANA.HUB,REAL_TIME_5_MIN,27.33,25.08,1.71,0.54
2025-03-25T15:40:00-05:00,2025-03-25 20:40:00+00:00,2025-03-25T15:45:00-05:00,2025-03-25 20:45:00+00:00,LOUISIANA.HUB,REAL_TIME_5_MIN,28.42,25.59,2.23,0.6
2025-03-25T15:45:00-05:00,2025-03-25 20:45:00+00:00,2025-03-25T15:50:00-05:00,2025-03-25 20:50:00+00:00,LOUISIANA.HUB,REAL_TIME_5_MIN,27.25,25.5,1.29,0.46
2025-03-25T15:50:00-05:00,2025-03-25 20:50:00+00:00,2025-03-25T15:55:00-05:00,2025-03-25 20:55:00+00:00,LOUISIANA.HUB,REAL_TIME_5_MIN,36.07,30.949999999999996,4.42,0.7
2025-03-25T15:55:00-05:00,2025-03-25 20:55:00+00:00,2025-03-25T16:00:00-05:00,2025-03-25 21:00:00+00:00,LOUISIANA.HUB,REAL_TIME_5_MIN,28.45,25.529999999999998,2.37,0.55
2025-03-25T16:00:00-05:00,2025-03-25 21:00:00+00:00,2025-03-25T16:05:00-05:00,2025-03-25 21:05:00+00:00,LOUISIANA.HUB,REAL_TIME_5_MIN,30.67,27.8,2.37,0.5
2025-03-25T16:05:00-05:00,2025-03-25 21:05:00+00:00,2025-03-25T16:10:00-05:00,2025-03-25 21:10:00+00:00,LOUISIANA.HUB,REAL_TIME_5_MIN,29.97,26.65,2.82,0.5
2025-03-25T16:10:00-05:00,2025-03-25 21:10:00+00:00,2025-03-25T16:15:00-05:00,2025-03-25 21:15:00+00:00,LOUISIANA.HUB,REAL_TIME_5_MIN,28.93,26.349999999999998,2.03,0.55
2025-03-25T16:15:00-05:00,2025-03-25 21:15:00+00:00,2025-03-25T16:20:00-05:00,2025-03-25 21:20:00+00:00,LOUISIANA.HUB,REAL_TIME_5_MIN,29.71,26.78,2.31,0.62
2025-03-25T16:20:00-05:00,2025-03-25 21:20:00+00:00,2025-03-25T16:25:00-05:00,2025-03-25 21:25:00+00:00,LOUISIANA.HUB,REAL_TIME_5_MIN,27.24,24.74,1.85,0.65
2025-03-25T16:25:00-05:00,2025-03-25 21:25:00+00:00,2025-03-25T16:30:00-05:00,2025-03-25 21:30:00+00:00,LOUISIANA.HUB,REAL_TIME_5_MIN,30.97,27.61,2.86,0.5
2025-03-25T16:30:00-05:00,2025-03-25 21:30:00+00:00,2025-03-25T16:35:00-05:00,2025-03-25 21:35:00+00:00,LOUISIANA.HUB,REAL_TIME_5_MIN,31.09,23.79,6.77,0.53
2025-03-25T16:35:00-05:00,2025-03-25 21:35:00+00:00,2025-03-25T16:40:00-05:00,2025-03-25 21:40:00+00:00,LOUISIANA.HUB,REAL_TIME_5_MIN,32.2,21.85,9.78,0.57
2025-03-25T16:40:00-05:00,2025-03-25 21:40:00+00:00,2025-03-25T16:45:00-05:00,2025-03-25 21:45:00+00:00,LOUISIANA.HUB,REAL_TIME_5_MIN,36.47,28.72,7.14,0.61
2025-03-25T16:45:00-05:00,2025-03-25 21:45:00+00:00,2025-03-25T16:50:00-05:00,2025-03-25 21:50:00+00:00,LOUISIANA.HUB,REAL_TIME_5_MIN,33.16,29.049999999999997,3.72,0.39
2025-03-25T16:50:00-05:00,2025-03-25 21:50:00+00:00,2025-03-25T16:55:00-05:00,2025-03-25 21:55:00+00:00,LOUISIANA.HUB,REAL_TIME_5_MIN,33.34,25.660000000000004,7.43,0.25
2025-03-25T16:55:00-05:00,2025-03-25 21:55:00+00:00,2025-03-25T17:00:00-05:00,2025-03-25 22:00:00+00:00,LOUISIANA.HUB,REAL_TIME_5_MIN,33.72,27.119999999999997,6.25,0.35
2025-03-25T17:00:00-05:00,2025-03-25 22:00:00+00:00,2025-03-25T17:05:00-05:00,2025-03-25 22:05:00+00:00,LOUISIANA.HUB,REAL_TIME_5_MIN,28.74,24.939999999999998,3.55,0.25
2025-03-25T17:05:00-05:00,2025-03-25 22:05:00+00:00,2025-03-25T17:10:00-05:00,2025-03-25 22:10:00+00:00,LOUISIANA.HUB,REAL_TIME_5_MIN,26.85,23.21,3.36,0.28
2025-03-25T17:10:00-05:00,2025-03-25 22:10:00+00:00,2025-03-25T17:15:00-05:00,2025-03-25 22:15:00+00:00,LOUISIANA.HUB,REAL_TIME_5_MIN,26.8,25.09,1.16,0.55
2025-03-25T17:15:00-05:00,2025-03-25 22:15:00+00:00,2025-03-25T17:20:00-05:00,2025-03-25 22:20:00+00:00,LOUISIANA.HUB,REAL_TIME_5_MIN,35.25,30.699999999999996,3.67,0.88
2025-03-25T17:20:00-05:00,2025-03-25 22:20:00+00:00,2025-03-25T17:25:00-05:00,2025-03-25 22:25:00+00:00,LOUISIANA.HUB,REAL_TIME_5_MIN,32.86,28.15,3.73,0.98
2025-03-25T17:25:00-05:00,2025-03-25 22:25:00+00:00,2025-03-25T17:30:00-05:00,2025-03-25 22:30:00+00:00,LOUISIANA.HUB,REAL_TIME_5_MIN,45.52,35.95,8.62,0.95
2025-03-25T17:30:00-05:00,2025-03-25 22:30:00+00:00,2025-03-25T17:35:00-05:00,2025-03-25 22:35:00+00:00,LOUISIANA.HUB,REAL_TIME_5_MIN,33.34,28.71,4.0,0.63
2025-03-25T17:35:00-05:00,2025-03-25 22:35:00+00:00,2025-03-25T17:40:00-05:00,2025-03-25 22:40:00+00:00,LOUISIANA.HUB,REAL_TIME_5_MIN,35.01,30.659999999999997,3.79,0.56
2025-03-25T17:40:00-05:00,2025-03-25 22:40:00+00:00,2025-03-25T17:45:00-05:00,2025-03-25 22:45:00+00:00,LOUISIANA.HUB,REAL_TIME_5_MIN,36.95,32.49,3.87,0.59
2025-03-25T17:45:00-05:00,2025-03-25 22:45:00+00:00,2025-03-25T17:50:00-05:00,2025-03-25 22:50:00+00:00,LOUISIANA.HUB,REAL_TIME_5_MIN,34.52,30.100000000000005,3.73,0.69
2025-03-25T17:50:00-05:00,2025-03-25 22:50:00+00:00,2025-03-25T17:55:00-05:00,2025-03-25 22:55:00+00:00,LOUISIANA.HUB,REAL_TIME_5_MIN,34.04,28.04,5.25,0.75
2025-03-25T17:55:00-05:00,2025-03-25 22:55:00+00:00,2025-03-25T18:00:00-05:00,2025-03-25 23:00:00+00:00,LOUISIANA.HUB,REAL_TIME_5_MIN,31.91,27.13,3.96,0.82
2025-03-25T18:00:00-05:00,2025-03-25 23:00:00+00:00,2025-03-25T18:05:00-05:00,2025-03-25 23:05:00+00:00,LOUISIANA.HUB,REAL_TIME_5_MIN,32.86,26.03,6.1,0.73
2025-03-25T18:05:00-05:00,2025-03-25 23:05:00+00:00,2025-03-25T18:10:00-05:00,2025-03-25 23:10:00+00:00,LOUISIANA.HUB,REAL_TIME_5_MIN,33.34,25.070000000000007,7.54,0.73
2025-03-25T18:10:00-05:00,2025-03-25 23:10:00+00:00,2025-03-25T18:15:00-05:00,2025-03-25 23:15:00+00:00,LOUISIANA.HUB,REAL_TIME_5_MIN,34.16,27.729999999999997,5.74,0.69
2025-03-25T18:15:00-05:00,2025-03-25 23:15:00+00:00,2025-03-25T18:20:00-05:00,2025-03-25 23:20:00+00:00,LOUISIANA.HUB,REAL_TIME_5_MIN,33.81,28.090000000000007,5.06,0.66
2025-03-25T18:20:00-05:00,2025-03-25 23:20:00+00:00,2025-03-25T18:25:00-05:00,2025-03-25 23:25:00+00:00,LOUISIANA.HUB,REAL_TIME_5_MIN,39.19,32.74999999999999,5.74,0.7
2025-03-25T18:25:00-05:00,2025-03-25 23:25:00+00:00,2025-03-25T18:30:00-05:00,2025-03-25 23:30:00+00:00,LOUISIANA.HUB,REAL_TIME_5_MIN,57.5,44.64,11.7,1.16
2025-03-25T18:30:00-05:00,2025-03-25 23:30:00+00:00,2025-03-25T18:35:00-05:00,2025-03-25 23:35:00+00:00,LOUISIANA.HUB,REAL_TIME_5_MIN,42.15,36.04,5.15,0.96
2025-03-25T18:35:00-05:00,2025-03-25 23:35:00+00:00,2025-03-25T18:40:00-05:00,2025-03-25 23:40:00+00:00,LOUISIANA.HUB,REAL_TIME_5_MIN,61.63,50.32000000000001,10.19,1.12
2025-03-25T18:40:00-05:00,2025-03-25 23:40:00+00:00,2025-03-25T18:45:00-05:00,2025-03-25 23:45:00+00:00,LOUISIANA.HUB,REAL_TIME_5_MIN,97.36,85.64,9.78,1.94
2025-03-25T18:45:00-05:00,2025-03-25 23:45:00+00:00,2025-03-25T18:50:00-05:00,2025-03-25 23:50:00+00:00,LOUISIANA.HUB,REAL_TIME_5_MIN,46.97,41.58,4.64,0.75
2025-03-25T18:50:00-05:00,2025-03-25 23:50:00+00:00,2025-03-25T18:55:00-05:00,2025-03-25 23:55:00+00:00,LOUISIANA.HUB,REAL_TIME_5_MIN,42.33,39.35,2.54,0.44
2025-03-25T18:55:00-05:00,2025-03-25 23:55:00+00:00,2025-03-25T19:00:00-05:00,2025-03-26 00:00:00+00:00,LOUISIANA.HUB,REAL_TIME_5_MIN,42.83,39.43,2.98,0.42
2025-03-25T19:00:00-05:00,2025-03-26 00:00:00+00:00,2025-03-25T19:05:00-05:00,2025-03-26 00:05:00+00:00,LOUISIANA.HUB,REAL_TIME_5_MIN,39.22,36.870000000000005,1.98,0.37
2025-03-25T19:05:00-05:00,2025-03-26 00:05:00+00:00,2025-03-25T19:10:00-05:00,2025-03-26 00:10:00+00:00,LOUISIANA.HUB,REAL_TIME_5_MIN,43.89,40.35,3.18,0.36
2025-03-25T19:10:00-05:00,2025-03-26 00:10:00+00:00,2025-03-25T19:15:00-05:00,2025-03-26 00:15:00+00:00,LOUISIANA.HUB,REAL_TIME_5_MIN,48.02,43.38,4.24,0.4
2025-03-25T19:15:00-05:00,2025-03-26 00:15:00+00:00,2025-03-25T19:20:00-05:00,2025-03-26 00:20:00+00:00,LOUISIANA.HUB,REAL_TIME_5_MIN,41.28,39.74,1.28,0.26
2025-03-25T19:20:00-05:00,2025-03-26 00:20:00+00:00,2025-03-25T19:25:00-05:00,2025-03-26 00:25:00+00:00,LOUISIANA.HUB,REAL_TIME_5_MIN,72.43,72.14,0.0,0.29
2025-03-25T19:25:00-05:00,2025-03-26 00:25:00+00:00,2025-03-25T19:30:00-05:00,2025-03-26 00:30:00+00:00,LOUISIANA.HUB,REAL_TIME_5_MIN,83.83,83.26,0.0,0.57
2025-03-25T19:30:00-05:00,2025-03-26 00:30:00+00:00,2025-03-25T19:35:00-05:00,2025-03-26 00:35:00+00:00,LOUISIANA.HUB,REAL_TIME_5_MIN,46.6,43.300000000000004,3.22,0.08
2025-03-25T19:35:00-05:00,2025-03-26 00:35:00+00:00,2025-03-25T19:40:00-05:00,2025-03-26 00:40:00+00:00,LOUISIANA.HUB,REAL_TIME_5_MIN,46.59,43.120000000000005,3.49,-0.02
2025-03-25T19:40:00-05:00,2025-03-26 00:40:00+00:00,2025-03-25T19:45:00-05:00,2025-03-26 00:45:00+00:00,,,,,,
2025-03-25T19:45:00-05:00,2025-03-26 00:45:00+00:00,2025-03-25T19:50:00-05:00,2025-03-26 00:50:00+00:00,LOUISIANA.HUB,REAL_TIME_5_MIN,48.26,44.38999999999999,3.67,0.2
2025-03-25T19:50:00-05:00,2025-03-26 00:50:00+00:00,2025-03-25T19:55:00-05:00,2025-03-26 00:55:00+00:00,LOUISIANA.HUB,REAL_TIME_5_MIN,45.18,45.06,0.0,0.12
2025-03-25T19:55:00-05:00,2025-03-26 00:55:00+00:00,2025-03-25T20:00:00-05:00,2025-03-26 01:00:00+00:00,LOUISIANA.HUB,REAL_TIME_5_MIN,39.91,39.73,0.0,0.18
2025-03-25T20:00:00-05:00,2025-03-26 01:00:00+00:00,2025-03-25T20:05:00-05:00,2025-03-26 01:05:00+00:00,LOUISIANA.HUB,REAL_TIME_5_MIN,38.52,38.400000000000006,0.0,0.12
2025-03-25T20:05:00-05:00,2025-03-26 01:05:00+00:00,2025-03-25T20:10:00-05:00,2025-03-26 01:10:00+00:00,LOUISIANA.HUB,REAL_TIME_5_MIN,42.29,39.3,2.7,0.29
2025-03-25T20:10:00-05:00,2025-03-26 01:10:00+00:00,2025-03-25T20:15:00-05:00,2025-03-26 01:15:00+00:00,LOUISIANA.HUB,REAL_TIME_5_MIN,46.41,42.81999999999999,3.31,0.28
2025-03-25T20:15:00-05:00,2025-03-26 01:15:00+00:00,2025-03-25T20:20:00-05:00,2025-03-26 01:20:00+00:00,LOUISIANA.HUB,REAL_TIME_5_MIN,46.04,41.48,4.04,0.52
2025-03-25T20:20:00-05:00,2025-03-26 01:20:00+00:00,2025-03-25T20:25:00-05:00,2025-03-26 01:25:00+00:00,LOUISIANA.HUB,REAL_TIME_5_MIN,38.65,38.08,0.21,0.36
2025-03-25T20:25:00-05:00,2025-03-26 01:25:00+00:00,2025-03-25T20:30:00-05:00,2025-03-26 01:30:00+00:00,LOUISIANA.HUB,REAL_TIME_5_MIN,34.68,34.58,0.0,0.1
2025-03-25T20:30:00-05:00,2025-03-26 01:30:00+00:00,2025-03-25T20:35:00-05:00,2025-03-26 01:35:00+00:00,LOUISIANA.HUB,REAL_TIME_5_MIN,34.68,34.47,0.0,0.21
2025-03-25T20:35:00-05:00,2025-03-26 01:35:00+00:00,2025-03-25T20:40:00-05:00,2025-03-26 01:40:00+00:00,LOUISIANA.HUB,REAL_TIME_5_MIN,43.16,38.7,4.05,0.41
2025-03-25T20:40:00-05:00,2025-03-26 01:40:00+00:00,2025-03-25T20:45:00-05:00,2025-03-26 01:45:00+00:00,LOUISIANA.HUB,REAL_TIME_5_MIN,41.08,37.43,3.14,0.51
2025-03-25T20:45:00-05:00,2025-03-26 01:45:00+00:00,2025-03-25T20:50:00-05:00,2025-03-26 01:50:00+00:00,LOUISIANA.HUB,REAL_TIME_5_MIN,36.59,34.120000000000005,2.04,0.43
2025-03-25T20:50:00-05:00,2025-03-26 01:50:00+00:00,2025-03-25T20:55:00-05:00,2025-03-26 01:55:00+00:00,LOUISIANA.HUB,REAL_TIME_5_MIN,34.22,33.129999999999995,0.81,0.28
2025-03-25T20:55:00-05:00,2025-03-26 01:55:00+00:00,2025-03-25T21:00:00-05:00,2025-03-26 02:00:00+00:00,LOUISIANA.HUB,REAL_TIME_5_MIN,33.71,33.52,0.0,0.19
2025-03-25T21:00:00-05:00,2025-03-26 02:00:00+00:00,2025-03-25T21:05:00-05:00,2025-03-26 02:05:00+00:00,LOUISIANA.HUB,REAL_TIME_5_MIN,34.57,32.59,1.61,0.37
2025-03-25T21:05:00-05:00,2025-03-26 02:05:00+00:00,2025-03-25T21:10:00-05:00,2025-03-26 02:10:00+00:00,LOUISIANA.HUB,REAL_TIME_5_MIN,37.68,35.24,1.96,0.48
2025-03-25T21:10:00-05:00,2025-03-26 02:10:00+00:00,2025-03-25T21:15:00-05:00,2025-03-26 02:15:00+00:00,LOUISIANA.HUB,REAL_TIME_5_MIN,40.94,38.14,2.36,0.44
2025-03-25T21:15:00-05:00,2025-03-26 02:15:00+00:00,2025-03-25T21:20:00-05:00,2025-03-26 02:20:00+00:00,LOUISIANA.HUB,REAL_TIME_5_MIN,39.28,36.88,2.0,0.4
2025-03-25T21:20:00-05:00,2025-03-26 02:20:00+00:00,2025-03-25T21:25:00-05:00,2025-03-26 02:25:00+00:00,LOUISIANA.HUB,REAL_TIME_5_MIN,34.36,32.49,1.55,0.32
2025-03-25T21:25:00-05:00,2025-03-26 02:25:00+00:00,2025-03-25T21:30:00-05:00,2025-03-26 02:30:00+00:00,LOUISIANA.HUB,REAL_TIME_5_MIN,38.07,34.730000000000004,3.04,0.3
2025-03-25T21:30:00-05:00,2025-03-26 02:30:00+00:00,2025-03-25T21:35:00-05:00,2025-03-26 02:35:00+00:00,LOUISIANA.HUB,REAL_TIME_5_MIN,35.48,33.35999999999999,1.74,0.38
2025-03-25T21:35:00-05:00,2025-03-26 02:35:00+00:00,2025-03-25T21:40:00-05:00,2025-03-26 02:40:00+00:00,LOUISIANA.HUB,REAL_TIME_5_MIN,38.53,38.14,0.07,0.32
2025-03-25T21:40:00-05:00,2025-03-26 02:40:00+00:00,2025-03-25T21:45:00-05:00,2025-03-26 02:45:00+00:00,LOUISIANA.HUB,REAL_TIME_5_MIN,38.45,38.300000000000004,-0.09,0.24
2025-03-25T21:45:00-05:00,2025-03-26 02:45:00+00:00,2025-03-25T21:50:00-05:00,2025-03-26 02:50:00+00:00,LOUISIANA.HUB,REAL_TIME_5_MIN,33.52,33.160000000000004,0.04,0.32
2025-03-25T21:50:00-05:00,2025-03-26 02:50:00+00:00,2025-03-25T21:55:00-05:00,2025-03-26 02:55:00+00:00,LOUISIANA.HUB,REAL_TIME_5_MIN,32.02,31.740000000000006,-0.05,0.33
2025-03-25T21:55:00-05:00,2025-03-26 02:55:00+00:00,2025-03-25T22:00:00-05:00,2025-03-26 03:00:00+00:00,LOUISIANA.HUB,REAL_TIME_5_MIN,28.64,28.34,-0.04,0.34
2025-03-25T22:00:00-05:00,2025-03-26 03:00:00+00:00,2025-03-25T22:05:00-05:00,2025-03-26 03:05:00+00:00,LOUISIANA.HUB,REAL_TIME_5_MIN,35.25,35.0,-0.07,0.32
2025-03-25T22:05:00-05:00,2025-03-26 03:05:00+00:00,2025-03-25T22:10:00-05:00,2025-03-26 03:10:00+00:00,LOUISIANA.HUB,REAL_TIME_5_MIN,45.7,45.53,-0.12,0.29
2025-03-25T22:10:00-05:00,2025-03-26 03:10:00+00:00,2025-03-25T22:15:00-05:00,2025-03-26 03:15:00+00:00,LOUISIANA.HUB,REAL_TIME_5_MIN,33.95,33.9,-0.05,0.1
2025-03-25T22:15:00-05:00,2025-03-26 03:15:00+00:00,2025-03-25T22:20:00-05:00,2025-03-26 03:20:00+00:00,LOUISIANA.HUB,REAL_TIME_5_MIN,33.82,34.14,-0.07,-0.25
2025-03-25T22:20:00-05:00,2025-03-26 03:20:00+00:00,2025-03-25T22:25:00-05:00,2025-03-26 03:25:00+00:00,LOUISIANA.HUB,REAL_TIME_5_MIN,36.1,36.28000000000001,-0.09,-0.09
2025-03-25T22:25:00-05:00,2025-03-26 03:25:00+00:00,2025-03-25T22:30:00-05:00,2025-03-26 03:30:00+00:00,LOUISIANA.HUB,REAL_TIME_5_MIN,41.13,41.24,-0.13,0.02
2025-03-25T22:30:00-05:00,2025-03-26 03:30:00+00:00,2025-03-25T22:35:00-05:00,2025-03-26 03:35:00+00:00,LOUISIANA.HUB,REAL_TIME_5_MIN,46.21,46.540000000000006,-0.13,-0.2
2025-03-25T22:35:00-05:00,2025-03-26 03:35:00+00:00,2025-03-25T22:40:00-05:00,2025-03-26 03:40:00+00:00,LOUISIANA.HUB,REAL_TIME_5_MIN,43.94,44.53,-0.13,-0.46
2025-03-25T22:40:00-05:00,2025-03-26 03:40:00+00:00,2025-03-25T22:45:00-05:00,2025-03-26 03:45:00+00:00,LOUISIANA.HUB,REAL_TIME_5_MIN,42.97,43.73,-0.12,-0.64
2025-03-25T22:45:00-05:00,2025-03-26 03:45:00+00:00,2025-03-25T22:50:00-05:00,2025-03-26 03:50:00+00:00,LOUISIANA.HUB,REAL_TIME_5_MIN,42.67,43.6,-0.13,-0.8
2025-03-25T22:50:00-05:00,2025-03-26 03:50:00+00:00,2025-03-25T22:55:00-05:00,2025-03-26 03:55:00+00:00,LOUISIANA.HUB,REAL_TIME_5_MIN,44.62,45.5,-0.13,-0.75
2025-03-25T22:55:00-05:00,2025-03-26 03:55:00+00:00,2025-03-25T23:00:00-05:00,2025-03-26 04:00:00+00:00,LOUISIANA.HUB,REAL_TIME_5_MIN,42.53,43.59,-0.13,-0.93
2025-03-25T23:00:00-05:00,2025-03-26 04:00:00+00:00,2025-03-25T23:05:00-05:00,2025-03-26 04:05:00+00:00,LOUISIANA.HUB,REAL_TIME_5_MIN,38.36,39.24,-0.1,-0.78
2025-03-25T23:05:00-05:00,2025-03-26 04:05:00+00:00,2025-03-25T23:10:00-05:00,2025-03-26 04:10:00+00:00,LOUISIANA.HUB,REAL_TIME_5_MIN,41.64,42.72,-0.1,-0.98
2025-03-25T23:10:00-05:00,2025-03-26 04:10:00+00:00,2025-03-25T23:15:00-05:00,2025-03-26 04:15:00+00:00,LOUISIANA.HUB,REAL_TIME_5_MIN,30.96,31.8,-0.01,-0.83
2025-03-25T23:15:00-05:00,2025-03-26 04:15:00+00:00,2025-03-25T23:20:00-05:00,2025-03-26 04:20:00+00:00,LOUISIANA.HUB,REAL_TIME_5_MIN,32.26,33.12,0.0,-0.86
2025-03-25T23:20:00-05:00,2025-03-26 04:20:00+00:00,2025-03-25T23:25:00-05:00,2025-03-26 04:25:00+00:00,LOUISIANA.HUB,REAL_TIME_5_MIN,37.2,38.34,-0.05,-1.09
2025-03-25T23:25:00-05:00,2025-03-26 04:25:00+00:00,2025-03-25T23:30:00-05:00,2025-03-26 04:30:00+00:00,LOUISIANA.HUB,REAL_TIME_5_MIN,40.49,41.68000000000001,-0.09,-1.1
2025-03-25T23:30:00-05:00,2025-03-26 04:30:00+00:00,2025-03-25T23:35:00-05:00,2025-03-26 04:35:00+00:00,LOUISIANA.HUB,REAL_TIME_5_MIN,38.37,39.38999999999999,-0.08,-0.94
2025-03-25T23:35:00-05:00,2025-03-26 04:35:00+00:00,2025-03-25T23:40:00-05:00,2025-03-26 04:40:00+00:00,LOUISIANA.HUB,REAL_TIME_5_MIN,28.76,29.48,0.0,-0.72
2025-03-25T23:40:00-05:00,2025-03-26 04:40:00+00:00,2025-03-25T23:45:00-05:00,2025-03-26 04:45:00+00:00,LOUISIANA.HUB,REAL_TIME_5_MIN,29.65,30.45,0.0,-0.8
2025-03-25T23:45:00-05:00,2025-03-26 04:45:00+00:00,2025-03-25T23:50:00-05:00,2025-03-26 04:50:00+00:00,LOUISIANA.HUB,REAL_TIME_5_MIN,30.15,30.83,0.0,-0.68
2025-03-25T23:50:00-05:00,2025-03-26 04:50:00+00:00,2025-03-25T23:55:00-05:00,2025-03-26 04:55:00+00:00,LOUISIANA.HUB,REAL_TIME_5_MIN,30.84,31.55,0.0,-0.71
2025-03-25T23:55:00-05:00,2025-03-26 04:55:00+00:00,2025-03-26T00:00:00-05:00,2025-03-26 05:00:00+00:00,LOUISIANA.HUB,REAL_TIME_5_MIN,31.6,32.370000000000005,-0.02,-0.75
